{"type":"FeatureCollection","features":[{"type":"Feature","properties":{},"geometry":{"type":"MultiLineString","coordinates":[[[28.6346,60.6014],[28.5995,60.5766],[28.5755,60.5804],[28.5617,60.5945],[28.5567,60.612],[28.561,60.6295],[28.5755,60.6431],[28.5887,60.6463],[28.6045,60.645],[28.6178,60.6392],[28.6234,60.6285],[28.631,60.6176],[28.6346,60.6014]],[[14.8724,68.2227],[14.8971,68.2436],[14.9531,68.2774],[14.9401,68.3022],[14.8867,68.3008],[14.8177,68.2683],[14.7956,68.2462],[14.8138,68.2318],[14.8438,68.2266],[14.8724,68.2227]],[[14.1992,68.3152],[14.1693,68.3217],[14.1471,68.3347],[14.1172,68.3373],[14.0664,68.3321],[14.0794,68.3152],[14.0404,68.3126],[14.0586,68.2969],[14.1068,68.2956],[14.1458,68.2956],[14.138,68.2852],[14.1432,68.2735],[14.1628,68.2631],[14.2005,68.2488],[14.2422,68.2566],[14.2682,68.2826],[14.2409,68.3139],[14.1992,68.3152]],[[14.0278,68.2626],[13.9935,68.2579],[13.9675,68.2696],[14.0078,68.2943],[13.9831,68.3373],[13.9193,68.3412],[13.8737,68.3256],[13.8464,68.3022],[13.8284,68.2906],[13.8197,68.2877],[13.8081,68.2742],[13.8008,68.2695],[13.7912,68.2681],[13.7708,68.28],[13.75,68.2826],[13.7344,68.2787],[13.715,68.2746],[13.7013,68.2788],[13.6864,68.2878],[13.6779,68.2906],[13.6657,68.2908],[13.6367,68.2943],[13.5,68.2423],[13.5654,68.2377],[13.5823,68.2359],[13.5969,68.2314],[13.6159,68.2266],[13.5716,68.2175],[13.5156,68.2097],[13.4793,68.1869],[13.5166,68.1791],[13.5276,68.1733],[13.4793,68.1671],[13.4949,68.1607],[13.5033,68.1593],[13.5134,68.1596],[13.5086,68.1501],[13.5007,68.144],[13.4907,68.1406],[13.4793,68.1397],[13.4793,68.1323],[13.5099,68.1367],[13.563,68.1642],[13.5891,68.1596],[13.4857,68.1068],[13.4567,68.071],[13.5129,68.0405],[13.5272,68.0434],[13.5383,68.0549],[13.5474,68.0709],[13.5503,68.0697],[13.5591,68.075],[13.5648,68.0818],[13.5584,68.0851],[13.5527,68.0867],[13.5474,68.0908],[13.543,68.0961],[13.5413,68.1015],[13.5588,68.1196],[13.5949,68.1206],[13.6247,68.1079],[13.6232,68.0851],[13.6305,68.0837],[13.6438,68.0791],[13.6511,68.0776],[13.6437,68.0709],[13.6648,68.0714],[13.6821,68.0697],[13.699,68.0703],[13.7188,68.0776],[13.7108,68.0814],[13.7061,68.0859],[13.6983,68.0981],[13.7083,68.1065],[13.7137,68.1157],[13.7227,68.123],[13.7427,68.126],[13.7495,68.1233],[13.7547,68.1098],[13.7603,68.105],[13.7741,68.102],[13.8257,68.1068],[13.8394,68.112],[13.846,68.1206],[13.8423,68.1323],[13.8247,68.1431],[13.7847,68.1469],[13.7741,68.1596],[13.842,68.1596],[13.8558,68.1627],[13.8639,68.1696],[13.8696,68.1768],[13.8763,68.1807],[13.8897,68.1787],[13.8999,68.1724],[13.9104,68.1677],[13.9248,68.1702],[13.9368,68.1749],[13.9478,68.1777],[14.034,68.1807],[14.0435,68.1835],[14.0511,68.1898],[14.062,68.2012],[14.1107,68.2071],[14.1589,68.2553],[14.125,68.2748],[14.0872,68.2826],[14.0278,68.2626]],[[14.763,68.4949],[14.8919,68.4949],[14.931,68.5066],[14.9311,68.5066],[14.9312,68.5067],[14.9315,68.5068],[14.9319,68.507],[14.9324,68.5072],[14.9329,68.5074],[14.9336,68.5077],[14.9343,68.508],[14.9351,68.5084],[14.936,68.5087],[14.937,68.5092],[14.938,68.5096],[14.9391,68.5101],[14.9403,68.5106],[14.9415,68.5111],[14.9428,68.5116],[14.9441,68.5122],[14.9454,68.5127],[14.9468,68.5133],[14.9482,68.5139],[14.9496,68.5145],[14.9511,68.5151],[14.9526,68.5157],[14.9541,68.5164],[14.9556,68.517],[14.9571,68.5176],[14.9586,68.5182],[14.9601,68.5189],[14.9616,68.5195],[14.9631,68.5201],[14.9645,68.5207],[14.966,68.5213],[14.9674,68.5218],[14.9688,68.5224],[14.9701,68.5229],[14.9714,68.5234],[14.9727,68.5239],[14.9739,68.5244],[14.9751,68.5248],[14.9762,68.5252],[14.9772,68.5256],[14.9782,68.526],[14.9791,68.5263],[14.9799,68.5266],[14.9807,68.5268],[14.9813,68.527],[14.9819,68.5272],[14.9824,68.5273],[14.9831,68.5274],[14.9831,68.5274],[14.9833,68.5274],[14.9836,68.5274],[14.9839,68.5275],[14.9842,68.5276],[14.9845,68.5276],[14.9848,68.5277],[14.9851,68.5278],[14.9855,68.5279],[14.9858,68.5281],[14.9862,68.5282],[14.9866,68.5284],[14.987,68.5285],[14.9874,68.5287],[14.9878,68.5289],[14.9882,68.5291],[14.9886,68.5293],[14.989,68.5295],[14.9894,68.5297],[14.9898,68.5299],[14.9903,68.5302],[14.9907,68.5304],[14.9911,68.5306],[14.9915,68.5309],[14.9919,68.5311],[14.9924,68.5313],[14.9928,68.5316],[14.9932,68.5318],[14.9936,68.532],[14.994,68.5322],[14.9943,68.5325],[14.9947,68.5327],[14.9951,68.5329],[14.9954,68.5331],[14.9957,68.5333],[14.9961,68.5335],[14.9964,68.5337],[14.9967,68.5339],[14.997,68.5341],[14.9972,68.5343],[14.9975,68.5344],[14.9977,68.5346],[14.9979,68.5347],[14.9981,68.5348],[14.9982,68.5349],[14.9984,68.535],[14.9985,68.5351],[14.9986,68.5351],[14.9987,68.5352],[14.9987,68.5352],[14.9987,68.5352],[14.9987,68.5352],[15.0,68.5548],[14.9323,68.5613],[14.8672,68.5691],[14.7878,68.5743],[14.7136,68.5769],[14.6693,68.5873],[14.6198,68.5704],[14.6042,68.5587],[14.6263,68.543],[14.6589,68.53],[14.7044,68.5131],[14.7175,68.491],[14.763,68.4949]],[[21.3601,56.9897],[21.3825,57.0089],[21.4016,57.0375],[21.4136,57.0732],[21.4148,57.1138],[21.4119,57.1245],[21.4011,57.1513],[21.4032,57.1621],[21.4126,57.1762],[21.4148,57.1849],[21.4126,57.2501],[21.4148,57.2709],[21.4214,57.2887],[21.4336,57.3065],[21.4495,57.32],[21.4666,57.3255],[21.4802,57.3336],[21.5178,57.3876],[21.5891,57.4388],[21.6992,57.5553],[21.7297,57.5738],[21.7717,57.5861],[21.9559,57.593],[21.9993,57.6003],[22.1945,57.6576],[22.4837,57.7425],[22.5261,57.7497],[22.5491,57.7506],[22.5603,57.7528],[22.5726,57.7568],[22.5858,57.7597],[22.6003,57.758],[22.6104,57.7546],[22.6101,57.7535],[22.605,57.751],[22.6003,57.7438],[22.5908,57.7061],[22.5872,57.665],[22.591,57.6448],[22.6008,57.6301],[22.6561,57.5858],[22.8789,57.4813],[22.9504,57.4328],[23.0314,57.3945],[23.0833,57.3782],[23.1175,57.3739],[23.1302,57.3708],[23.1331,57.363],[23.1336,57.3531],[23.138,57.3432],[23.1602,57.3186],[23.1646,57.3137],[23.1746,57.2973],[23.1824,57.2777],[23.1902,57.2425],[23.1987,57.2242],[23.2136,57.2163],[23.2224,57.207],[23.2505,57.1144],[23.2609,57.0989],[23.2749,57.0927],[23.2927,57.0889],[23.3401,57.0586],[23.4229,57.0402],[23.5086,57.0312],[23.5208,57.0256],[23.5697,56.9863]],[[23.8661,56.9902],[23.9269,57.0063],[23.9529,57.0133],[23.9912,57.0312],[24.0093,57.0456],[24.022,57.059],[24.0357,57.069],[24.0746,57.0749],[24.113,57.0887],[24.2108,57.1237],[24.2192,57.138],[24.2386,57.1496],[24.2612,57.1575],[24.2786,57.161],[24.2788,57.1718],[24.2887,57.1789],[24.3127,57.1883],[24.3792,57.2302],[24.4006,57.2581],[24.4089,57.2982],[24.4055,57.3445],[24.3816,57.4694],[24.3799,57.5065],[24.3752,57.5286],[24.3645,57.5384],[24.3586,57.5504],[24.363,57.5766],[24.3748,57.6135],[24.363,57.6723],[24.3577,57.6855],[24.3137,57.725],[24.2996,57.7438],[24.2996,57.7619],[24.2888,57.8089],[24.286,57.8326],[24.2888,57.8453],[24.2962,57.8574],[24.3062,57.8682],[24.3062,57.8682],[24.3167,57.8773],[24.3244,57.8868],[24.3279,57.8981],[24.3303,57.9101],[24.3338,57.9213],[24.3811,57.9838],[24.3983,58.0233],[24.4465,58.0545],[24.4641,58.0722],[24.4641,58.1206],[24.4714,58.1425],[24.4729,58.1547],[24.4675,58.1653],[24.4598,58.1745],[24.4551,58.1852],[24.4548,58.1964],[24.4675,58.2178],[24.4681,58.2288],[24.4676,58.2398],[24.471,58.2509],[24.4915,58.2657],[24.5215,58.2761],[24.5485,58.2893],[24.5604,58.3123],[24.551,58.3337],[24.5288,58.3507],[24.4442,58.3861],[24.4032,58.3953],[24.3618,58.3973],[24.327,58.3881],[24.3159,58.38],[24.3045,58.3681],[24.2957,58.355],[24.2922,58.3431],[24.2908,58.3275],[24.2869,58.3185],[24.2559,58.2895],[24.2433,58.2802],[24.2289,58.2741],[24.2108,58.2714],[24.1742,58.2768],[24.156,58.2768],[24.1389,58.268],[24.1209,58.2452],[24.1117,58.241],[24.0941,58.2447],[24.0835,58.2509],[24.0532,58.2783],[24.0071,58.3005],[23.9802,58.3184],[23.9138,58.3333],[23.8737,58.3352],[23.8547,58.3397],[23.8495,58.3428],[23.8384,58.3514],[23.8335,58.3539],[23.8245,58.3546],[23.8184,58.3518],[23.8128,58.3483],[23.8057,58.3465],[23.7966,58.3488],[23.7869,58.3531],[23.7771,58.355],[23.7681,58.3502],[23.7621,58.3444],[23.7556,58.34],[23.7485,58.3391],[23.741,58.3431],[23.7349,58.3514],[23.7293,58.3629],[23.7253,58.3749],[23.7236,58.3847],[23.7189,58.3996],[23.7075,58.4074],[23.6942,58.4132],[23.6834,58.4222],[23.6774,58.4352],[23.6775,58.4455],[23.6834,58.47],[23.6843,58.4997],[23.679,58.5242],[23.6638,58.5362],[23.6349,58.5284],[23.6224,58.5291],[23.6032,58.536],[23.5843,58.5449],[23.5735,58.5519],[23.5663,58.5659],[23.5651,58.5774],[23.5612,58.5832],[23.5462,58.5799],[23.5327,58.5703],[23.5248,58.5596],[23.5164,58.5546],[23.5015,58.5625],[23.4981,58.5722],[23.5044,58.583],[23.5135,58.5938],[23.5182,58.6037],[23.5125,58.6224],[23.501,58.6471],[23.4932,58.6734],[23.4977,58.6966],[23.5065,58.7054],[23.5148,58.7067],[23.5359,58.7028],[23.5432,58.7049],[23.5466,58.7096],[23.5462,58.7143],[23.53,58.7228],[23.5274,58.7362],[23.5331,58.7475],[23.5462,58.7477],[23.5845,58.7379],[23.6218,58.7414],[23.6589,58.7489],[23.697,58.7512],[23.7166,58.747],[23.7552,58.7336],[23.7718,58.7307],[23.8025,58.7307],[23.8054,58.7339],[23.8067,58.741],[23.8049,58.748],[23.7991,58.7512],[23.7834,58.7558],[23.7796,58.7664],[23.7855,58.778],[23.7995,58.7853],[23.8162,58.7846],[23.8552,58.7733],[23.8744,58.7717],[23.8474,58.7882],[23.8157,58.8],[23.7842,58.801],[23.7577,58.7853],[23.7395,58.798],[23.7191,58.7991],[23.6765,58.7922],[23.6034,58.7948],[23.5803,58.7922],[23.5603,58.7858],[23.5501,58.7809],[23.5427,58.7754],[23.5366,58.7745],[23.5049,58.7791],[23.4855,58.7773],[23.4295,58.7648],[23.4666,58.8007],[23.4857,58.8096],[23.5188,58.8126],[23.5261,58.8198],[23.4636,58.8642],[23.4551,58.883],[23.4224,58.9087],[23.422,58.9287],[23.4437,58.944],[23.5101,58.9416],[23.5319,58.9567],[23.5492,58.9508],[23.5669,58.9501],[23.5845,58.9536],[23.6167,58.9677],[23.6248,58.9726],[23.6277,58.9792],[23.6281,58.9914],[23.6216,59.0153],[23.6055,59.0327],[23.5835,59.0447],[23.5598,59.0528],[23.5723,59.0397],[23.6019,59.0245],[23.6144,59.0113],[23.606,59.0085],[23.5876,59.0075],[23.5803,59.0051],[23.5598,58.9914],[23.5584,58.9879],[23.5586,58.982],[23.553,58.9709],[23.5433,58.9699],[23.5371,58.9744],[23.532,58.9805],[23.5256,58.984],[23.4613,58.9924],[23.4348,59.0038],[23.4084,59.0256],[23.4152,59.025],[23.4295,59.0259],[23.4363,59.0256],[23.4292,59.0436],[23.4349,59.0561],[23.4803,59.0836],[23.4907,59.0883],[23.5012,59.0854],[23.5182,59.0733],[23.5194,59.125],[23.4862,59.1741],[23.4709,59.2121],[23.5256,59.2304],[23.5368,59.2297],[23.5578,59.2252],[23.5697,59.2242],[23.5785,59.2263],[23.5928,59.2357],[23.6155,59.2418],[23.6277,59.2501],[23.6419,59.2574],[23.6623,59.2583],[23.7155,59.2317],[23.7185,59.2314],[23.7305,59.2304],[23.7422,59.2394],[23.7429,59.2501],[23.736,59.2596],[23.7236,59.2651],[23.7349,59.2777],[23.7568,59.2836],[23.8454,59.2847],[23.8888,59.2788],[23.9356,59.2806],[23.9876,59.2909],[24.0386,59.2933],[24.0806,59.2713],[24.1001,59.2945],[24.0921,59.3126],[24.0282,59.3577],[24.0194,59.3673],[24.0222,59.3781],[24.0348,59.3887],[24.0482,59.3951],[24.063,59.3974],[24.0806,59.3955],[24.1087,59.3848],[24.1649,59.3541],[24.1939,59.3477],[24.2219,59.3552],[24.2134,59.3723],[24.1873,59.3907],[24.1631,59.4023],[24.1829,59.4088],[24.2713,59.4121],[24.3062,59.4191],[24.3177,59.431],[24.3296,59.4638],[24.3338,59.4706],[24.3997,59.4788],[24.4225,59.4774],[24.4421,59.4699],[24.4783,59.4484],[24.4983,59.4438],[24.5168,59.4482],[24.5324,59.4568],[24.5482,59.463],[24.5671,59.46],[24.6248,59.4389],[24.6426,59.4364],[24.6605,59.4406],[24.6566,59.4499],[24.6404,59.4591],[24.6218,59.4631],[24.6218,59.4706],[24.6481,59.4692],[24.6585,59.4721],[24.6628,59.4811],[24.6663,59.4921],[24.675,59.496],[24.6863,59.4951],[24.6975,59.491],[24.7156,59.4759],[24.7283,59.4586],[24.7444,59.4472],[24.7726,59.4501],[24.7842,59.4548],[24.7901,59.4589],[24.8132,59.484],[24.8158,59.4893],[24.8068,59.5047],[24.8003,59.5106],[24.7914,59.5147],[24.7835,59.5198],[24.7801,59.529],[24.78,59.5384],[24.779,59.5455],[24.7767,59.5522],[24.7726,59.56],[24.8035,59.5705],[24.8416,59.5544],[24.9092,59.5115],[24.9344,59.508],[25.0122,59.5184],[25.0358,59.5152],[25.0772,59.501],[25.0978,59.4979],[25.1165,59.5031],[25.1079,59.529],[25.1221,59.5395],[25.1455,59.5391],[25.1941,59.5226],[25.4077,59.491],[25.4094,59.491],[25.4024,59.5143],[25.4158,59.5271],[25.4401,59.5321],[25.5332,59.532],[25.5437,59.5351],[25.5433,59.5422],[25.5361,59.5493],[25.5257,59.5525],[25.4971,59.5709],[25.4819,59.6112],[25.4785,59.6515],[25.4849,59.6698],[25.5025,59.6623],[25.5353,59.629],[25.5537,59.6214],[25.575,59.6169],[25.5921,59.606],[25.6223,59.5805],[25.6445,59.5718],[25.6768,59.5661],[25.7059,59.5693],[25.7185,59.5876],[25.7108,59.6046],[25.6956,59.6159],[25.6848,59.6286],[25.6907,59.6494],[25.6843,59.6502],[25.6753,59.6541],[25.6707,59.6555],[25.6947,59.6709],[25.7254,59.6658],[25.7805,59.6357],[25.7731,59.6282],[25.7854,59.6155],[25.7937,59.5912],[25.8074,59.5805],[25.8262,59.5753],[25.8369,59.5765],[25.8445,59.5773],[25.8613,59.5861],[25.8762,59.6009],[25.8688,59.6077],[25.8831,59.6313],[25.9045,59.624],[25.9269,59.6053],[25.9445,59.5947],[25.965,59.5973],[25.9671,59.6038],[25.9627,59.6125],[25.9644,59.6214],[25.9769,59.6313],[25.9885,59.6343],[26.0018,59.6326],[26.0364,59.6232],[26.0745,59.6043],[26.0784,59.6003],[26.0803,59.5947],[26.0817,59.5873],[26.091,59.5856],[26.28,59.5873],[26.2993,59.5842],[26.3401,59.5705],[26.4017,59.5631],[26.4577,59.5459],[26.4978,59.54],[26.5199,59.5395],[26.5365,59.5427],[26.5703,59.5568],[26.5847,59.56],[26.6263,59.5581],[26.6651,59.5519],[26.7023,59.5414],[26.739,59.5258],[26.7809,59.5025],[26.8269,59.477],[26.8757,59.4677],[26.9175,59.4542],[26.9377,59.4501],[27.1162,59.442],[27.2751,59.447],[27.409,59.4519],[27.5632,59.4321],[27.7171,59.4272],[27.8733,59.4076],[27.9147,59.4145],[27.9535,59.4282],[27.9832,59.447],[28.0191,59.4818],[28.0553,59.5279],[28.0726,59.578],[28.0518,59.6248],[28.0159,59.6597],[28.0002,59.6814],[27.9934,59.7033],[27.9954,59.7155],[28.0049,59.7431],[28.007,59.7582],[28.0586,59.7896],[28.0869,59.7994],[28.1239,59.7923],[28.1598,59.7761],[28.1852,59.7586],[28.1997,59.7359],[28.2092,59.7111],[28.2239,59.6911],[28.3358,59.6682],[28.3753,59.6663],[28.405,59.6828],[28.4177,59.7084],[28.4212,59.7353],[28.4186,59.7896],[28.4275,59.8134],[28.4491,59.835],[28.4761,59.8518],[28.5005,59.861],[28.5173,59.8623],[28.5358,59.8596],[28.5529,59.8536],[28.5819,59.8341],[28.62,59.829],[28.648,59.82],[28.6686,59.8171],[28.6786,59.8132],[28.6839,59.8087],[28.6936,59.7971],[28.6991,59.7927],[28.718,59.7868],[28.7341,59.789],[28.7668,59.7995],[28.7849,59.7993],[28.8143,59.7891],[28.8325,59.7865],[28.846,59.7902],[28.8838,59.8166],[28.8954,59.8185],[28.9191,59.814],[28.9319,59.8166],[28.9588,59.8263],[28.9663,59.8275],[28.9763,59.8313],[29.011,59.8576],[29.0344,59.8867],[29.0308,59.9011],[28.9802,59.9299],[29.0067,59.9286],[29.0144,59.9299],[29.0413,59.9435],[29.0894,59.9799],[29.1205,59.9945],[29.1614,60.0026],[29.2663,59.9981],[29.4997,59.9684],[29.8042,59.9401],[29.8628,59.918],[30.115,59.8706],[30.162,59.8685],[30.1926,59.8806],[30.2163,59.9072],[30.2243,59.9333],[30.2068,59.9435],[30.2184,59.9582],[30.2358,59.9662],[30.2461,59.9749],[30.2346,59.9914],[30.21,60.0011],[30.0008,60.0119],[29.9483,60.0297],[29.9324,60.0665],[29.9235,60.0668],[29.9104,60.075],[29.8978,60.0876],[29.8909,60.1012],[29.8928,60.1133],[29.8991,60.123],[29.8997,60.1336],[29.8846,60.1496],[29.849,60.1669],[29.701,60.2005],[29.5254,60.2009],[29.4583,60.1779],[29.4179,60.1688],[29.4178,60.1688],[29.2564,60.1769],[29.0923,60.178],[29.052,60.1843],[29.0151,60.1968],[28.9865,60.2172],[28.947,60.2637],[28.9224,60.2799],[28.8875,60.2862],[28.8602,60.2954],[28.8434,60.317],[28.8308,60.342],[28.8157,60.3613],[28.7995,60.3688],[28.7956,60.3608],[28.7948,60.3481],[28.7879,60.3414],[28.7463,60.3421],[28.7236,60.3449],[28.7097,60.3513],[28.6936,60.3621],[28.6309,60.3756],[28.617,60.382],[28.6067,60.3895],[28.5176,60.4888],[28.4536,60.5396],[28.439,60.5599],[28.453,60.5646],[28.4734,60.5662],[28.4939,60.5646],[28.5073,60.5599],[28.5134,60.5516],[28.5182,60.532],[28.5244,60.5224],[28.5438,60.5104],[28.617,60.4888],[28.659,60.4641],[28.6836,60.4559],[28.7028,60.4612],[28.7072,60.4785],[28.6991,60.4998],[28.6863,60.5181],[28.6614,60.5346],[28.6607,60.5551],[28.6629,60.5779],[28.6581,60.5941],[28.6638,60.6144],[28.6854,60.6151],[28.6768,60.6291],[28.6492,60.6557],[28.6445,60.6697],[28.6546,60.6819],[28.6748,60.6793],[28.6965,60.672],[28.7127,60.6697],[28.7345,60.6928],[28.7219,60.7212],[28.6904,60.7385],[28.6546,60.7281],[28.638,60.7166],[28.6033,60.7002],[28.5861,60.6872],[28.5739,60.6827],[28.521,60.684],[28.5083,60.6818],[28.4878,60.672],[28.4762,60.6697],[28.4241,60.6717],[28.4006,60.6653],[28.3906,60.6462],[28.383,60.6243],[28.3644,60.6234],[28.3418,60.6276],[28.3216,60.6213],[28.3309,60.6159],[28.3376,60.6098],[28.3418,60.6026],[28.3434,60.5941],[28.3324,60.5983],[28.3197,60.6015],[28.3069,60.6027],[28.2951,60.6015],[28.2865,60.5983],[28.2831,60.5951],[28.2805,60.5916],[28.2603,60.5801],[28.2356,60.56],[28.2158,60.5476],[28.2105,60.5469],[28.1883,60.5478],[28.1688,60.5521],[28.1585,60.553],[28.1522,60.55],[28.1504,60.5432],[28.1472,60.5363],[28.1374,60.5332],[28.1266,60.5341],[28.1066,60.5384],[28.0964,60.5394],[28.0799,60.5374],[28.0514,60.5283],[28.0344,60.5258],[27.9004,60.5285],[27.8709,60.5405],[27.863,60.5673],[27.8457,60.5578],[27.8318,60.5406],[27.8164,60.5282],[27.7941,60.5332],[27.7992,60.538],[27.8079,60.553],[27.7912,60.5622],[27.7776,60.5737],[27.7621,60.5801],[27.7395,60.5742],[27.7432,60.571],[27.7495,60.5631],[27.7532,60.5599],[27.7362,60.5556],[27.7334,60.5443],[27.7406,60.5306],[27.7532,60.5189],[27.7381,60.5133],[27.7327,60.5121],[27.7464,60.5065],[27.7532,60.5058],[27.7184,60.4885],[27.7054,60.4854],[27.6365,60.4923],[27.6458,60.5036],[27.6766,60.5112],[27.6917,60.5189],[27.6517,60.5226],[27.6322,60.5217],[27.616,60.5121],[27.6082,60.4999],[27.6108,60.4921],[27.6193,60.4841],[27.6296,60.4711],[27.5925,60.4774],[27.5085,60.5139],[27.4727,60.5058],[27.4823,60.5043],[27.4863,60.5019],[27.4932,60.4923],[27.4871,60.4894],[27.4783,60.4817],[27.4727,60.478],[27.4836,60.4744],[27.493,60.4702],[27.5007,60.4647],[27.5067,60.4575],[27.4568,60.4637],[27.3693,60.4979],[27.3252,60.5058],[27.2488,60.5079],[27.2324,60.5121],[27.2308,60.5263],[27.2566,60.5294],[27.3081,60.5258],[27.2849,60.5365],[27.2119,60.5599],[27.2277,60.5796],[27.2146,60.5849],[27.1917,60.5797],[27.1777,60.5673],[27.1838,60.5522],[27.197,60.5371],[27.2007,60.5233],[27.1777,60.5121],[27.1758,60.5251],[27.1697,60.5286],[27.1499,60.5258],[27.1377,60.529],[27.124,60.5435],[27.1126,60.5468],[27.1056,60.5436],[27.0957,60.5292],[27.0884,60.5258],[27.0789,60.5286],[27.0628,60.5429],[27.0544,60.5468],[27.0452,60.5458],[27.0334,60.5418],[27.0244,60.5361],[27.0239,60.5295],[27.0271,60.5199],[27.0208,60.5144],[27.0117,60.5095],[26.9982,60.488],[26.9769,60.4835],[26.9314,60.4854],[26.9556,60.4693],[26.9653,60.4585],[26.9624,60.4472],[26.9546,60.4494],[26.9243,60.467],[26.9147,60.4746],[26.8231,60.4577],[26.7936,60.4575],[26.801,60.4637],[26.8065,60.4705],[26.8147,60.4854],[26.797,60.4859],[26.7765,60.4829],[26.7568,60.4766],[26.7424,60.468],[26.739,60.4609],[26.741,60.4437],[26.739,60.437],[26.7319,60.4329],[26.7106,60.4258],[26.7014,60.4199],[26.6873,60.4182],[26.6693,60.4284],[26.6509,60.4421],[26.6359,60.4506],[26.617,60.4529],[26.5944,60.4523],[26.5772,60.4473],[26.5745,60.437],[26.5534,60.433],[26.5274,60.4399],[26.502,60.4531],[26.4827,60.468],[26.4749,60.4873],[26.4915,60.4981],[26.5173,60.5058],[26.5366,60.5155],[26.5636,60.5434],[26.5676,60.55],[26.5645,60.5726],[26.5674,60.581],[26.5798,60.5914],[26.625,60.6096],[26.6667,60.6064],[26.7532,60.5742],[26.7318,60.6129],[26.6992,60.6402],[26.6592,60.6518],[26.6155,60.6431],[26.5918,60.6286],[26.5533,60.5918],[26.4658,60.5081],[26.4562,60.4746],[26.4857,60.4438],[26.4694,60.4275],[26.4607,60.4209],[26.4515,60.4165],[26.4233,60.4163],[26.4164,60.4119],[26.4242,60.396],[26.4129,60.398],[26.4026,60.4027],[26.3833,60.4165],[26.3845,60.4049],[26.3812,60.3987],[26.374,60.3964],[26.3628,60.396],[26.3514,60.3928],[26.349,60.3858],[26.3483,60.3787],[26.3421,60.3756],[26.324,60.383],[26.3102,60.3994],[26.2992,60.4159],[26.2902,60.4233],[26.2787,60.4291],[26.2625,60.441],[26.2456,60.4509],[26.2318,60.4506],[26.2293,60.4384],[26.2429,60.4243],[26.2734,60.4022],[26.179,60.4106],[26.1704,60.4097],[26.1507,60.3985],[26.1424,60.396],[26.1345,60.4028],[26.0946,60.4233],[26.0622,60.4323],[26.0492,60.4375],[26.0137,60.4626],[25.981,60.4758],[25.9463,60.4842],[25.9172,60.4854],[25.9172,60.478],[25.9719,60.4649],[25.9826,60.4581],[26.0038,60.4405],[26.029,60.4333],[26.0361,60.4248],[26.0393,60.4145],[26.0401,60.406],[26.0325,60.4006],[26.0174,60.4017],[26.0068,60.4005],[26.0122,60.3886],[26.0232,60.3807],[26.0606,60.3681],[26.0796,60.3504],[26.0886,60.3439],[26.1014,60.3414],[26.1082,60.3359],[26.1065,60.324],[26.0999,60.3121],[26.0913,60.3066],[26.0401,60.2998],[26.0388,60.3227],[25.9971,60.3549],[26.0059,60.3681],[25.9935,60.3678],[25.9849,60.3631],[25.9773,60.3577],[25.968,60.355],[25.9566,60.356],[25.9478,60.3589],[25.8884,60.3891],[25.8672,60.397],[25.8421,60.4022],[25.8777,60.3779],[25.8991,60.3673],[25.9172,60.3613],[25.9072,60.341],[25.8843,60.32],[25.8831,60.3066],[25.8924,60.2916],[25.9212,60.2653],[25.9302,60.2452],[25.9094,60.2462],[25.8949,60.2496],[25.8827,60.2559],[25.8688,60.2657],[25.8762,60.2725],[25.861,60.284],[25.8415,60.2877],[25.8203,60.2889],[25.8005,60.293],[25.7704,60.3142],[25.7538,60.3207],[25.739,60.3135],[25.7454,60.2958],[25.7809,60.2827],[25.8489,60.2657],[25.7805,60.2514],[25.7805,60.2452],[25.762,60.2404],[25.7355,60.2473],[25.6558,60.293],[25.6497,60.2998],[25.6509,60.3135],[25.6585,60.3227],[25.6706,60.3275],[25.6497,60.3339],[25.6497,60.3414],[25.7044,60.3414],[25.6902,60.3629],[25.6686,60.3647],[25.646,60.3563],[25.6292,60.3476],[25.6027,60.3386],[25.5261,60.3271],[25.5261,60.321],[25.5413,60.3164],[25.5466,60.3059],[25.5451,60.2923],[25.5404,60.2787],[25.5359,60.2757],[25.5288,60.2745],[25.5222,60.2714],[25.5169,60.2545],[25.5109,60.2492],[25.5028,60.2462],[25.3617,60.2452],[25.3635,60.2601],[25.3509,60.2672],[25.3138,60.2725],[25.3162,60.2679],[25.3195,60.2563],[25.3213,60.2514],[25.2905,60.2459],[25.1975,60.2452],[25.1921,60.2438],[25.1904,60.2401],[25.1909,60.2285],[25.1903,60.2278],[25.1858,60.2231],[25.1742,60.2254],[25.1563,60.2322],[25.155,60.2238],[25.1913,60.2123],[25.2039,60.2043],[25.1947,60.2008],[25.1814,60.2005],[25.1971,60.1906],[25.177,60.1833],[25.117,60.1757],[25.0947,60.1763],[25.0974,60.1834],[25.099,60.1865],[25.1016,60.1906],[25.0586,60.1773],[25.0479,60.1689],[25.0674,60.1627],[25.061,60.1566],[25.0453,60.1568],[25.0293,60.1479],[25.0108,60.1514],[24.9979,60.1627],[25.0108,60.1699],[25.0215,60.184],[25.0259,60.1994],[25.0191,60.2111],[24.9988,60.2128],[24.9845,60.1994],[24.9612,60.1516],[24.9509,60.1435],[24.8657,60.1401],[24.8452,60.1437],[24.8342,60.1558],[24.8709,60.1617],[24.8688,60.1798],[24.8425,60.1946],[24.8068,60.1906],[24.8273,60.1627],[24.8125,60.1583],[24.7859,60.1462],[24.7726,60.1422],[24.721,60.1384],[24.6878,60.1325],[24.6797,60.1301],[24.6733,60.1254],[24.6712,60.1182],[24.6748,60.1055],[24.6703,60.1012],[24.6564,60.101],[24.6496,60.1096],[24.6462,60.1209],[24.6423,60.1291],[24.6306,60.1363],[24.5691,60.154],[24.554,60.156],[24.549,60.1528],[24.5604,60.1422],[24.5767,60.1352],[24.5908,60.1322],[24.5969,60.1273],[24.5877,60.1148],[24.5747,60.1077],[24.5606,60.1046],[24.548,60.0997],[24.5404,60.0876],[24.6082,60.1012],[24.6027,60.0918],[24.5942,60.0849],[24.574,60.0739],[24.5945,60.0665],[24.5945,60.0602],[24.527,60.0353],[24.4876,60.0058],[24.4681,59.9964],[24.4456,59.9923],[24.4163,59.9914],[24.4243,60.0051],[24.453,60.0377],[24.4641,60.0466],[24.4461,60.0475],[24.4209,60.0355],[24.3748,60.005],[24.3677,60.022],[24.3503,60.0165],[24.3298,60.0034],[24.3127,59.9975],[24.3191,60.0141],[24.3306,60.0217],[24.3442,60.0268],[24.3577,60.036],[24.3604,60.0431],[24.3597,60.052],[24.3608,60.0624],[24.3679,60.0739],[24.3197,60.0758],[24.2959,60.0722],[24.2786,60.0602],[24.2922,60.0528],[24.2611,60.0416],[24.2525,60.0397],[24.239,60.0394],[24.2039,60.0466],[24.1765,60.048],[24.1585,60.043],[24.158,60.0345],[24.183,60.0255],[24.1642,60.0194],[24.1477,60.022],[24.1318,60.028],[24.1148,60.0323],[24.106,60.0319],[24.0681,60.0206],[24.0584,60.0204],[24.0464,60.0255],[24.0282,60.0093],[24.0096,60.0106],[24.0026,60.021],[24.0192,60.0323],[24.0192,60.0397],[24.0008,60.0383],[23.9902,60.0316],[23.9819,60.022],[23.9707,60.0118],[23.9553,60.0036],[23.9407,59.9993],[23.8731,59.9931],[23.7995,59.9566],[23.7713,59.968],[23.6076,59.9566],[23.5945,59.9611],[23.5838,59.9733],[23.5735,59.9777],[23.5619,59.9776],[23.4955,59.9681],[23.453,59.9573],[23.4295,59.9566],[23.4406,59.9718],[23.4836,60.0113],[23.4983,60.0193],[23.5271,60.0238],[23.5409,60.0291],[23.5427,60.036],[23.5361,60.045],[23.5344,60.0537],[23.5374,60.0631],[23.5462,60.0739],[23.5096,60.0675],[23.4983,60.0633],[23.4902,60.0555],[23.4857,60.0452],[23.4788,60.0361],[23.4639,60.0323],[23.4538,60.028],[23.4494,60.0176],[23.4461,60.0051],[23.4397,59.9945],[23.4302,59.9887],[23.408,59.9804],[23.3987,59.9743],[23.365,59.9454],[23.3264,59.923],[23.2372,59.898],[23.2223,59.8862],[23.2222,59.8678],[23.2332,59.852],[23.2513,59.848],[23.2513,59.8411],[23.0806,59.8269],[23.0681,59.8208],[23.0068,59.8262],[22.9839,59.8237],[22.9649,59.8183],[22.9051,59.8112],[22.8882,59.8132],[22.906,59.8196],[22.9314,59.8428],[22.9461,59.848],[22.9866,59.852],[23.1275,59.8864],[23.1681,59.8889],[23.1611,59.9102],[23.1659,59.9177],[23.1771,59.9174],[23.1892,59.9156],[23.2224,59.9161],[23.2471,59.9224],[23.2689,59.9362],[23.2937,59.9587],[23.3091,59.9794],[23.3264,60.0093],[23.3329,60.0299],[23.3159,60.0224],[23.2498,59.9485],[23.2234,59.9299],[23.2036,59.9299],[23.2051,59.9332],[23.2073,59.9398],[23.2097,59.9435],[23.1997,59.9482],[23.1888,59.9502],[23.1781,59.9489],[23.1681,59.9435],[23.1712,59.9364],[23.1318,59.9429],[23.1209,59.9336],[23.1178,59.9238],[23.1107,59.9233],[23.1037,59.9297],[23.1006,59.9404],[23.1107,59.9703],[23.1113,59.9743],[23.1282,59.9831],[23.2036,59.9975],[23.2179,60.0084],[23.2414,60.0331],[23.2576,60.0397],[23.2051,60.0497],[23.1062,60.039],[23.0594,60.0397],[23.0355,60.0446],[23.0134,60.0516],[22.9969,60.0621],[22.9907,60.0773],[22.9972,60.0897],[23.0129,60.1018],[23.0459,60.1216],[23.0254,60.1353],[23.0199,60.1288],[23.0088,60.112],[23.0049,60.1074],[22.9968,60.1037],[22.9779,60.0988],[22.9695,60.0944],[22.9683,60.1108],[22.9587,60.1216],[22.9426,60.1274],[22.9079,60.1318],[22.887,60.1449],[22.8747,60.1496],[22.8848,60.1599],[22.8856,60.1693],[22.8792,60.1775],[22.8672,60.1837],[22.9216,60.2311],[22.9429,60.2452],[23.0076,60.277],[23.0254,60.293],[23.0313,60.3026],[23.0381,60.3192],[23.0459,60.3271],[23.0725,60.3387],[23.0829,60.3459],[23.0806,60.355],[23.0603,60.3573],[23.0342,60.3439],[23.0106,60.324],[22.9981,60.3066],[22.9412,60.3165],[22.8771,60.3011],[22.7362,60.2382],[22.6112,60.22],[22.5534,60.205],[22.5251,60.2043],[22.5398,60.2136],[22.5934,60.2322],[22.5735,60.2349],[22.572,60.2427],[22.5903,60.2623],[22.6011,60.2682],[22.6481,60.2787],[22.5984,60.2758],[22.5746,60.2708],[22.5274,60.2521],[22.5036,60.2471],[22.4495,60.2452],[22.4578,60.2524],[22.4592,60.2587],[22.4592,60.265],[22.4631,60.2725],[22.4694,60.2769],[22.4875,60.285],[22.5088,60.3011],[22.5403,60.319],[22.5457,60.3339],[22.5964,60.3637],[22.6276,60.3754],[22.6314,60.3896],[22.6243,60.3991],[22.5808,60.3759],[22.5435,60.3725],[22.4631,60.3756],[22.4836,60.4022],[22.3262,60.3824],[22.2915,60.3826],[22.2801,60.3865],[22.2495,60.4046],[22.1815,60.4305],[22.1611,60.4346],[22.1167,60.437],[22.111,60.4441],[22.1082,60.4569],[22.1011,60.4621],[22.0827,60.4472],[22.0645,60.4363],[22.047,60.4388],[22.0181,60.4575],[22.0174,60.4599],[22.0186,60.4687],[22.0181,60.4711],[22.0134,60.4717],[22.0017,60.4701],[21.9976,60.4711],[21.989,60.4752],[21.9819,60.4768],[21.9792,60.4808],[21.9839,60.4923],[21.9354,60.4923],[21.9397,60.4992],[21.9456,60.512],[21.9504,60.5189],[21.9317,60.525],[21.9032,60.5289],[21.874,60.5295],[21.8535,60.5258],[21.8439,60.5155],[21.8485,60.5037],[21.874,60.478],[21.8286,60.4854],[21.806,60.486],[21.7853,60.478],[21.7896,60.4951],[21.803,60.5251],[21.8057,60.5468],[21.8053,60.562],[21.8079,60.5756],[21.8196,60.585],[21.846,60.5878],[21.8333,60.5965],[21.8285,60.6064],[21.8309,60.6171],[21.8405,60.6287],[21.7739,60.6039],[21.7542,60.591],[21.7318,60.5817],[21.679,60.5765],[21.6618,60.5673],[21.6602,60.5591],[21.669,60.5452],[21.6648,60.5363],[21.6587,60.5303],[21.6556,60.5259],[21.6545,60.5198],[21.6543,60.509],[21.6414,60.4958],[21.6121,60.4888],[21.5798,60.4879],[21.5581,60.4923],[21.5838,60.505],[21.5697,60.5264],[21.5178,60.5673],[21.5335,60.5681],[21.5786,60.5599],[21.5786,60.5673],[21.555,60.5722],[21.4861,60.5742],[21.4546,60.5677],[21.4426,60.5673],[21.4343,60.5699],[21.4185,60.5784],[21.4085,60.5804],[21.4085,60.5878],[21.4151,60.5884],[21.4194,60.5899],[21.4284,60.5941],[21.4148,60.6083],[21.4452,60.6022],[21.4627,60.6018],[21.47,60.6083],[21.4216,60.6287],[21.3999,60.6341],[21.3796,60.647],[21.363,60.6628],[21.3533,60.6766],[21.354,60.6817],[21.3558,60.6829],[21.3562,60.6844],[21.3533,60.6902],[21.426,60.6796],[21.439,60.6803],[21.4456,60.6929],[21.4409,60.703],[21.4312,60.713],[21.4221,60.725],[21.47,60.725],[21.47,60.7311],[21.4485,60.7322],[21.4271,60.7365],[21.4065,60.7435],[21.3874,60.7523],[21.4033,60.7582],[21.4116,60.7597],[21.4221,60.7591],[21.4002,60.7746],[21.3877,60.7792],[21.3743,60.7796],[21.3809,60.7934],[21.3743,60.8076],[21.3608,60.8162],[21.3464,60.8131],[21.339,60.8171],[21.3333,60.8218],[21.3289,60.8275],[21.3259,60.8349],[21.3364,60.8447],[21.3185,60.8647],[21.3325,60.8684],[21.3823,60.8632],[21.4079,60.8646],[21.4284,60.8758],[21.4173,60.8803],[21.4059,60.882],[21.3809,60.882],[21.3737,60.8846],[21.3533,60.9025],[21.3638,60.9049],[21.3817,60.9146],[21.3908,60.9168],[21.3997,60.914],[21.4074,60.9083],[21.4162,60.9032],[21.4284,60.9025],[21.4222,60.9129],[21.4178,60.9243],[21.4128,60.9335],[21.4045,60.9372],[21.3926,60.939],[21.3879,60.9437],[21.3855,60.9503],[21.3805,60.9577],[21.3357,61.0046],[21.3185,61.0124],[21.3329,61.0239],[21.339,61.0266],[21.3115,61.0375],[21.3021,61.046],[21.2987,61.0601],[21.3203,61.0602],[21.3643,61.0447],[21.3874,61.0403],[21.4089,61.0433],[21.4081,61.0482],[21.4077,61.0507],[21.3914,61.0579],[21.367,61.0601],[21.3953,61.0694],[21.4539,61.055],[21.4823,61.0601],[21.4683,61.0668],[21.4548,61.0782],[21.4505,61.0908],[21.4631,61.1011],[21.4524,61.1252],[21.4461,61.1352],[21.4352,61.1427],[21.4451,61.1431],[21.47,61.1496],[21.4627,61.1494],[21.4558,61.1502],[21.4491,61.1523],[21.4426,61.1557],[21.4563,61.17],[21.4426,61.17],[21.4558,61.1762],[21.471,61.1782],[21.5034,61.1774],[21.4989,61.1874],[21.4966,61.1911],[21.5266,61.1997],[21.5581,61.2042],[21.5435,61.2251],[21.5241,61.2346],[21.4761,61.2458],[21.4856,61.2562],[21.4994,61.2611],[21.5083,61.2668],[21.5034,61.2799],[21.5444,61.2799],[21.5444,61.2873],[21.542,61.2927],[21.5444,61.3108],[21.5444,61.3209],[21.542,61.3269],[21.5342,61.3295],[21.5308,61.3345],[21.53,61.3405],[21.5317,61.3497],[21.5308,61.355],[21.5243,61.3753],[21.5184,61.3816],[21.5034,61.3891],[21.4901,61.3933],[21.4621,61.3984],[21.4489,61.4028],[21.4779,61.4116],[21.5417,61.4084],[21.5724,61.4164],[21.5579,61.4312],[21.5422,61.4421],[21.5103,61.458],[21.4421,61.475],[21.4221,61.4853],[21.5557,61.4752],[21.5921,61.4853],[21.5711,61.5141],[21.5656,61.5195],[21.551,61.5218],[21.5243,61.5174],[21.5103,61.5195],[21.47,61.5468],[21.4619,61.5578],[21.4601,61.5624],[21.4665,61.5644],[21.4823,61.5679],[21.508,61.5701],[21.6234,61.5459],[21.6869,61.5245],[21.7163,61.5195],[21.7163,61.5269],[21.6481,61.5603],[21.6143,61.5854],[21.5918,61.6281],[21.5733,61.6356],[21.5525,61.6408],[21.5376,61.6498],[21.5361,61.658],[21.5441,61.6728],[21.541,61.6802],[21.5178,61.7051],[21.5178,61.7112],[21.5363,61.7082],[21.5703,61.695],[21.5859,61.6977],[21.5593,61.7133],[21.4893,61.737],[21.47,61.7597],[21.4727,61.7719],[21.4819,61.7856],[21.489,61.7991],[21.4861,61.8112],[21.4725,61.8168],[21.4556,61.82],[21.4446,61.8263],[21.4489,61.8416],[21.4185,61.8625],[21.4032,61.8764],[21.3942,61.8894],[21.4036,61.8931],[21.412,61.9001],[21.4141,61.9069],[21.3936,61.9132],[21.3895,61.9211],[21.3872,61.9304],[21.3805,61.9378],[21.3714,61.9391],[21.3257,61.9378],[21.3167,61.9392],[21.3125,61.9398],[21.2902,61.9489],[21.2775,61.9515],[21.2949,61.9713],[21.2805,61.9796],[21.2366,61.985],[21.2762,62.0502],[21.2844,62.0749],[21.2891,62.1216],[21.2964,62.1304],[21.3123,62.1091],[21.3291,62.1381],[21.3325,62.1526],[21.3259,62.1638],[21.3403,62.1757],[21.3711,62.1865],[21.384,62.1945],[21.3899,62.2082],[21.3809,62.2178],[21.3533,62.232],[21.3743,62.2668],[21.3523,62.266],[21.34,62.2552],[21.3294,62.2414],[21.3123,62.232],[21.3162,62.2482],[21.3285,62.2772],[21.3328,62.2941],[21.3335,62.3406],[21.339,62.3555],[21.2853,62.3453],[21.2707,62.3493],[21.2625,62.3592],[21.2604,62.372],[21.2653,62.3852],[21.2775,62.3965],[21.2707,62.4108],[21.2051,62.3597],[21.2024,62.3492],[21.2161,62.335],[21.1943,62.3371],[21.1898,62.3524],[21.1951,62.3729],[21.2024,62.3903],[21.1965,62.3915],[21.187,62.3952],[21.1813,62.3965],[21.1895,62.4084],[21.1946,62.4132],[21.2024,62.4176],[21.186,62.4236],[21.1668,62.4213],[21.1478,62.4138],[21.1336,62.404],[21.1314,62.4167],[21.1492,62.4471],[21.1546,62.4648],[21.137,62.458],[21.1243,62.4548],[21.1164,62.4601],[21.113,62.4784],[21.1156,62.4958],[21.1243,62.51],[21.1379,62.5207],[21.1546,62.5275],[21.1488,62.5355],[21.1267,62.5541],[21.1468,62.5628],[21.1673,62.5758],[21.1882,62.5849],[21.2092,62.5821],[21.1935,62.6009],[21.1216,62.6094],[21.1062,62.623],[21.0941,62.6195],[21.0833,62.6127],[21.0652,62.5958],[21.0679,62.6201],[21.0832,62.6592],[21.0789,62.6783],[21.0989,62.6809],[21.1257,62.6902],[21.1497,62.7038],[21.1608,62.7193],[21.1602,62.7302],[21.1556,62.7318],[21.1486,62.7304],[21.1404,62.7329],[21.1228,62.7437],[21.1165,62.7497],[21.1079,62.767],[21.1135,62.7812],[21.1291,62.7908],[21.1509,62.7944],[21.1711,62.7846],[21.1834,62.7824],[21.1888,62.7907],[21.1922,62.7929],[21.2096,62.8076],[21.2161,62.8148],[21.2219,62.831],[21.2227,62.8456],[21.2267,62.8585],[21.2434,62.8695],[21.2674,62.869],[21.3357,62.8555],[21.3567,62.8595],[21.3643,62.8654],[21.3828,62.8746],[21.3908,62.8803],[21.3955,62.8874],[21.3997,62.9007],[21.4092,62.9138],[21.4201,62.9349],[21.4221,62.9418],[21.4275,62.944],[21.4631,62.9514],[21.4465,62.987],[21.4427,63.0051],[21.4426,63.0271],[21.4417,63.0344],[21.4408,63.0378],[21.4441,63.0409],[21.4563,63.0476],[21.4671,63.0479],[21.4753,63.043],[21.4805,63.043],[21.4823,63.0582],[21.4951,63.0717],[21.5234,63.064],[21.5652,63.0408],[21.5955,63.0349],[21.6257,63.0239],[21.6567,63.0179],[21.6885,63.0271],[21.6457,63.0552],[21.5791,63.0837],[21.5596,63.0951],[21.5532,63.1086],[21.5724,63.1234],[21.5601,63.1197],[21.5459,63.1179],[21.532,63.1197],[21.5208,63.1268],[21.5168,63.1376],[21.5178,63.148],[21.5161,63.1555],[21.5034,63.1575],[21.5105,63.1684],[21.5222,63.1721],[21.5519,63.1711],[21.5519,63.1779],[21.5129,63.185],[21.501,63.1925],[21.4966,63.209],[21.5049,63.2174],[21.5238,63.2254],[21.5444,63.231],[21.5581,63.2326],[21.6154,63.2039],[21.6472,63.1977],[21.668,63.2195],[21.688,63.2102],[21.7147,63.2023],[21.7424,63.1997],[21.7642,63.2059],[21.749,63.2109],[21.7179,63.2153],[21.7026,63.2195],[21.7026,63.2258],[21.7437,63.2394],[21.7581,63.2415],[21.7983,63.2394],[21.8213,63.2437],[21.8699,63.2594],[21.8945,63.2605],[21.8845,63.2454],[21.8827,63.2359],[21.8914,63.1966],[21.8899,63.1882],[21.8809,63.1779],[21.9055,63.1754],[21.9839,63.1432],[21.9722,63.165],[21.9559,63.1848],[21.9841,63.1912],[21.9944,63.1964],[22.0044,63.2059],[22.01,63.2158],[22.0125,63.2243],[22.016,63.232],[22.0248,63.2394],[22.0431,63.2456],[22.0536,63.2409],[22.0614,63.2321],[22.072,63.2258],[22.0876,63.2258],[22.114,63.2363],[22.1272,63.2394],[22.1395,63.238],[22.1592,63.2318],[22.1751,63.2326],[22.1802,63.2355],[22.1812,63.2401],[22.1808,63.2445],[22.1819,63.2468],[22.1873,63.2464],[22.195,63.2441],[22.2014,63.2414],[22.203,63.2394],[22.2446,63.2671],[22.2664,63.2853],[22.2781,63.3015],[22.2849,63.3015],[22.3076,63.2759],[22.3301,63.2838],[22.3522,63.3056],[22.3737,63.3214],[22.3639,63.3269],[22.3572,63.3342],[22.3469,63.3493],[22.3338,63.3597],[22.3053,63.3727],[22.2554,63.4064],[22.2505,63.4113],[22.2329,63.4118],[22.2183,63.4144],[22.2058,63.4203],[22.1956,63.4312],[22.1909,63.4584],[22.2134,63.4709],[22.2468,63.4696],[22.2747,63.4557],[22.3049,63.4359],[22.3352,63.4304],[22.367,63.4283],[22.4016,63.4182],[22.3182,63.4605],[22.28,63.4876],[22.2713,63.5137],[22.2814,63.5262],[22.2922,63.5297],[22.3193,63.5274],[22.3374,63.5233],[22.3371,63.5136],[22.3312,63.5023],[22.3333,63.4932],[22.3555,63.4875],[22.3802,63.4854],[22.3968,63.477],[22.3948,63.4523],[22.4074,63.4569],[22.4237,63.468],[22.4358,63.4728],[22.4358,63.4796],[22.4284,63.4888],[22.4315,63.4974],[22.4386,63.5065],[22.4426,63.5175],[22.4455,63.5181],[22.4631,63.5548],[22.4724,63.5618],[22.4837,63.5668],[22.4932,63.5735],[22.4972,63.5858],[22.5034,63.5871],[22.5457,63.5752],[22.5378,63.5877],[22.4972,63.623],[22.5144,63.636],[22.5222,63.6406],[22.532,63.6441],[22.5295,63.6509],[22.5278,63.6539],[22.5251,63.6577],[22.5674,63.6531],[22.5857,63.657],[22.5934,63.6745],[22.5911,63.6942],[22.589,63.7033],[22.5941,63.7043],[22.6133,63.6993],[22.6278,63.6874],[22.6371,63.6831],[22.6411,63.6885],[22.6449,63.6986],[22.6541,63.7038],[22.6652,63.7048],[22.6753,63.7024],[22.6908,63.6938],[22.7023,63.6834],[22.707,63.6713],[22.7026,63.6577],[22.7132,63.6499],[22.7341,63.6276],[22.7405,63.623],[22.7552,63.6241],[22.7734,63.6275],[22.7905,63.633],[22.8023,63.6403],[22.8102,63.6437],[22.8205,63.6442],[22.8293,63.6462],[22.833,63.6544],[22.833,63.6618],[22.8335,63.6673],[22.8357,63.6721],[22.8403,63.6776],[22.8555,63.6872],[22.887,63.6952],[22.9019,63.7055],[22.8853,63.7123],[22.833,63.726],[22.9019,63.726],[22.8821,63.7421],[22.8747,63.7465],[22.9004,63.7401],[22.9147,63.7392],[22.9258,63.7434],[22.9285,63.7488],[22.9299,63.7569],[22.9292,63.7644],[22.9258,63.7676],[22.9077,63.7724],[22.8988,63.7833],[22.9025,63.7949],[22.9224,63.8017],[22.9429,63.8005],[22.9548,63.7933],[22.9732,63.771],[22.99,63.7613],[23.0007,63.7636],[23.0018,63.7737],[22.9907,63.7875],[22.9907,63.7876],[22.9946,63.8007],[22.9945,63.8062],[22.9907,63.8154],[23.0476,63.8413],[23.0628,63.853],[23.075,63.8574],[23.1213,63.8496],[23.1326,63.8525],[23.1423,63.8585],[23.1535,63.8635],[23.1512,63.8649],[23.1416,63.8695],[23.1419,63.876],[23.155,63.8837],[23.1673,63.8869],[23.1979,63.8906],[23.2752,63.8889],[23.3065,63.8942],[23.3264,63.911],[23.3508,63.8988],[23.3728,63.9006],[23.3942,63.9111],[23.4158,63.9246],[23.3848,63.9383],[23.3709,63.9465],[23.3709,63.956],[23.3788,63.9689],[23.3767,63.9787],[23.3709,63.9875],[23.3674,63.9973],[23.3699,64.0032],[23.3816,64.0482],[23.3965,64.0561],[23.4152,64.0562],[23.45,64.0482],[23.4566,64.0455],[23.4675,64.0379],[23.4773,64.0351],[23.4876,64.036],[23.4968,64.0395],[23.5066,64.0417],[23.5383,64.0319],[23.6045,64.0277],[23.6198,64.038],[23.606,64.0611],[23.5817,64.0847],[23.5661,64.0966],[23.5736,64.1072],[23.5855,64.1085],[23.6144,64.1034],[23.6221,64.1071],[23.6448,64.1244],[23.656,64.1301],[23.6603,64.1433],[23.6795,64.1553],[23.7043,64.1667],[23.7065,64.1681],[23.7236,64.1785],[23.7168,64.1785],[23.7194,64.1943],[23.7244,64.2089],[23.7357,64.2162],[23.7577,64.2095],[23.7727,64.2089],[23.8191,64.2206],[23.8335,64.2269],[23.8416,64.2362],[23.8611,64.2679],[23.8816,64.2661],[23.9245,64.2547],[23.9434,64.2468],[23.9346,64.2585],[23.9276,64.2712],[23.9251,64.2855],[23.929,64.3014],[23.9409,64.3166],[23.9712,64.3351],[23.9842,64.3498],[23.9961,64.3799],[24.0044,64.3891],[24.0254,64.3976],[24.0686,64.4056],[24.0847,64.4147],[24.0806,64.4317],[24.0933,64.4304],[24.1048,64.4312],[24.1155,64.4348],[24.125,64.4423],[24.1292,64.4408],[24.1693,64.4522],[24.2057,64.4522],[24.2108,64.456],[24.2105,64.4731],[24.2123,64.481],[24.2178,64.487],[24.2295,64.4892],[24.2576,64.486],[24.2689,64.4901],[24.2752,64.4976],[24.2809,64.5102],[24.286,64.515],[24.3063,64.522],[24.3257,64.5246],[24.3441,64.5307],[24.3611,64.5484],[24.3601,64.5554],[24.3556,64.5645],[24.355,64.5724],[24.3739,64.5795],[24.3745,64.5878],[24.3709,64.5952],[24.3679,64.5969],[24.3755,64.6173],[24.3827,64.6286],[24.4089,64.6514],[24.4143,64.6591],[24.4183,64.668],[24.4229,64.6756],[24.4294,64.6788],[24.4412,64.6811],[24.471,64.6993],[24.5116,64.71],[24.5303,64.7178],[24.5461,64.7334],[24.5365,64.7441],[24.5324,64.7477],[24.5324,64.7539],[24.5437,64.7647],[24.5571,64.7709],[24.5877,64.7812],[24.5501,64.7966],[24.5384,64.8053],[24.5567,64.8091],[24.5784,64.8079],[24.6585,64.7886],[24.6683,64.7891],[24.6765,64.7949],[24.6768,64.7995],[24.6657,64.8071],[24.6628,64.8126],[24.6707,64.8297],[24.6896,64.8347],[24.7317,64.8358],[24.7363,64.8554],[24.7731,64.8658],[24.897,64.8731],[25.0737,64.9161],[25.0947,64.9184],[25.1123,64.9145],[25.1218,64.9051],[25.1297,64.8938],[25.1432,64.8842],[25.1511,64.8839],[25.1585,64.8867],[25.1667,64.8884],[25.1773,64.8842],[25.1799,64.8799],[25.1839,64.8658],[25.1873,64.8607],[25.2025,64.8492],[25.2176,64.8415],[25.2356,64.8371],[25.2593,64.8358],[25.2593,64.8296],[25.2498,64.8295],[25.2415,64.8281],[25.2251,64.8227],[25.2595,64.8165],[25.3548,64.8296],[25.3622,64.8331],[25.3504,64.8517],[25.3518,64.8607],[25.3667,64.8918],[25.3685,64.8985],[25.3595,64.9111],[25.3478,64.9116],[25.3348,64.9069],[25.3213,64.9047],[25.3063,64.9089],[25.2798,64.9223],[25.2412,64.929],[25.2235,64.9389],[25.1909,64.9668],[25.1961,64.9698],[25.2062,64.9775],[25.2114,64.9804],[25.2039,64.9866],[25.221,64.9905],[25.3216,64.9836],[25.3401,64.9772],[25.376,64.9599],[25.3991,64.9519],[25.4216,64.9489],[25.4382,64.9531],[25.4435,64.9668],[25.4363,64.9803],[25.4243,64.9891],[25.4168,64.9986],[25.4231,65.0146],[25.4162,65.0199],[25.4131,65.0245],[25.4133,65.0292],[25.4163,65.0351],[25.3926,65.0477],[25.3809,65.056],[25.376,65.0657],[25.3744,65.0764],[25.37,65.0844],[25.3635,65.0908],[25.3555,65.0965],[25.3241,65.1098],[25.2114,65.1238],[25.2183,65.1457],[25.2258,65.1566],[25.2593,65.1722],[25.2726,65.1804],[25.2825,65.1914],[25.2857,65.2048],[25.2798,65.22],[25.2922,65.2191],[25.3045,65.2197],[25.3163,65.2221],[25.3275,65.2269],[25.3206,65.2284],[25.3079,65.2327],[25.3001,65.2336],[25.3088,65.2491],[25.3138,65.2541],[25.2972,65.2595],[25.2891,65.2611],[25.2798,65.261],[25.2942,65.2711],[25.3079,65.3022],[25.3213,65.3162],[25.3174,65.3193],[25.3108,65.3268],[25.307,65.3298],[25.3163,65.3314],[25.3224,65.3336],[25.335,65.3435],[25.2661,65.3776],[25.28,65.3812],[25.3069,65.3816],[25.3213,65.3851],[25.3301,65.3905],[25.3467,65.4057],[25.3555,65.4118],[25.3445,65.4285],[25.3587,65.4655],[25.3518,65.4841],[25.3236,65.5068],[25.2937,65.5251],[25.219,65.5573],[25.1971,65.5626],[25.1701,65.5622],[25.1468,65.559],[25.1248,65.5611],[25.1016,65.5769],[25.0964,65.585],[25.0932,65.5919],[25.0918,65.595],[25.0855,65.6052],[25.0742,65.6142],[25.0607,65.6173],[25.0358,65.6142],[25.0225,65.621],[25.0049,65.627],[24.9572,65.6228],[24.9372,65.6241],[24.9241,65.6304],[24.9061,65.6459],[24.8955,65.6514],[24.8591,65.6591],[24.8195,65.6622],[24.7803,65.6597],[24.7453,65.6514],[24.7191,65.6379],[24.7068,65.6333],[24.687,65.6315],[24.6758,65.6354],[24.6711,65.645],[24.6702,65.6834],[24.6677,65.6909],[24.6597,65.6951],[24.5965,65.7092],[24.584,65.7169],[24.5677,65.7307],[24.5549,65.7451],[24.5505,65.7635],[24.5604,65.7891],[24.5754,65.8082],[24.632,65.8606],[24.6458,65.8795],[24.6537,65.8856],[24.6703,65.8916],[24.6976,65.8945],[24.7075,65.8992],[24.7106,65.9121],[24.6946,65.904],[24.6423,65.8916],[24.6345,65.8909],[24.6253,65.8913],[24.6179,65.8892],[24.615,65.8813],[24.6155,65.8708],[24.6145,65.8662],[24.6116,65.8643],[24.5872,65.8543],[24.5436,65.809],[24.5188,65.796],[24.4944,65.7952],[24.4735,65.7972],[24.453,65.7969],[24.4305,65.7891],[24.428,65.7862],[24.4261,65.7817],[24.4229,65.7766],[24.4157,65.7718],[24.4048,65.7692],[24.3571,65.7792],[24.3279,65.7979],[24.3167,65.8022],[24.2778,65.8094],[24.2383,65.8227],[24.2483,65.809],[24.2512,65.7941],[24.2443,65.7816],[24.2246,65.7749],[24.2062,65.7788],[24.1882,65.7902],[24.173,65.8042],[24.1631,65.8159],[24.1631,65.8227],[24.1403,65.8045],[24.1052,65.8018],[24.0327,65.8097],[24.0391,65.8037],[24.0409,65.8005],[24.0438,65.7985],[24.0532,65.796],[24.0288,65.7901],[23.9802,65.7949],[23.957,65.7891],[23.9514,65.7831],[23.9439,65.7665],[23.9365,65.7612],[23.9264,65.7604],[23.9181,65.7632],[23.9103,65.7669],[23.8945,65.77],[23.8854,65.7736],[23.8777,65.779],[23.8744,65.7858],[23.8718,65.7949],[23.8657,65.7949],[23.8547,65.7891],[23.8057,65.7895],[23.7817,65.793],[23.7715,65.806],[23.762,65.8223],[23.7394,65.8293],[23.6902,65.8301],[23.675,65.8254],[23.6493,65.803],[23.6355,65.796],[23.6233,65.7962],[23.6162,65.8009],[23.6117,65.8065],[23.6076,65.8097],[23.528,65.81],[23.4841,65.8159],[23.4906,65.8298],[23.4836,65.8344],[23.4701,65.8333],[23.4574,65.8301],[23.4582,65.8284],[23.45,65.8159],[23.4431,65.8127],[23.4362,65.8113],[23.429,65.8088],[23.422,65.8022],[23.4333,65.7978],[23.4378,65.7923],[23.4382,65.785],[23.4363,65.7749],[23.4334,65.7667],[23.4285,65.7653],[23.4188,65.7672],[23.4019,65.7687],[23.385,65.7752],[23.3743,65.7904],[23.3705,65.8083],[23.3743,65.8227],[23.3528,65.8214],[23.3381,65.8131],[23.3259,65.8029],[23.3122,65.796],[23.2897,65.7958],[23.2688,65.8031],[23.2302,65.8227],[23.2134,65.8271],[23.196,65.827],[23.1838,65.8196],[23.1824,65.8022],[23.1908,65.7899],[23.2057,65.7813],[23.2376,65.7687],[23.2219,65.7636],[23.1585,65.7502],[23.1482,65.7456],[23.1284,65.734],[23.1296,65.715],[23.103,65.7047],[23.0788,65.7072],[23.0868,65.7277],[23.0581,65.7551],[23.0459,65.7612],[22.9898,65.7643],[22.944,65.7753],[22.936,65.7786],[22.9149,65.796],[22.9011,65.7987],[22.8777,65.7949],[22.8602,65.796],[22.8372,65.8077],[22.8059,65.8486],[22.7852,65.8643],[22.673,65.9057],[22.653,65.9084],[22.6343,65.9052],[22.647,65.8951],[22.6725,65.8818],[22.6821,65.8711],[22.6853,65.8625],[22.689,65.837],[22.693,65.8239],[22.6975,65.8142],[22.6997,65.8039],[22.6965,65.7891],[22.6887,65.7756],[22.6776,65.7647],[22.6637,65.7575],[22.6481,65.7551],[22.653,65.7781],[22.6279,65.7904],[22.5698,65.796],[22.556,65.7921],[22.5227,65.7764],[22.5115,65.7749],[22.5055,65.7836],[22.5116,65.7947],[22.5228,65.8046],[22.532,65.8097],[22.5184,65.8227],[22.5036,65.831],[22.4699,65.8432],[22.4724,65.8469],[22.4773,65.8569],[22.4055,65.8639],[22.3701,65.8617],[22.3674,65.8432],[22.3259,65.837],[22.3674,65.8097],[22.3645,65.7978],[22.3512,65.7965],[22.3191,65.8022],[22.3306,65.7929],[22.3456,65.7713],[22.3606,65.7612],[22.326,65.7355],[22.2855,65.7434],[22.2446,65.7602],[22.2092,65.7612],[22.2302,65.7453],[22.2498,65.7357],[22.2733,65.7305],[22.3395,65.7242],[22.3618,65.7163],[22.3766,65.7003],[22.388,65.6725],[22.3753,65.6735],[22.3628,65.6729],[22.3508,65.6702],[22.3396,65.665],[22.3294,65.6893],[22.3079,65.7008],[22.2815,65.7015],[22.2576,65.693],[22.2653,65.6879],[22.2681,65.6812],[22.2655,65.6735],[22.2576,65.665],[22.2653,65.6595],[22.2722,65.651],[22.2849,65.6315],[22.2621,65.6256],[22.1892,65.6241],[22.2627,65.6118],[22.3006,65.6115],[22.3191,65.6315],[22.3141,65.6418],[22.2896,65.6557],[22.2849,65.665],[22.2931,65.6737],[22.3086,65.6694],[22.3244,65.6596],[22.3333,65.6514],[22.3259,65.6452],[22.3804,65.634],[22.3845,65.6278],[22.3401,65.6129],[22.3333,65.6042],[22.3436,65.5956],[22.366,65.5889],[22.405,65.5832],[22.4114,65.579],[22.4186,65.5692],[22.429,65.549],[22.4053,65.5419],[22.3869,65.55],[22.3699,65.5628],[22.3501,65.5694],[22.3203,65.572],[22.2985,65.5769],[22.2749,65.5879],[22.263,65.5896],[22.2507,65.5832],[22.2566,65.569],[22.2283,65.5721],[22.1265,65.6037],[22.0513,65.6173],[22.0213,65.635],[22.0062,65.6418],[21.9639,65.6467],[21.9299,65.6634],[21.8678,65.6725],[21.8528,65.6783],[21.8435,65.6838],[21.8228,65.7029],[21.8096,65.7106],[21.7782,65.7195],[21.7642,65.7277],[21.7878,65.6867],[21.8479,65.661],[21.9702,65.6315],[22.0527,65.5976],[22.1187,65.5835],[22.1326,65.5782],[22.1477,65.5694],[22.1701,65.553],[22.1834,65.5486],[22.203,65.549],[22.1769,65.5398],[22.1209,65.5395],[22.0931,65.5353],[22.084,65.5318],[22.082,65.5292],[22.0812,65.5253],[22.0757,65.5179],[22.0659,65.5143],[22.0568,65.519],[22.0476,65.525],[22.0383,65.5251],[22.0112,65.5175],[21.8747,65.5369],[21.8535,65.5353],[21.9002,65.5013],[21.9279,65.4894],[21.9504,65.4949],[21.9299,65.506],[21.9217,65.508],[21.9471,65.5094],[22.0046,65.4769],[22.0316,65.467],[22.0241,65.4532],[22.0189,65.4413],[22.0117,65.432],[21.9976,65.4261],[21.9812,65.4268],[21.9661,65.4337],[21.9422,65.4534],[21.9323,65.4414],[21.9359,65.4311],[21.9429,65.4215],[21.9422,65.4118],[21.9277,65.4041],[21.907,65.4028],[21.8885,65.4077],[21.8809,65.4186],[21.8509,65.4075],[21.821,65.401],[21.7902,65.4001],[21.7059,65.4145],[21.6883,65.4123],[21.7026,65.3981],[21.6561,65.3972],[21.6311,65.4001],[21.61,65.4186],[21.5867,65.4182],[21.5444,65.4118],[21.5444,65.4056],[21.5855,65.3975],[21.5996,65.3981],[21.5996,65.3919],[21.5275,65.3968],[21.4891,65.3934],[21.47,65.3776],[21.4761,65.3765],[21.485,65.3724],[21.4898,65.3708],[21.4489,65.3572],[21.4697,65.3546],[21.4915,65.3483],[21.5116,65.3386],[21.5274,65.3261],[21.543,65.3186],[21.5657,65.3159],[21.584,65.3209],[21.5859,65.3367],[21.6047,65.3337],[21.6223,65.3265],[21.6543,65.3088],[21.687,65.2968],[21.7017,65.2859],[21.6992,65.2716],[21.6681,65.2528],[21.6228,65.2408],[21.577,65.2381],[21.5444,65.2473],[21.5344,65.2575],[21.516,65.2834],[21.5034,65.2957],[21.4896,65.3055],[21.4743,65.314],[21.4564,65.3201],[21.4356,65.3225],[21.4089,65.3332],[21.3784,65.355],[21.3456,65.3728],[21.3123,65.3708],[21.3177,65.3695],[21.3273,65.3655],[21.3328,65.364],[21.3195,65.3514],[21.2778,65.35],[21.2644,65.3367],[21.3914,65.3218],[21.4221,65.3088],[21.4823,65.261],[21.5376,65.2309],[21.6099,65.1689],[21.6188,65.148],[21.5999,65.1391],[21.5444,65.1374],[21.5571,65.1312],[21.5628,65.1225],[21.5622,65.112],[21.5438,65.0831],[21.5493,65.0776],[21.5493,65.0776],[21.5494,65.0776],[21.5653,65.0756],[21.5859,65.0692],[21.5632,65.0613],[21.4793,65.0623],[21.4671,65.0555],[21.4774,65.0405],[21.4949,65.0263],[21.5034,65.0214],[21.4723,65.0095],[21.4631,65.0077],[21.4529,65.0093],[21.4334,65.015],[21.4221,65.0146],[21.4221,65.0128],[21.4203,65.0084],[21.4175,65.0036],[21.4148,65.0009],[21.3976,64.9944],[21.3831,64.9866],[21.3794,64.9774],[21.3942,64.9668],[21.3778,64.96],[21.2561,64.9567],[21.2434,64.9531],[21.2415,64.9454],[21.2473,64.9395],[21.2522,64.9326],[21.2468,64.9218],[21.2389,64.9145],[21.2279,64.9066],[21.2152,64.9003],[21.2024,64.8985],[21.2126,64.872],[21.1929,64.8612],[21.1727,64.8534],[21.1813,64.8358],[21.1653,64.8298],[21.1309,64.8235],[21.113,64.8227],[21.0973,64.8275],[21.0915,64.8384],[21.0895,64.8501],[21.0852,64.8576],[21.0691,64.8607],[21.0536,64.8567],[21.042,64.8469],[21.0374,64.8327],[21.0423,64.8199],[21.0547,64.8144],[21.0852,64.8091],[21.0811,64.7987],[21.0789,64.7949],[21.0972,64.7853],[21.115,64.7814],[21.154,64.7812],[21.2175,64.7893],[21.2813,64.7768],[21.3058,64.7683],[21.3123,64.7539],[21.2995,64.7488],[21.2483,64.7508],[21.2292,64.7477],[21.2463,64.7309],[21.2673,64.7175],[21.3123,64.6993],[21.3123,64.6924],[21.2957,64.6921],[21.2887,64.6868],[21.2914,64.6793],[21.3049,64.6719],[21.3049,64.6657],[21.2787,64.6709],[21.2313,64.694],[21.2058,64.6993],[21.1848,64.7067],[21.1649,64.7216],[21.1439,64.733],[21.1199,64.7297],[21.1091,64.7164],[21.1112,64.6994],[21.1227,64.6831],[21.1404,64.6719],[21.1682,64.6679],[21.2017,64.6666],[21.2319,64.6611],[21.2503,64.644],[21.2317,64.6426],[21.2322,64.633],[21.2451,64.622],[21.2638,64.6166],[21.2854,64.6162],[21.2951,64.6143],[21.3049,64.6105],[21.3102,64.6057],[21.3189,64.5927],[21.3223,64.59],[21.3303,64.5869],[21.3439,64.5727],[21.3533,64.5695],[21.3628,64.5722],[21.3654,64.5776],[21.3635,64.5823],[21.3601,64.5826],[21.367,64.5948],[21.3683,64.6042],[21.374,64.608],[21.3942,64.603],[21.4148,64.5897],[21.4373,64.5711],[21.4556,64.5625],[21.4673,64.5873],[21.4764,64.5875],[21.4856,64.5834],[21.4898,64.5792],[21.4898,64.5559],[21.5012,64.5442],[21.5151,64.5371],[21.5319,64.5341],[21.5519,64.5347],[21.5394,64.5281],[21.5256,64.5229],[21.511,64.5209],[21.4966,64.5246],[21.471,64.545],[21.4631,64.5484],[21.4146,64.5294],[21.3866,64.5217],[21.3743,64.5314],[21.3714,64.5383],[21.3646,64.5417],[21.3566,64.5416],[21.3499,64.5382],[21.3473,64.532],[21.3532,64.5295],[21.367,64.528],[21.3861,64.5103],[21.3992,64.5052],[21.4116,64.5112],[21.4225,64.5146],[21.4632,64.517],[21.4761,64.515],[21.4797,64.5106],[21.4876,64.4941],[21.4898,64.487],[21.4777,64.4717],[21.4797,64.4608],[21.492,64.4543],[21.5105,64.4522],[21.5199,64.4554],[21.531,64.4695],[21.5376,64.4727],[21.5583,64.4704],[21.5786,64.4659],[21.5724,64.4802],[21.5859,64.4802],[21.5977,64.4752],[21.6053,64.4656],[21.6065,64.4522],[21.6001,64.4424],[21.5886,64.4411],[21.5752,64.4411],[21.5618,64.4351],[21.5505,64.4284],[21.5257,64.4218],[21.5139,64.4147],[21.4573,64.3716],[21.4168,64.3531],[21.3976,64.3398],[21.3732,64.3304],[21.3518,64.3401],[21.3335,64.3558],[21.3185,64.3641],[21.3228,64.3552],[21.3242,64.3466],[21.3228,64.3381],[21.3185,64.3293],[21.325,64.3262],[21.3276,64.3229],[21.3294,64.3192],[21.3328,64.315],[21.3164,64.3121],[21.2878,64.3023],[21.2707,64.3014],[21.2564,64.3051],[21.2503,64.3087],[21.2439,64.3071],[21.117,64.2211],[21.113,64.2194],[21.0827,64.2255],[21.0789,64.2269],[21.0703,64.2217],[21.0447,64.1916],[20.9666,64.1494],[20.9485,64.1301],[20.9608,64.1129],[20.9543,64.0948],[20.9148,64.057],[20.9124,64.0529],[20.9115,64.0476],[20.9076,64.0351],[20.91,64.0371],[20.9123,64.0335],[20.9138,64.0279],[20.9144,64.0242],[20.9126,64.0211],[20.9087,64.0205],[20.9043,64.0192],[20.9014,64.0141],[20.8999,63.994],[20.897,63.9837],[20.8905,63.9792],[20.8788,63.9771],[20.8709,63.9724],[20.866,63.9677],[20.8633,63.9656],[20.8415,63.9594],[20.825,63.9447],[20.8052,63.911],[20.7865,63.8786],[20.7772,63.8694],[20.7293,63.8496],[20.6847,63.8485],[20.6748,63.8427],[20.6699,63.8291],[20.6779,63.8226],[20.6929,63.821],[20.709,63.8222],[20.6875,63.7987],[20.6747,63.7893],[20.6643,63.7912],[20.6431,63.8145],[20.6302,63.8209],[20.6126,63.8222],[20.565,63.7983],[20.5618,63.7852],[20.5536,63.777],[20.5427,63.7753],[20.5309,63.7812],[20.5409,63.7917],[20.5387,63.8008],[20.5293,63.8088],[20.5077,63.821],[20.5034,63.822],[20.4558,63.7722],[20.4369,63.7612],[20.4136,63.7676],[20.4192,63.7593],[20.4185,63.7542],[20.4153,63.7491],[20.4136,63.7403],[20.4206,63.7185],[20.4211,63.7123],[20.4151,63.7011],[20.4056,63.6898],[20.3943,63.6811],[20.3831,63.6776],[20.3649,63.6807],[20.3547,63.6892],[20.3535,63.7014],[20.3623,63.7161],[20.3617,63.7255],[20.3524,63.7387],[20.3389,63.7501],[20.3255,63.754],[20.3167,63.7401],[20.3181,63.679],[20.308,63.6544],[20.2952,63.6522],[20.2793,63.6592],[20.2676,63.6706],[20.2669,63.6813],[20.2752,63.6927],[20.2826,63.7067],[20.2866,63.7208],[20.2844,63.7329],[20.2649,63.7197],[20.2461,63.6982],[20.236,63.6736],[20.2428,63.6509],[20.2194,63.6534],[20.1535,63.6509],[20.1432,63.6485],[20.1316,63.6442],[20.1199,63.6425],[20.1091,63.6474],[20.1023,63.6573],[20.0984,63.6616],[20.0921,63.6645],[20.0736,63.6662],[20.0535,63.6634],[20.0345,63.6568],[20.02,63.6474],[20.0111,63.6341],[20.0134,63.6229],[20.0305,63.6025],[19.9523,63.6193],[19.9378,63.6199],[19.9231,63.6124],[19.887,63.6031],[19.8797,63.5991],[19.8644,63.5732],[19.8281,63.5556],[19.7863,63.541],[19.7532,63.5243],[19.7503,63.5142],[19.7669,63.4876],[19.7725,63.4646],[19.7689,63.4608],[19.7448,63.4573],[19.7356,63.4529],[19.7227,63.4449],[19.6995,63.4337],[19.6873,63.4313],[19.6395,63.4449],[19.6365,63.4591],[19.6403,63.4698],[19.6371,63.4783],[19.613,63.4858],[19.6154,63.4897],[19.6175,63.4966],[19.6192,63.5001],[19.6057,63.5041],[19.5786,63.5212],[19.5264,63.5305],[19.513,63.5376],[19.4925,63.5528],[19.4702,63.5615],[19.4463,63.5609],[19.4204,63.5485],[19.4315,63.5428],[19.4431,63.5389],[19.4688,63.5342],[19.4546,63.5089],[19.4671,63.5009],[19.494,63.4974],[19.5234,63.4858],[19.4956,63.4767],[19.4816,63.4738],[19.4651,63.4728],[19.4614,63.4689],[19.4714,63.4604],[19.5117,63.4333],[19.5154,63.4263],[19.5166,63.4147],[19.508,63.4119],[19.4883,63.4172],[19.4546,63.4312],[19.3726,63.4796],[19.3462,63.4859],[19.3452,63.4776],[19.3726,63.4449],[19.3514,63.44],[19.3307,63.4483],[19.3112,63.4604],[19.2932,63.4665],[19.2808,63.4594],[19.2761,63.4427],[19.2765,63.4076],[19.2754,63.398],[19.2707,63.3818],[19.2695,63.3729],[19.2695,63.3425],[19.2593,63.329],[19.2455,63.3223],[19.2337,63.3257],[19.2293,63.3425],[19.2075,63.3261],[19.1566,63.319],[19.1331,63.3083],[19.1392,63.3056],[19.1535,63.294],[19.1419,63.2874],[19.1233,63.2641],[19.112,63.2531],[19.1331,63.2531],[19.1167,63.2366],[19.0972,63.2379],[19.0574,63.2605],[19.0399,63.239],[19.0564,63.2265],[19.0869,63.2209],[19.112,63.2195],[19.1042,63.2078],[19.0928,63.2066],[19.0801,63.2075],[19.0679,63.2021],[19.0613,63.192],[19.0586,63.1839],[19.0527,63.1789],[19.0368,63.1779],[19.0325,63.182],[19.0044,63.1996],[18.999,63.2021],[18.991,63.2084],[18.9709,63.2183],[18.9618,63.2258],[18.9666,63.2389],[18.9551,63.2458],[18.9375,63.2506],[18.9238,63.2568],[18.9067,63.2671],[18.886,63.2725],[18.8729,63.2692],[18.8792,63.2531],[18.8661,63.2499],[18.8103,63.2605],[18.7691,63.2622],[18.7511,63.2595],[18.7352,63.2531],[18.7556,63.2427],[18.9133,63.2121],[18.8944,63.1978],[18.8626,63.192],[18.7966,63.1916],[18.8011,63.1817],[18.8035,63.1779],[18.7873,63.168],[18.7731,63.1688],[18.7604,63.1776],[18.7556,63.1916],[18.7529,63.2077],[18.7744,63.2119],[18.8239,63.2121],[18.8239,63.2195],[18.729,63.232],[18.7005,63.2258],[18.7141,63.2192],[18.7199,63.211],[18.7225,63.2015],[18.7278,63.1916],[18.7502,63.1661],[18.7556,63.1575],[18.6113,63.1789],[18.5645,63.1779],[18.5645,63.1711],[18.5856,63.1707],[18.6087,63.1654],[18.6292,63.1567],[18.6431,63.1469],[18.6515,63.1359],[18.6571,63.1237],[18.6546,63.1137],[18.6397,63.1097],[18.6189,63.1138],[18.5989,63.1212],[18.5786,63.1245],[18.557,63.1165],[18.5497,63.1071],[18.5454,63.0958],[18.5384,63.0847],[18.523,63.0755],[18.557,63.0755],[18.5127,63.0574],[18.499,63.0551],[18.4929,63.0496],[18.4866,63.0257],[18.4782,63.0202],[18.4679,63.0237],[18.4341,63.0476],[18.4193,63.0531],[18.4038,63.0556],[18.3879,63.0542],[18.3721,63.0476],[18.4048,63.0355],[18.4219,63.0269],[18.4341,63.0141],[18.3683,63.0202],[18.3655,63.0224],[18.3566,63.033],[18.3516,63.0371],[18.3431,63.0395],[18.3407,63.0361],[18.3403,63.0306],[18.3379,63.0271],[18.3391,63.0256],[18.3242,63.0141],[18.2998,63.0067],[18.2417,62.9998],[18.2664,62.9903],[18.5244,62.9919],[18.5511,62.9859],[18.5706,62.9731],[18.5767,62.9584],[18.568,62.9534],[18.554,62.9584],[18.544,62.9731],[18.5366,62.9731],[18.5281,62.9538],[18.5049,62.9492],[18.4769,62.9531],[18.4181,62.9693],[18.4033,62.9648],[18.3926,62.9452],[18.4396,62.9282],[18.4546,62.9248],[18.4911,62.9312],[18.511,62.9324],[18.523,62.9248],[18.5125,62.9041],[18.4723,62.9017],[18.4001,62.9111],[18.4151,62.8972],[18.4634,62.8876],[18.4745,62.8769],[18.4714,62.8677],[18.4626,62.8612],[18.4513,62.8571],[18.4269,62.8541],[18.4178,62.8502],[18.41,62.8454],[18.4001,62.8415],[18.3776,62.8367],[18.3664,62.8362],[18.3472,62.8397],[18.3311,62.8401],[18.3242,62.8415],[18.321,62.8447],[18.3189,62.8493],[18.3169,62.8558],[18.2844,62.8763],[18.2683,62.8835],[18.2485,62.8837],[18.251,62.8798],[18.2554,62.8695],[18.207,62.8695],[18.207,62.8632],[18.218,62.8593],[18.2202,62.8523],[18.2157,62.8439],[18.207,62.8354],[18.2293,62.8295],[18.2622,62.8483],[18.2827,62.8415],[18.2588,62.8106],[18.2437,62.799],[18.2244,62.7944],[18.2151,62.7901],[18.2056,62.782],[18.1951,62.7774],[18.1834,62.7835],[18.1829,62.79],[18.1882,62.7978],[18.1956,62.8044],[18.2009,62.808],[18.1863,62.8117],[18.1769,62.8041],[18.1691,62.7914],[18.1592,62.7801],[18.1405,62.7719],[18.1204,62.7706],[18.0773,62.7739],[18.082,62.7833],[18.0847,62.7869],[18.0684,62.7939],[18.0488,62.7958],[18.009,62.7944],[18.034,62.8115],[18.1214,62.8058],[18.1462,62.8223],[18.1042,62.831],[18.0843,62.8373],[18.0711,62.8489],[18.0735,62.8511],[18.0745,62.8522],[18.0752,62.8533],[18.0773,62.8558],[18.0547,62.8529],[18.0203,62.8413],[17.9886,62.8259],[17.9749,62.8115],[17.9678,62.8078],[17.9517,62.811],[17.9353,62.817],[17.9264,62.8223],[17.9243,62.8311],[17.9264,62.8664],[17.9245,62.8693],[17.9151,62.8783],[17.9128,62.8837],[17.9147,62.8887],[17.9242,62.8973],[17.9264,62.9005],[17.9214,62.9157],[17.9094,62.9158],[17.8937,62.9108],[17.8787,62.9111],[17.8721,62.9184],[17.8545,62.9551],[17.8457,62.9636],[17.8355,62.9703],[17.8235,62.9754],[17.8097,62.9793],[17.8169,62.9838],[17.8308,62.9998],[17.8086,62.9984],[17.7772,62.9833],[17.762,62.9793],[17.7435,62.9836],[17.7269,62.9924],[17.7108,62.9982],[17.6936,62.9936],[17.8176,62.9423],[17.8477,62.9213],[17.8659,62.9019],[17.8897,62.8702],[17.9019,62.8393],[17.8855,62.8223],[17.8855,62.8148],[17.929,62.8005],[17.9407,62.7944],[17.9529,62.786],[17.9568,62.7825],[17.9549,62.7633],[17.9624,62.7521],[17.9954,62.7277],[18.0027,62.709],[18.0002,62.6978],[17.9909,62.6808],[17.992,62.6745],[17.9973,62.6649],[17.9934,62.6599],[17.9844,62.6579],[17.9749,62.6572],[17.9678,62.6591],[17.9448,62.6686],[17.9336,62.6708],[17.8718,62.6708],[17.8916,62.658],[18.0432,62.6262],[18.0441,62.6152],[18.0477,62.6066],[18.0542,62.6003],[18.0642,62.5958],[18.0425,62.5921],[17.9683,62.5605],[17.9622,62.5636],[17.9607,62.576],[17.9528,62.6057],[17.9534,62.6118],[17.9504,62.6148],[17.937,62.6156],[17.9307,62.6124],[17.9258,62.6047],[17.9149,62.5732],[17.9133,62.5649],[17.9128,62.5576],[17.9094,62.5494],[17.9006,62.5457],[17.8787,62.5411],[17.8928,62.5275],[17.8617,62.5008],[17.8431,62.4897],[17.8235,62.4858],[17.8125,62.4894],[17.7954,62.5028],[17.7861,62.5058],[17.7346,62.5058],[17.693,62.4977],[17.6712,62.4894],[17.6589,62.4784],[17.6597,62.4614],[17.676,62.4553],[17.6961,62.4506],[17.7074,62.4374],[17.5763,62.4403],[17.5618,62.4438],[17.55,62.4483],[17.5315,62.4627],[17.5261,62.4648],[17.4815,62.5058],[17.438,62.5368],[17.4268,62.5411],[17.4061,62.5356],[17.3955,62.5113],[17.3787,62.5058],[17.3586,62.504],[17.3415,62.4981],[17.3308,62.4877],[17.3306,62.4722],[17.375,62.4374],[17.3775,62.4339],[17.3792,62.4258],[17.3797,62.4168],[17.3784,62.4108],[17.3709,62.4062],[17.3594,62.404],[17.347,62.4033],[17.3374,62.404],[17.3489,62.398],[17.3605,62.3896],[17.3665,62.3789],[17.3612,62.3661],[17.36,62.3557],[17.368,62.3431],[17.3806,62.3327],[17.3928,62.3283],[17.424,62.3317],[17.4378,62.3303],[17.4541,62.3214],[17.4619,62.3126],[17.4688,62.3019],[17.4768,62.2923],[17.4883,62.2866],[17.4883,62.2805],[17.4789,62.2807],[17.4727,62.2791],[17.4602,62.273],[17.5466,62.2491],[17.5667,62.2539],[17.5994,62.2496],[17.6321,62.2407],[17.6527,62.232],[17.5695,62.2047],[17.5444,62.2016],[17.5418,62.2064],[17.5695,62.232],[17.553,62.2373],[17.5349,62.235],[17.5191,62.2279],[17.5086,62.2184],[17.5042,62.2037],[17.5054,62.1874],[17.5081,62.1731],[17.5086,62.1638],[17.5016,62.1506],[17.4985,62.1476],[17.4816,62.1304],[17.4745,62.1166],[17.4724,62.0968],[17.4732,62.0847],[17.4676,62.0764],[17.4473,62.0682],[17.469,62.0622],[17.4592,62.0487],[17.4261,62.0266],[17.4378,62.0216],[17.4526,62.0123],[17.4605,62.0033],[17.4507,61.9993],[17.4028,61.9956],[17.3921,61.9924],[17.3865,61.9821],[17.3887,61.9709],[17.386,61.962],[17.3646,61.9583],[17.3547,61.9553],[17.3482,61.9476],[17.3446,61.9367],[17.3442,61.9241],[17.3482,61.9116],[17.3618,61.8939],[17.3646,61.8863],[17.3615,61.8797],[17.3473,61.8745],[17.3442,61.8696],[17.3435,61.8713],[17.3426,61.8638],[17.3426,61.8557],[17.3442,61.8559],[17.3469,61.8551],[17.3518,61.8525],[17.3538,61.8473],[17.3477,61.8385],[17.3426,61.8339],[17.3386,61.829],[17.3374,61.8237],[17.3408,61.8181],[17.3537,61.814],[17.4056,61.8211],[17.4007,61.8116],[17.3929,61.8052],[17.3831,61.8017],[17.3716,61.8006],[17.3716,61.7932],[17.3884,61.7883],[17.3906,61.7771],[17.3871,61.7622],[17.3859,61.746],[17.3911,61.7277],[17.3992,61.7224],[17.4483,61.7285],[17.4656,61.7335],[17.4831,61.7346],[17.502,61.7255],[17.5142,61.7138],[17.5203,61.7024],[17.52,61.6912],[17.5121,61.6802],[17.5056,61.6671],[17.5025,61.6498],[17.4963,61.6351],[17.4815,61.6287],[17.4616,61.6296],[17.4461,61.6329],[17.4329,61.6394],[17.4199,61.6498],[17.3833,61.6927],[17.3623,61.7091],[17.3306,61.7181],[17.3323,61.705],[17.3374,61.6951],[17.3509,61.6772],[17.3132,61.682],[17.2998,61.6899],[17.3032,61.7051],[17.2666,61.7216],[17.2243,61.7272],[17.138,61.7255],[17.1504,61.7143],[17.1657,61.7104],[17.2,61.7112],[17.2686,61.6908],[17.2598,61.6741],[17.2287,61.6631],[17.1919,61.6574],[17.1662,61.6567],[17.1662,61.6498],[17.1738,61.6489],[17.1934,61.6423],[17.1648,61.6364],[17.1189,61.6458],[17.0972,61.6361],[17.2256,61.622],[17.2479,61.6088],[17.2259,61.6029],[17.2085,61.6046],[17.1724,61.6157],[17.1507,61.6179],[17.0835,61.6157],[17.0835,61.6088],[17.1192,61.6097],[17.1349,61.6059],[17.1457,61.5952],[17.1029,61.585],[17.0563,61.5822],[17.0824,61.5713],[17.1865,61.561],[17.1865,61.5542],[17.0903,61.5561],[17.0801,61.5505],[17.089,61.5454],[17.1116,61.5414],[17.1301,61.5327],[17.1555,61.5295],[17.1662,61.5269],[17.1662,61.5195],[17.1245,61.5195],[17.1245,61.5133],[17.1637,61.5041],[17.1724,61.499],[17.177,61.4869],[17.1716,61.4804],[17.1613,61.4746],[17.1519,61.4648],[17.1575,61.4563],[17.1615,61.448],[17.1693,61.4411],[17.1797,61.437],[17.1926,61.437],[17.1987,61.4421],[17.2041,61.4482],[17.2136,61.4512],[17.2204,61.448],[17.2214,61.441],[17.2171,61.4339],[17.207,61.4307],[17.1955,61.4299],[17.1846,61.4273],[17.1748,61.4228],[17.1662,61.4164],[17.1587,61.4241],[17.1472,61.4335],[17.1366,61.4371],[17.1276,61.4183],[17.1084,61.4094],[17.104,61.3994],[17.1091,61.3936],[17.138,61.3693],[17.167,61.3558],[17.2002,61.3481],[17.2018,61.3371],[17.2761,61.314],[17.2461,61.3103],[17.2137,61.3134],[17.1519,61.3283],[17.1663,61.3084],[17.1931,61.2993],[17.2234,61.2944],[17.2479,61.2873],[17.2051,61.2885],[17.1873,61.2912],[17.1351,61.3161],[17.1184,61.3196],[17.0972,61.3209],[17.0972,61.314],[17.1213,61.3082],[17.1515,61.2939],[17.1803,61.276],[17.2002,61.2594],[17.2127,61.2353],[17.1971,61.2263],[17.1709,61.22],[17.1519,61.2042],[17.1865,61.1911],[17.1817,61.166],[17.1743,61.1577],[17.1587,61.1496],[17.179,61.136],[17.1828,61.1232],[17.1714,61.1151],[17.1457,61.1147],[17.1567,61.1118],[17.1838,61.1116],[17.1934,61.1086],[17.1981,61.1027],[17.1999,61.0959],[17.1975,61.0904],[17.19,61.0881],[17.1812,61.0837],[17.1738,61.0729],[17.1687,61.0593],[17.1662,61.0465],[17.1697,61.0425],[17.1773,61.0372],[17.1865,61.0329],[17.1655,61.0223],[17.1587,61.0198],[17.2114,61.0239],[17.2358,61.0223],[17.2479,61.0124],[17.1882,61.0046],[17.1677,60.9922],[17.1587,60.9645],[17.1575,60.9524],[17.1582,60.9484],[17.1797,60.9372],[17.1974,60.9362],[17.2051,60.9339],[17.2024,60.9215],[17.2051,60.9147],[17.2139,60.9025],[17.2168,60.8994],[17.2329,60.9046],[17.2417,60.9025],[17.2463,60.898],[17.2822,60.841],[17.2741,60.8397],[17.2651,60.837],[17.2581,60.8327],[17.2555,60.8274],[17.2593,60.8157],[17.2666,60.8152],[17.2751,60.8172],[17.2822,60.8131],[17.2848,60.8],[17.2822,60.7897],[17.2831,60.7812],[17.2964,60.7728],[17.3154,60.7697],[17.3308,60.7703],[17.3357,60.7669],[17.3237,60.7523],[17.3115,60.7453],[17.2791,60.7363],[17.2522,60.72],[17.2147,60.7062],[17.1912,60.7017],[17.1863,60.6971],[17.1867,60.6924],[17.1934,60.6902],[17.2053,60.6914],[17.2276,60.6965],[17.238,60.6977],[17.258,60.6944],[17.278,60.6799],[17.3102,60.673],[17.3646,60.6492],[17.3237,60.6356],[17.3237,60.6287],[17.3395,60.623],[17.3599,60.6215],[17.3766,60.6239],[17.3802,60.6244],[17.3958,60.6322],[17.4138,60.6379],[17.5471,60.6492],[17.575,60.6479],[17.5941,60.6394],[17.6084,60.6304],[17.6455,60.6186],[17.6589,60.6083],[17.6467,60.5996],[17.6111,60.5885],[17.6038,60.5841],[17.6069,60.5695],[17.6214,60.5471],[17.6248,60.5363],[17.6382,60.5154],[17.6706,60.5041],[17.7415,60.4984],[17.7415,60.5058],[17.7271,60.5347],[17.7622,60.5633],[17.8161,60.5853],[17.9186,60.6002],[17.9487,60.5992],[17.9749,60.5878],[17.9954,60.553],[17.9935,60.5409],[17.9876,60.5307],[17.9787,60.5233],[17.9675,60.5189],[17.9675,60.5121],[17.9934,60.5109],[18.0183,60.5023],[18.0642,60.478],[18.0984,60.4649],[18.1026,60.4589],[18.1087,60.4425],[18.112,60.437],[18.1433,60.4136],[18.1787,60.3989],[18.2622,60.3824],[18.2454,60.3769],[18.2199,60.3637],[18.207,60.355],[18.207,60.3476],[18.2212,60.3391],[18.2279,60.3338],[18.2349,60.3271],[18.2507,60.3341],[18.2775,60.3494],[18.2964,60.355],[18.3135,60.3569],[18.3263,60.3555],[18.3584,60.3476],[18.428,60.3488],[18.4478,60.3414],[18.4466,60.3384],[18.4458,60.3302],[18.446,60.3207],[18.4478,60.3135],[18.452,60.3102],[18.4745,60.2998],[18.4745,60.293],[18.4621,60.2912],[18.4499,60.2924],[18.438,60.2921],[18.4268,60.2862],[18.5654,60.2593],[18.6048,60.2383],[18.5637,60.2276],[18.4006,60.2596],[18.3692,60.279],[18.3169,60.321],[18.3309,60.2857],[18.3699,60.2586],[18.4151,60.2351],[18.4478,60.2111],[18.4307,60.2104],[18.4172,60.2158],[18.3926,60.2322],[18.3997,60.2078],[18.4199,60.1935],[18.4683,60.1763],[18.4929,60.1608],[18.5061,60.1557],[18.523,60.1558],[18.5349,60.1589],[18.5441,60.1643],[18.548,60.1723],[18.5485,60.1741],[18.5481,60.1439],[18.5501,60.1291],[18.5545,60.1214],[18.5734,60.0882],[18.5781,60.0739],[18.5843,60.0739],[18.5899,60.0889],[18.5908,60.1083],[18.5872,60.1275],[18.5781,60.1422],[18.5994,60.1483],[18.6257,60.1508],[18.6514,60.1483],[18.6857,60.1308],[18.7207,60.126],[18.7352,60.1148],[18.74,60.0986],[18.7383,60.0641],[18.7451,60.0497],[18.7888,60.0176],[18.7966,60.005],[18.7815,60.0308],[18.7625,60.056],[18.7531,60.0822],[18.7659,60.1111],[18.8035,60.1216],[18.8169,60.1176],[18.8205,60.1137],[18.8176,60.0978],[18.8196,60.081],[18.8245,60.0683],[18.8682,59.9937],[18.9031,59.9472],[18.9221,59.9343],[18.9658,59.9268],[18.9888,59.9193],[19.0055,59.9118],[19.0095,59.9094],[19.01,59.9069],[19.009,59.8987],[19.0095,59.8963],[19.0244,59.8845],[19.0321,59.8815],[19.0436,59.8821],[19.0418,59.8869],[19.0388,59.898],[19.0368,59.9025],[19.0545,59.9007],[19.0716,59.8963],[19.0682,59.8819],[19.0667,59.8419],[19.0679,59.8337],[19.0347,59.835],[19.0213,59.84],[18.9491,59.9],[18.9168,59.9213],[18.886,59.9299],[18.8963,59.9171],[18.9307,59.8855],[18.9353,59.8685],[18.9241,59.8523],[18.8616,59.803],[18.8434,59.7956],[18.8208,59.7927],[18.777,59.7938],[18.7546,59.7912],[18.7386,59.7828],[18.7339,59.7688],[18.752,59.7689],[18.7898,59.779],[19.042,59.785],[19.0852,59.7722],[19.0745,59.7497],[19.0578,59.7362],[19.036,59.7285],[18.9753,59.7191],[18.9568,59.7192],[18.9413,59.7238],[18.9317,59.7314],[18.9209,59.7464],[18.9133,59.7518],[18.9014,59.7347],[18.8799,59.7216],[18.8555,59.7131],[18.7813,59.7016],[18.7578,59.6911],[18.7556,59.6767],[18.72,59.6757],[18.7141,59.6732],[18.7126,59.6644],[18.7085,59.6575],[18.702,59.6526],[18.6936,59.6494],[18.742,59.6494],[18.7356,59.6415],[18.7238,59.6323],[18.7105,59.6246],[18.7005,59.6214],[18.6902,59.6243],[18.682,59.6301],[18.6727,59.6352],[18.66,59.6357],[18.6797,59.6168],[18.6865,59.6058],[18.6771,59.6009],[18.6643,59.5977],[18.64,59.5836],[18.5973,59.574],[18.5407,59.5458],[18.4841,59.5344],[18.4579,59.522],[18.4131,59.491],[18.3796,59.4764],[18.345,59.4731],[18.2691,59.4774],[18.2691,59.4706],[18.3032,59.457],[18.2893,59.4506],[18.2622,59.4525],[18.2485,59.4501],[18.2668,59.4448],[18.2827,59.4364],[18.2769,59.4226],[18.2931,59.414],[18.3179,59.4097],[18.3379,59.4085],[18.3073,59.3968],[18.2476,59.3977],[18.1885,59.4074],[18.1592,59.4222],[18.1707,59.4261],[18.1829,59.428],[18.1953,59.4272],[18.207,59.4222],[18.2039,59.4306],[18.1995,59.4509],[18.194,59.457],[18.1814,59.4582],[18.1592,59.447],[18.1455,59.4438],[18.1377,59.446],[18.1262,59.4553],[18.1188,59.457],[18.1133,59.4547],[18.1012,59.4458],[18.095,59.4438],[18.0845,59.439],[18.0845,59.4278],[18.0906,59.4159],[18.0984,59.4085],[18.0654,59.3972],[18.054,59.3955],[18.0425,59.3974],[18.0207,59.4061],[18.009,59.4085],[18.1462,59.3402],[18.1105,59.336],[18.0951,59.3384],[18.0951,59.3268],[18.1729,59.3266],[18.1966,59.3342],[18.207,59.3327],[18.2144,59.3198],[18.2206,59.3198],[18.2547,59.3628],[18.3181,59.3759],[18.3897,59.3695],[18.4478,59.3539],[18.4421,59.3507],[18.4321,59.3433],[18.4268,59.3402],[18.4568,59.3354],[18.4701,59.3371],[18.4819,59.3477],[18.4549,59.3816],[18.4478,59.3955],[18.4956,59.3955],[18.4558,59.4097],[18.4375,59.4193],[18.4268,59.4364],[18.4846,59.4342],[18.5108,59.4282],[18.5366,59.416],[18.5383,59.4125],[18.5422,59.3992],[18.544,59.3955],[18.6123,59.3749],[18.6008,59.3625],[18.5837,59.3625],[18.5635,59.3669],[18.544,59.3681],[18.5666,59.3613],[18.6011,59.3558],[18.6326,59.3469],[18.6465,59.3303],[18.6389,59.3151],[18.6198,59.3083],[18.5676,59.3067],[18.5516,59.3044],[18.5357,59.3001],[18.5193,59.2983],[18.5025,59.303],[18.49,59.3078],[18.4612,59.3124],[18.4478,59.3129],[18.3644,59.3066],[18.3379,59.3129],[18.3399,59.3176],[18.3428,59.3295],[18.3447,59.3341],[18.3249,59.3344],[18.3074,59.3302],[18.2913,59.3227],[18.2759,59.3129],[18.2887,59.3083],[18.3001,59.3013],[18.3096,59.2934],[18.3169,59.2856],[18.3169,59.2788],[18.2831,59.279],[18.273,59.2742],[18.2793,59.2617],[18.3377,59.2446],[18.3612,59.2408],[18.3882,59.2303],[18.4123,59.215],[18.4268,59.1968],[18.3357,59.2359],[18.3137,59.2341],[18.3135,59.2221],[18.3294,59.2147],[18.3506,59.2109],[18.3652,59.2099],[18.3723,59.2035],[18.3777,59.1912],[18.3871,59.1831],[18.4063,59.1894],[18.4028,59.1855],[18.4006,59.1822],[18.3977,59.1791],[18.3926,59.1758],[18.3926,59.1689],[18.419,59.1751],[18.4297,59.1746],[18.4341,59.1652],[18.4314,59.1535],[18.4242,59.1439],[18.4143,59.14],[18.4031,59.1453],[18.3815,59.1478],[18.3438,59.1418],[18.3076,59.1313],[18.2902,59.1206],[18.3014,59.1222],[18.3114,59.121],[18.3193,59.1164],[18.3242,59.1081],[18.2305,59.0843],[18.2009,59.0808],[18.2142,59.0867],[18.242,59.0954],[18.2554,59.1013],[18.2417,59.1081],[18.2484,59.1116],[18.2554,59.1143],[18.2554,59.1206],[18.2389,59.1215],[18.2236,59.1195],[18.2097,59.1141],[18.1974,59.1047],[18.1852,59.0993],[18.1519,59.0974],[18.1387,59.0938],[18.1299,59.0871],[18.1087,59.0631],[18.0962,59.0583],[18.0432,59.0597],[18.0452,59.0548],[18.0485,59.0432],[18.0505,59.0386],[18.0256,59.0454],[18.0137,59.0449],[18.0027,59.0386],[18.0186,59.0229],[18.0033,59.006],[17.9774,58.9866],[17.9612,58.9634],[17.9629,58.9517],[17.9686,58.9441],[17.9706,58.936],[17.9612,58.9225],[17.9483,58.9147],[17.9307,58.9101],[17.9128,58.9099],[17.8997,58.9157],[17.8943,58.9034],[17.8923,58.8898],[17.8928,58.861],[17.8799,58.8675],[17.8694,58.877],[17.8652,58.8888],[17.8718,58.902],[17.8645,58.915],[17.8612,58.9191],[17.8518,58.9248],[17.8444,58.9246],[17.8377,58.9226],[17.8308,58.9225],[17.8147,58.9282],[17.8052,58.9339],[17.7861,58.9536],[17.7736,58.9607],[17.7756,58.9472],[17.7874,58.9255],[17.8035,58.9083],[17.792,58.8909],[17.7863,58.8842],[17.7793,58.8815],[17.7744,58.8862],[17.7754,58.8969],[17.7791,58.9084],[17.783,58.9157],[17.7493,58.9238],[17.7468,58.9426],[17.752,58.9651],[17.7415,58.984],[17.7415,58.9914],[17.7557,59.0063],[17.7608,59.037],[17.7603,59.0672],[17.7586,59.0808],[17.7561,59.0852],[17.7691,59.109],[17.7688,59.1206],[17.7581,59.1259],[17.7446,59.1227],[17.7328,59.1144],[17.7278,59.1047],[17.7263,59.0736],[17.7212,59.059],[17.7105,59.0528],[17.7013,59.0573],[17.6658,59.0808],[17.6687,59.0954],[17.6888,59.118],[17.6936,59.1314],[17.69,59.1428],[17.6809,59.1534],[17.6697,59.1623],[17.6589,59.1689],[17.6731,59.1348],[17.6611,59.1196],[17.6475,59.1081],[17.6311,59.0996],[17.6111,59.0938],[17.6205,59.0726],[17.6162,59.0512],[17.6145,59.0321],[17.6316,59.0181],[17.6214,59.0024],[17.6143,58.9807],[17.6071,58.966],[17.5975,58.9709],[17.5864,58.965],[17.5863,58.9649],[17.5814,58.9611],[17.5769,58.9567],[17.5847,58.951],[17.5929,58.9468],[17.6017,58.9442],[17.6111,58.943],[17.6111,58.9362],[17.6012,58.9278],[17.6138,58.924],[17.6267,58.9178],[17.6179,58.902],[17.599,58.8941],[17.5781,58.8956],[17.5568,58.9003],[17.536,58.902],[17.5457,58.8896],[17.5594,58.8804],[17.5907,58.8673],[17.5907,58.861],[17.5695,58.861],[17.5765,58.8565],[17.5838,58.8536],[17.5557,58.8542],[17.4802,58.8861],[17.4473,58.8952],[17.4473,58.8884],[17.465,58.8815],[17.4691,58.8704],[17.4602,58.84],[17.4514,58.8234],[17.45,58.8159],[17.4572,58.8126],[17.4644,58.811],[17.4883,58.7996],[17.4597,58.7914],[17.3374,58.8065],[17.3716,58.779],[17.3768,58.7644],[17.3578,58.7512],[17.3052,58.7524],[17.2761,58.7488],[17.2761,58.7307],[17.1624,58.732],[17.1318,58.7375],[17.1208,58.7441],[17.1008,58.7614],[17.0869,58.7648],[17.0754,58.7627],[17.0462,58.7533],[17.0282,58.7512],[17.0418,58.747],[17.0734,58.7448],[17.0835,58.7375],[17.0837,58.7287],[17.0774,58.7204],[17.0691,58.7138],[17.0625,58.7102],[17.083,58.7029],[17.1253,58.7058],[17.1457,58.7028],[17.1457,58.6966],[17.1226,58.6833],[17.1079,58.6697],[17.093,58.6608],[17.0698,58.6618],[17.0109,58.6818],[16.9749,58.6854],[16.9539,58.6693],[17.0016,58.6679],[17.0195,58.6599],[17.0358,58.6413],[17.013,58.6414],[16.9242,58.6254],[16.5789,58.6473],[16.2337,58.6693],[16.2337,58.6618],[16.2464,58.6586],[16.2571,58.6518],[16.2615,58.6431],[16.2549,58.6345],[16.2399,58.6323],[16.1978,58.6374],[16.1792,58.6345],[16.1792,58.6283],[16.1917,58.6319],[16.2039,58.634],[16.2141,58.6313],[16.2201,58.6208],[16.2402,58.6281],[16.2854,58.6159],[16.3062,58.6246],[16.3206,58.6362],[16.334,58.6391],[16.346,58.6358],[16.3675,58.6217],[16.3716,58.6206],[16.3721,58.6171],[16.3716,58.6037],[16.3765,58.5952],[16.3877,58.5916],[16.4002,58.5924],[16.4092,58.5966],[16.416,58.6091],[16.4214,58.6249],[16.4284,58.6394],[16.4398,58.6481],[16.4539,58.646],[16.5046,58.6309],[16.5178,58.6246],[16.6359,58.6268],[16.6574,58.6223],[16.676,58.6106],[16.6897,58.6055],[16.7305,58.6023],[16.7483,58.5929],[16.7463,58.5978],[16.7435,58.6091],[16.7415,58.614],[16.7769,58.6077],[16.7893,58.6072],[16.7796,58.5887],[16.786,58.5727],[16.8042,58.5621],[16.8303,58.5594],[16.8211,58.5535],[16.8167,58.5519],[16.8167,58.5464],[16.844,58.5464],[16.844,58.5389],[16.8342,58.5295],[16.8467,58.5244],[16.8849,58.5185],[16.9402,58.4911],[16.9162,58.4835],[16.8659,58.4831],[16.844,58.4775],[16.8529,58.4631],[16.8303,58.4521],[16.7964,58.4451],[16.772,58.4427],[16.7655,58.4407],[16.7536,58.4315],[16.7483,58.429],[16.741,58.4296],[16.7276,58.4349],[16.7205,58.4365],[16.5979,58.4486],[16.5397,58.4682],[16.4414,58.486],[16.4126,58.4775],[16.4483,58.4748],[16.6595,58.4148],[16.6926,58.4127],[16.7056,58.4077],[16.7149,58.395],[16.715,58.3857],[16.7114,58.3774],[16.7096,58.3691],[16.7149,58.3602],[16.7234,58.3607],[16.7389,58.3649],[16.7523,58.3701],[16.7546,58.3738],[16.7666,58.3686],[16.7713,58.3631],[16.7751,58.3397],[16.6317,58.3539],[16.6481,58.3432],[16.6847,58.3279],[16.7,58.3192],[16.6963,58.3086],[16.6985,58.3017],[16.7108,58.2987],[16.7219,58.2999],[16.7271,58.3036],[16.7267,58.31],[16.7205,58.3192],[16.7793,58.3256],[16.7992,58.3236],[16.7893,58.3056],[16.7839,58.3041],[16.7673,58.306],[16.7614,58.3056],[16.7605,58.3024],[16.76,58.2963],[16.7586,58.2897],[16.7546,58.2851],[16.743,58.2813],[16.7068,58.2783],[16.7068,58.2714],[16.7295,58.2685],[16.803,58.2447],[16.7933,58.2388],[16.7893,58.2373],[16.8026,58.231],[16.8137,58.2204],[16.8213,58.2071],[16.8241,58.1929],[16.8223,58.1796],[16.8171,58.1772],[16.8084,58.1799],[16.7962,58.182],[16.7883,58.1793],[16.7915,58.1729],[16.8005,58.1661],[16.8098,58.1621],[16.7772,58.1305],[16.7214,58.1498],[16.6619,58.1855],[16.6174,58.2031],[16.6321,58.1857],[16.6719,58.1653],[16.6863,58.1479],[16.6797,58.1483],[16.666,58.1474],[16.6595,58.1479],[16.6817,58.1282],[16.7161,58.1042],[16.7361,58.0848],[16.7149,58.0796],[16.7176,58.0668],[16.7123,58.0595],[16.701,58.057],[16.6863,58.0585],[16.7074,58.0499],[16.7249,58.0458],[16.7402,58.0398],[16.7546,58.025],[16.7464,58.0166],[16.7378,58.0142],[16.7289,58.0173],[16.7205,58.025],[16.6916,58.0148],[16.6868,58.0087],[16.7,57.9977],[16.679,58.0051],[16.658,58.0353],[16.6447,58.0386],[16.6312,58.0279],[16.6372,58.0145],[16.6595,57.9902],[16.6716,57.9918],[16.6863,57.9902],[16.6869,57.9892],[16.6976,57.9706],[16.7064,57.9621],[16.7176,57.9666],[16.7278,57.9741],[16.7354,57.9719],[16.74,57.9621],[16.7415,57.9462],[16.7472,57.9404],[16.7739,57.9234],[16.7825,57.9151],[16.7654,57.9152],[16.7273,57.9288],[16.7362,57.9138],[16.7654,57.8988],[16.7688,57.8878],[16.7581,57.877],[16.7411,57.8772],[16.7234,57.8835],[16.7108,57.8913],[16.6912,57.9162],[16.6829,57.9189],[16.6795,57.8984],[16.6707,57.8914],[16.6506,57.8909],[16.6106,57.8947],[16.6138,57.9035],[16.6138,57.9121],[16.6104,57.9206],[16.6038,57.9288],[16.615,57.9296],[16.6257,57.9284],[16.6356,57.9255],[16.6447,57.9213],[16.5153,57.9988],[16.5059,57.9982],[16.4983,57.993],[16.4945,57.984],[16.4972,57.9772],[16.5046,57.9702],[16.5321,57.9503],[16.5901,57.9356],[16.5848,57.9326],[16.5749,57.9244],[16.5696,57.9213],[16.576,57.9113],[16.577,57.9019],[16.5725,57.8939],[16.5628,57.8878],[16.5441,57.8989],[16.5246,57.9063],[16.4808,57.9151],[16.4945,57.9021],[16.4871,57.8947],[16.4802,57.8983],[16.4603,57.9021],[16.4603,57.8947],[16.6755,57.7645],[16.7068,57.7506],[16.7,57.7438],[16.683,57.7473],[16.6351,57.7657],[16.6211,57.7742],[16.5418,57.839],[16.4194,57.8947],[16.4276,57.8769],[16.439,57.8654],[16.4734,57.8469],[16.53,57.8253],[16.5733,57.7954],[16.5809,57.7869],[16.5868,57.7789],[16.5945,57.7729],[16.6072,57.7705],[16.6182,57.7666],[16.6527,57.7463],[16.6652,57.737],[16.6521,57.7296],[16.673,57.7297],[16.6908,57.7257],[16.7048,57.7168],[16.7149,57.7028],[16.6931,57.7028],[16.6931,57.696],[16.7068,57.696],[16.7068,57.6885],[16.6392,57.6923],[16.6089,57.6987],[16.577,57.7097],[16.584,57.7004],[16.6026,57.689],[16.6106,57.6824],[16.62,57.6667],[16.6177,57.6583],[16.6048,57.6568],[16.5833,57.6619],[16.5918,57.6517],[16.6033,57.6491],[16.6151,57.6479],[16.6248,57.6414],[16.6305,57.6291],[16.6261,57.6246],[16.6165,57.6224],[16.6072,57.6172],[16.5978,57.6103],[16.57,57.5957],[16.5628,57.593],[16.5571,57.5969],[16.5549,57.6062],[16.5549,57.6174],[16.5559,57.6271],[16.5476,57.6222],[16.5388,57.6207],[16.5298,57.6224],[16.5205,57.6271],[16.5305,57.6155],[16.5353,57.6115],[16.5422,57.6073],[16.5274,57.5954],[16.5205,57.593],[16.5205,57.5861],[16.5422,57.5793],[16.5422,57.5725],[16.515,57.5725],[16.515,57.5663],[16.5925,57.5648],[16.6292,57.5569],[16.6576,57.5155],[16.6803,57.4897],[16.689,57.4717],[16.6595,57.4763],[16.6722,57.4597],[16.6668,57.4553],[16.6522,57.4545],[16.6384,57.449],[16.6333,57.4371],[16.639,57.4267],[16.653,57.419],[16.6726,57.4155],[16.656,57.4092],[16.6372,57.4062],[16.6257,57.399],[16.6317,57.3808],[16.5726,57.3874],[16.5476,57.3825],[16.5348,57.3603],[16.5696,57.3466],[16.5602,57.3374],[16.5496,57.3332],[16.5474,57.3288],[16.5628,57.3193],[16.4852,57.2946],[16.4691,57.2754],[16.4945,57.2429],[16.466,57.228],[16.4582,57.204],[16.465,57.1773],[16.4808,57.1548],[16.5095,57.1273],[16.5205,57.1201],[16.531,57.1169],[16.5373,57.1182],[16.5431,57.118],[16.5525,57.1101],[16.5696,57.0865],[16.5545,57.0808],[16.5606,57.0693],[16.5745,57.0561],[16.5833,57.0449],[16.5705,57.0443],[16.5348,57.0517],[16.5334,57.0544],[16.535,57.0591],[16.5348,57.0635],[16.5277,57.0654],[16.5213,57.0644],[16.5178,57.0621],[16.5161,57.0598],[16.515,57.0586],[16.5108,57.056],[16.5086,57.051],[16.5068,57.0456],[16.5044,57.0415],[16.5003,57.0397],[16.4968,57.0414],[16.4927,57.0439],[16.4763,57.0458],[16.4524,57.0514],[16.4398,57.0517],[16.4475,57.0444],[16.4553,57.0384],[16.464,57.034],[16.4734,57.0312],[16.4734,57.0238],[16.4531,57.0235],[16.4398,57.0141],[16.4349,56.9979]],[[12.3499,56.9954],[12.3489,57.0006],[12.3469,57.0063],[12.341,57.0141],[12.3333,57.0209],[12.3018,57.0292],[12.2713,57.0429],[12.2474,57.0607],[12.2453,57.079],[12.238,57.0814],[12.2186,57.0927],[12.2376,57.1081],[12.2334,57.1215],[12.2044,57.1479],[12.201,57.1557],[12.1979,57.1758],[12.1974,57.1849],[12.1914,57.1853],[12.161,57.1841],[12.1491,57.1883],[12.1805,57.2042],[12.1913,57.2126],[12.1807,57.2163],[12.1577,57.2169],[12.1384,57.2197],[12.1204,57.2259],[12.1013,57.2367],[12.1292,57.2367],[12.1429,57.2387],[12.1565,57.2429],[12.1424,57.248],[12.1273,57.2501],[12.0951,57.2504],[12.0951,57.2571],[12.1055,57.263],[12.1123,57.2698],[12.1199,57.2753],[12.1426,57.28],[12.1472,57.2855],[12.1472,57.2922],[12.1428,57.2982],[12.1441,57.3101],[12.137,57.3195],[12.1257,57.3268],[12.115,57.3323],[12.1125,57.3352],[12.1094,57.34],[12.105,57.3445],[12.0982,57.3466],[12.0899,57.3452],[12.0739,57.3398],[12.0671,57.3398],[12.0498,57.3511],[12.0637,57.3636],[12.0899,57.3779],[12.1087,57.3944],[12.0603,57.3944],[12.0827,57.4023],[12.0921,57.4114],[12.0899,57.423],[12.0593,57.4588],[12.0535,57.4626],[12.0436,57.4618],[12.0366,57.457],[12.0301,57.4516],[12.0227,57.449],[12.0066,57.4341],[11.9929,57.366],[11.979,57.3466],[11.9722,57.3641],[11.95,57.3608],[11.9336,57.3608],[11.9448,57.3876],[11.9336,57.3869],[11.9227,57.3874],[11.9126,57.3897],[11.9033,57.3944],[11.9152,57.4034],[11.9137,57.4167],[11.907,57.4324],[11.9033,57.449],[11.9071,57.4653],[11.9164,57.4763],[11.9297,57.4838],[11.9448,57.4899],[11.9277,57.498],[11.9102,57.5036],[11.9168,57.5047],[11.9312,57.5111],[11.9102,57.5215],[11.9033,57.5241],[11.9177,57.5395],[11.9115,57.5953],[11.9168,57.6209],[11.9129,57.623],[11.9019,57.6264],[11.8971,57.6271],[11.8919,57.613],[11.8796,57.6062],[11.8674,57.6074],[11.8616,57.6172],[11.8581,57.6326],[11.8496,57.6433],[11.8406,57.652],[11.835,57.6619],[11.8446,57.683],[11.9095,57.6868],[11.9237,57.7028],[11.9021,57.6962],[11.8744,57.6933],[11.8459,57.6933],[11.8213,57.696],[11.7705,57.7122],[11.7477,57.7136],[11.7518,57.696],[11.738,57.6933],[11.7197,57.6935],[11.7054,57.6984],[11.7039,57.7097],[11.7063,57.722],[11.8015,57.7742],[11.8104,57.7814],[11.8079,57.7881],[11.7894,57.7903],[11.7669,57.7888],[11.7518,57.7848],[11.7273,57.803],[11.7079,57.8231],[11.6868,57.8376],[11.6563,57.8394],[11.6784,57.8537],[11.6908,57.8586],[11.7039,57.8605],[11.6936,57.8812],[11.7073,57.8914],[11.7593,57.9021],[11.7593,57.9083],[11.7456,57.9083],[11.7456,57.9151],[11.7554,57.9171],[11.7595,57.919],[11.7661,57.9288],[11.7366,57.9387],[11.7437,57.9557],[11.7873,57.9977],[11.8001,58.0223],[11.8029,58.0366],[11.7971,58.0489],[11.7878,58.059],[11.783,58.0692],[11.7863,58.0786],[11.801,58.0864],[11.7977,58.0903],[11.7962,58.0933],[11.7935,58.1001],[11.8181,58.1032],[11.8285,58.1212],[11.8374,58.1872],[11.8413,58.1938],[11.8521,58.1963],[11.8654,58.1967],[11.8757,58.1992],[11.8838,58.2053],[11.8897,58.2168],[11.8737,58.2154],[11.8606,58.2184],[11.8518,58.2266],[11.8446,58.2534],[11.8348,58.2617],[11.8234,58.269],[11.8138,58.2783],[11.8089,58.3022],[11.8259,58.3166],[11.8828,58.3328],[11.8704,58.3454],[11.8495,58.3427],[11.807,58.3266],[11.7518,58.3298],[11.7267,58.3271],[11.7258,58.313],[11.7114,58.3076],[11.679,58.3074],[11.6287,58.2815],[11.6189,58.2783],[11.6128,58.2744],[11.591,58.2563],[11.5811,58.2509],[11.5671,58.2492],[11.552,58.2503],[11.5378,58.2535],[11.5259,58.2578],[11.5304,58.2528],[11.5396,58.2373],[11.5059,58.2431],[11.4966,58.2584],[11.5037,58.2802],[11.5191,58.3056],[11.5418,58.3336],[11.5674,58.355],[11.6221,58.3881],[11.6078,58.395],[11.6218,58.406],[11.637,58.4136],[11.6699,58.4222],[11.6526,58.4374],[11.6289,58.4313],[11.6053,58.4155],[11.5886,58.4011],[11.5784,58.4141],[11.5593,58.4483],[11.5532,58.4632],[11.547,58.4632],[11.5535,58.434],[11.5518,58.3994],[11.5417,58.3649],[11.5225,58.3362],[11.495,58.3125],[11.466,58.2941],[11.3962,58.2646],[11.4051,58.2792],[11.4162,58.2904],[11.429,58.299],[11.4434,58.3056],[11.4434,58.313],[11.4281,58.3118],[11.3992,58.303],[11.3893,58.3056],[11.3838,58.3182],[11.3895,58.3291],[11.4011,58.3368],[11.4133,58.3397],[11.4486,58.3417],[11.4413,58.3491],[11.4229,58.3638],[11.4241,58.3881],[11.407,58.3874],[11.3977,58.3789],[11.3911,58.3664],[11.3825,58.3539],[11.3706,58.3475],[11.3553,58.3439],[11.3459,58.346],[11.3514,58.3571],[11.3859,58.398],[11.4072,58.4184],[11.4157,58.4289],[11.4241,58.4427],[11.4152,58.432],[11.3724,58.3999],[11.356,58.3927],[11.3484,58.3881],[11.3451,58.3839],[11.3377,58.3719],[11.3342,58.3676],[11.3068,58.3601],[11.2791,58.3662],[11.2536,58.3659],[11.2317,58.3397],[11.2209,58.3463],[11.2196,58.3527],[11.2227,58.3604],[11.2249,58.3707],[11.2217,58.3796],[11.2044,58.4011],[11.209,58.4189],[11.2234,58.4249],[11.259,58.4222],[11.2515,58.4423],[11.2612,58.4522],[11.2786,58.4591],[11.2937,58.47],[11.2577,58.4822],[11.2522,58.4874],[11.25,58.4932],[11.2407,58.5022],[11.2385,58.5079],[11.2407,58.5125],[11.2454,58.5163],[11.25,58.5185],[11.2522,58.5185],[11.2529,58.5482],[11.2556,58.5557],[11.265,58.5629],[11.2733,58.5662],[11.2805,58.5703],[11.2863,58.5799],[11.2658,58.5799],[11.2698,58.5922],[11.2648,58.5967],[11.257,58.5997],[11.2522,58.6072],[11.2528,58.616],[11.259,58.6258],[11.259,58.6345],[11.2498,58.6489],[11.2106,58.6792],[11.2141,58.6989],[11.218,58.708],[11.2124,58.7104],[11.1869,58.7102],[11.1774,58.7186],[11.1786,58.7365],[11.1898,58.753],[11.2106,58.7574],[11.2069,58.7709],[11.2127,58.7794],[11.2227,58.7875],[11.2317,58.7996],[11.2334,58.8082],[11.2317,58.8437],[11.2263,58.8489],[11.2146,58.8513],[11.2029,58.8549],[11.1976,58.8642],[11.1976,58.8879],[11.1956,58.8984],[11.1901,58.9083],[11.1932,58.9122],[11.195,58.9152],[11.1976,58.9225],[11.1467,58.9312],[11.1199,58.9409],[11.1082,58.9536],[11.1174,58.9688],[11.1389,58.9783],[11.1838,58.9914],[11.1418,58.9896],[11.1228,58.9941],[11.115,59.0082],[11.1194,59.0208],[11.1294,59.0312],[11.1936,59.0801],[11.2201,59.0902],[11.321,59.0995],[11.3547,59.0916],[11.3689,59.0631],[11.3762,59.0417],[11.3938,59.0194],[11.4141,59.0011],[11.4297,58.9914],[11.4375,58.9914],[11.4375,58.9917],[11.4378,58.9982],[11.4036,59.0386],[11.3996,59.0477],[11.3938,59.07],[11.3893,59.0808],[11.3705,59.1007],[11.3446,59.1114],[11.3138,59.1152],[11.2166,59.1104],[11.1824,59.116],[11.1702,59.1348],[11.1747,59.1409],[11.1831,59.1429],[11.2009,59.1422],[11.2067,59.1457],[11.2017,59.1525],[11.1936,59.1575],[11.1901,59.1552],[11.1831,59.1601],[11.1786,59.165],[11.1764,59.1723],[11.178,59.1807],[11.1805,59.1843],[11.181,59.1881],[11.1764,59.1968],[11.1667,59.1921],[11.1355,59.1832],[11.1502,59.1752],[11.1531,59.1625],[11.1473,59.15],[11.1355,59.1422],[11.1188,59.1423],[11.1071,59.1507],[11.0877,59.1758],[11.0973,59.1485],[11.0991,59.1342],[11.0911,59.128],[11.0325,59.128],[11.0398,59.1437],[11.0267,59.1518],[11.0078,59.1591],[10.9983,59.1723],[10.9894,59.1757],[10.9485,59.1833],[10.9362,59.1832],[10.9448,59.1649],[10.944,59.1493],[10.9341,59.1404],[10.9164,59.1422],[10.9079,59.1498],[10.9006,59.164],[10.8977,59.1809],[10.9021,59.1968],[10.8828,59.1877],[10.8726,59.1845],[10.8615,59.1832],[10.8503,59.1804],[10.8484,59.1738],[10.848,59.1666],[10.8412,59.1614],[10.8229,59.164],[10.802,59.1888],[10.7791,59.1894],[10.7842,59.2063],[10.7664,59.2318],[10.773,59.2521],[10.7619,59.2449],[10.7494,59.2239],[10.7381,59.2167],[10.7332,59.2409],[10.7437,59.268],[10.7616,59.2935],[10.7791,59.3129],[10.7634,59.3153],[10.7527,59.3227],[10.7442,59.3305],[10.7347,59.3341],[10.7245,59.3298],[10.709,59.311],[10.7007,59.3067],[10.6741,59.3157],[10.6654,59.3364],[10.6598,59.3594],[10.6428,59.3749],[10.6561,59.3897],[10.6597,59.4002],[10.653,59.4082],[10.6353,59.416],[10.596,59.4237],[10.5916,59.4306],[10.6011,59.4501],[10.6275,59.4788],[10.6445,59.4931],[10.6564,59.4979],[10.6629,59.4887],[10.6611,59.4733],[10.6489,59.4438],[10.6624,59.4379],[10.6751,59.4409],[10.6851,59.4503],[10.6904,59.4631],[10.6903,59.4807],[10.6834,59.4893],[10.6735,59.4953],[10.6631,59.5047],[10.6511,59.5264],[10.6455,59.5495],[10.6468,59.5726],[10.6564,59.5947],[10.639,59.6158],[10.626,59.6373],[10.6177,59.6631],[10.6146,59.6972],[10.5975,59.6846],[10.5755,59.6996],[10.5602,59.7262],[10.5632,59.7484],[10.5772,59.7664],[10.6017,59.8139],[10.6146,59.8337],[10.6555,59.8567],[10.6803,59.8273],[10.6981,59.7772],[10.7178,59.7381],[10.7282,59.7764],[10.7473,59.8144],[10.7585,59.8502],[10.7451,59.8821],[10.7526,59.8889],[10.74,59.8952],[10.7111,59.9007],[10.6887,59.9118],[10.6808,59.905],[10.6743,59.8944],[10.6663,59.8889],[10.6214,59.8963],[10.6156,59.8946],[10.6029,59.8853],[10.5942,59.8821],[10.5532,59.8841],[10.5295,59.8823],[10.5081,59.8715],[10.4754,59.85],[10.4738,59.8414],[10.4987,59.8337],[10.4886,59.8163],[10.4867,59.8032],[10.4845,59.7886],[10.4857,59.7579],[10.4912,59.7313],[10.5022,59.7087],[10.5189,59.689],[10.5398,59.675],[10.5632,59.6698],[10.5827,59.6621],[10.5991,59.644],[10.6105,59.6234],[10.6146,59.6077],[10.5931,59.5704],[10.5427,59.5355],[10.4837,59.5145],[10.4367,59.5184],[10.4236,59.5338],[10.4224,59.554],[10.4292,59.5978],[10.4274,59.6074],[10.4155,59.6419],[10.4115,59.6623],[10.4087,59.6712],[10.403,59.6828],[10.3976,59.6881],[10.3745,59.7043],[10.3711,59.7067],[10.3605,59.711],[10.3538,59.7107],[10.3525,59.7106],[10.3473,59.7104],[10.3323,59.7115],[10.2966,59.732],[10.2669,59.7397],[10.2389,59.7388],[10.2244,59.7238],[10.238,59.719],[10.2571,59.7011],[10.2689,59.6972],[10.2844,59.6957],[10.2972,59.6918],[10.36,59.6728],[10.3792,59.6584],[10.3909,59.6382],[10.3949,59.6112],[10.3942,59.5864],[10.3901,59.5583],[10.381,59.5353],[10.3643,59.5258],[10.3328,59.5326],[10.2694,59.559],[10.2373,59.56],[10.2478,59.5432],[10.2679,59.5251],[10.291,59.5106],[10.3103,59.5047],[10.3313,59.4951],[10.3694,59.4553],[10.459,59.4409],[10.4776,59.4296],[10.4803,59.4121],[10.4722,59.3939],[10.4468,59.3647],[10.4445,59.3489],[10.4617,59.3358],[10.4987,59.3198],[10.5142,59.3029],[10.5047,59.2934],[10.4871,59.2841],[10.4776,59.2682],[10.4696,59.2478],[10.4512,59.249],[10.4162,59.2651],[10.3716,59.2737],[10.3608,59.2713],[10.3591,59.2651],[10.3611,59.2452],[10.3608,59.2379],[10.3648,59.226],[10.362,59.2195],[10.3347,59.2148],[10.3303,59.2097],[10.3284,59.2022],[10.3171,59.1796],[10.3132,59.1594],[10.3118,59.1397],[10.3137,59.128],[10.2898,59.1346],[10.287,59.1149],[10.2959,59.0847],[10.3069,59.0597],[10.2927,59.0701],[10.2866,59.0843],[10.282,59.0997],[10.2721,59.1143],[10.2681,59.0947],[10.2695,59.0478],[10.2625,59.0386],[10.2601,59.05],[10.2311,59.1143],[10.2244,59.1143],[10.2227,59.1009],[10.2127,59.0781],[10.2113,59.0666],[10.2166,59.0589],[10.2259,59.0502],[10.2322,59.0404],[10.2278,59.029],[10.207,59.0164],[10.175,59.0053],[10.1408,58.9999],[10.1145,59.0051],[10.1257,59.0146],[10.1619,59.0275],[10.1697,59.0355],[10.1634,59.0523],[10.1488,59.0516],[10.1179,59.0386],[10.1038,59.0354],[10.0765,59.0213],[10.0594,59.0181],[10.0537,59.0229],[10.0335,59.0311],[10.0168,59.0337],[10.0334,58.9935],[10.0148,58.9731],[9.9837,58.9609],[9.9574,58.9567],[9.8462,58.9556],[9.8122,58.9634],[9.8389,58.9719],[9.8452,58.9893],[9.8368,59.0093],[9.8196,59.0256],[9.7817,59.0512],[9.766,59.0524],[9.7581,59.0324],[9.7489,59.0379],[9.724,59.0597],[9.7189,59.0615],[9.7121,59.0623],[9.7061,59.0643],[9.7035,59.07],[9.7041,59.0843],[9.7035,59.087],[9.6885,59.0908],[9.6854,59.0801],[9.6863,59.0626],[9.6831,59.046],[9.6686,59.0515],[9.661,59.0563],[9.6489,59.0733],[9.6453,59.0837],[9.6449,59.0939],[9.6414,59.1024],[9.6284,59.1081],[9.6405,59.1176],[9.6398,59.1273],[9.6306,59.1314],[9.6009,59.1157],[9.5391,59.1206],[9.5591,59.1024],[9.6213,59.0753],[9.6346,59.0495],[9.6541,59.0373],[9.6943,59.0295],[9.7268,59.0152],[9.724,58.984],[9.7178,58.984],[9.7149,58.9886],[9.7087,58.9934],[9.7035,58.9982],[9.6956,58.9874],[9.6847,58.9835],[9.6558,58.984],[9.6558,58.9771],[9.6675,58.9761],[9.6775,58.9726],[9.6851,58.9663],[9.6898,58.9567],[9.6633,58.9588],[9.5942,58.943],[9.5942,58.9362],[9.5983,58.9346],[9.6079,58.9287],[9.5759,58.9215],[9.4701,58.9287],[9.5086,58.9108],[9.5239,58.9001],[9.5115,58.8952],[9.4715,58.9008],[9.4559,58.8977],[9.4504,58.8815],[9.4281,58.8931],[9.3994,58.8985],[9.3738,58.8954],[9.3602,58.8815],[9.3815,58.8877],[9.3942,58.8899],[9.402,58.8884],[9.4037,58.8809],[9.3989,58.8742],[9.3913,58.8692],[9.3845,58.8673],[9.3395,58.8626],[9.3185,58.866],[9.2988,58.8815],[9.2942,58.8684],[9.2708,58.8332],[9.2827,58.8331],[9.303,58.8272],[9.3125,58.8263],[9.3231,58.8286],[9.3542,58.84],[9.3796,58.8442],[9.4032,58.8441],[9.4261,58.8402],[9.4504,58.8332],[9.4362,58.8203],[9.388,58.8034],[9.367,58.7922],[9.367,58.7922],[9.367,58.7922],[9.3884,58.7944],[9.4087,58.7996],[9.4087,58.7922],[9.3923,58.7873],[9.3709,58.778],[9.3514,58.7655],[9.3405,58.7512],[9.3065,58.7387],[9.2493,58.7336],[9.0801,58.7444],[9.071,58.7412],[9.0623,58.7341],[9.0584,58.727],[9.063,58.7238],[9.1436,58.7098],[9.1691,58.7165],[9.1143,58.7311],[9.1008,58.7375],[9.2147,58.7216],[9.2163,58.7028],[9.1867,58.6916],[9.0951,58.6903],[9.0593,58.6829],[9.0891,58.6833],[9.156,58.6885],[9.1829,58.6863],[9.2005,58.6723],[9.1902,58.6649],[9.1522,58.6433],[9.0892,58.6144],[9.0338,58.5948],[8.991,58.6003],[8.9856,58.5972],[8.9818,58.5925],[8.9777,58.5884],[8.9712,58.5867],[8.9639,58.5887],[8.9551,58.5974],[8.9495,58.6003],[8.9253,58.607],[8.9133,58.6069],[8.9187,58.5966],[8.9406,58.5867],[8.9489,58.5797],[8.9463,58.5693],[8.9501,58.5472],[8.9439,58.526],[8.9281,58.5135],[8.9094,58.5009],[8.8473,58.4674],[8.8235,58.4528],[8.7943,58.4404],[8.7775,58.4341],[8.7541,58.4276],[8.7402,58.4156],[8.7328,58.4039],[8.7145,58.3918],[8.7073,58.3789],[8.6828,58.3708],[8.6687,58.3679],[8.6528,58.3664],[8.6416,58.3639],[8.634,58.3569],[8.6275,58.3476],[8.6194,58.3387],[8.6073,58.3328],[8.595,58.3314],[8.5884,58.3342],[8.5877,58.3415],[8.5794,58.3475],[8.5453,58.313],[8.5134,58.2934],[8.5064,58.2831],[8.5181,58.2714],[8.5012,58.2572],[8.4793,58.2593],[8.4558,58.2641],[8.4354,58.2578],[8.4235,58.2702],[8.4094,58.272],[8.4006,58.2658],[8.4048,58.2543],[8.4063,58.2442],[8.3889,58.2419],[8.3535,58.2447],[8.345,58.2414],[8.3172,58.2258],[8.3088,58.2199],[8.2953,58.2127],[8.2593,58.2075],[8.2437,58.2031],[8.2513,58.2025],[8.2649,58.1989],[8.2717,58.1963],[8.2576,58.1787],[8.2489,58.1713],[8.2272,58.1632],[8.2246,58.1569],[8.2225,58.1517],[8.2224,58.1401],[8.2232,58.1348],[8.2019,58.123],[8.1863,58.1329],[8.1727,58.1461],[8.158,58.1445],[8.1367,58.115],[8.1229,58.102],[8.1099,58.1035],[8.0985,58.1084],[8.0658,58.1103],[8.0525,58.1132],[8.047,58.1169],[8.0355,58.1301],[8.0246,58.1411],[8.0535,58.1482],[8.0676,58.1536],[8.0798,58.1621],[8.0601,58.1774],[8.0457,58.204],[8.0296,58.2248],[8.0041,58.223],[8.0221,58.2028],[8.0276,58.1832],[8.0223,58.1638],[8.0075,58.1445],[7.9536,58.1247],[7.9341,58.1094],[7.9563,58.0932],[7.9158,58.0819],[7.7552,58.07],[7.7152,58.0606],[7.696,58.0585],[7.6639,58.0673],[7.6536,58.0646],[7.6609,58.0455],[7.6428,58.0458],[7.6346,58.0478],[7.6267,58.0523],[7.6292,58.0312],[7.6148,58.0221],[7.5941,58.0264],[7.5789,58.0455],[7.5749,58.032],[7.5752,58.0261],[7.5789,58.0175],[7.3906,58.0175],[7.2676,58.036],[7.2534,58.0436],[7.2498,58.0585],[7.1904,58.042],[7.175,58.0312],[7.1664,58.0461],[7.1555,58.0503],[7.0828,58.0369],[7.0788,58.0327],[7.0789,58.0281],[7.0786,58.025],[7.0769,58.0197],[7.0775,58.0126],[7.076,58.0065],[7.0684,58.0039],[7.0603,58.0032],[7.0231,57.9948],[7.0066,57.9931],[6.9972,57.9971],[7.0036,58.0114],[6.9994,58.0307],[7.0225,58.0434],[7.0539,58.0526],[7.0752,58.0622],[7.0877,58.0706],[7.0974,58.0684],[7.1062,58.0621],[7.1162,58.0585],[7.1245,58.0634],[7.1403,58.0862],[7.1475,58.0932],[7.1475,58.1001],[7.1276,58.0976],[7.0647,58.0781],[7.0514,58.069],[7.0349,58.0623],[6.9588,58.0451],[6.9353,58.0455],[6.9525,58.0581],[6.9795,58.0889],[6.9961,58.1001],[6.9803,58.1054],[6.9237,58.0653],[6.9006,58.0523],[6.9074,58.0642],[6.9121,58.075],[6.9129,58.0864],[6.908,58.1001],[6.8958,58.0959],[6.8791,58.0837],[6.8664,58.0796],[6.8513,58.0801],[6.8322,58.0843],[6.8145,58.0913],[6.8042,58.1001],[6.8482,58.1152],[6.8708,58.1192],[6.95,58.1209],[6.9748,58.1268],[6.9893,58.1411],[6.959,58.1401],[6.9041,58.131],[6.8738,58.1348],[6.849,58.1475],[6.8015,58.1793],[6.7776,58.182],[6.8128,58.1282],[6.808,58.1206],[6.7573,58.1164],[6.7315,58.1199],[6.7156,58.1348],[6.7273,58.1452],[6.7273,58.1575],[6.7233,58.1723],[6.7224,58.1894],[6.6995,58.1365],[6.6882,58.1206],[6.7034,58.1204],[6.7106,58.1155],[6.7153,58.1079],[6.7224,58.1001],[6.7332,58.0941],[6.7536,58.0866],[6.7743,58.074],[6.7832,58.0698],[6.7826,58.0653],[6.7639,58.0585],[6.7541,58.0581],[6.7337,58.0643],[6.7227,58.066],[6.6185,58.0683],[6.5959,58.0759],[6.542,58.1077],[6.5305,58.1206],[6.5503,58.1229],[6.5681,58.1318],[6.5809,58.1463],[6.5858,58.1653],[6.597,58.1765],[6.653,58.1779],[6.6746,58.182],[6.6603,58.1881],[6.6541,58.1894],[6.6751,58.207],[6.7253,58.2216],[6.7659,58.2463],[6.846,58.2714],[6.8285,58.2747],[6.803,58.2705],[6.7568,58.2543],[6.6985,58.2246],[6.6814,58.223],[6.6687,58.2315],[6.6393,58.2641],[6.6336,58.2748],[6.6401,58.2938],[6.6563,58.3028],[6.6764,58.3022],[6.6951,58.2919],[6.7088,58.313],[6.6873,58.3273],[6.6641,58.3237],[6.6409,58.3164],[6.62,58.3192],[6.6198,58.2646],[6.6262,58.2447],[6.5623,58.2431],[6.4993,58.2629],[6.4006,58.2722],[6.3475,58.2859],[6.2918,58.3087],[6.2808,58.313],[6.266,58.3143],[6.2482,58.3178],[6.2312,58.3231],[6.219,58.3298],[6.2034,58.3355],[6.1403,58.3397],[6.085,58.3602],[6.0617,58.3747],[6.0506,58.3795],[6.0212,58.3821],[6.0101,58.3849],[6.0015,58.3901],[5.9839,58.4064],[5.978,58.4145],[5.9734,58.424],[5.9689,58.4365],[5.967,58.4484],[5.9671,58.4587],[5.9644,58.4682],[5.9546,58.4775],[5.9285,58.4836],[5.8373,58.4813],[5.7967,58.4892],[5.7784,58.5209],[5.742,58.527],[5.7042,58.5208],[5.6463,58.5487],[5.6524,58.5627],[5.6146,58.5932],[5.5715,58.6283],[5.5479,58.667],[5.5264,58.6943],[5.5182,58.7142],[5.5069,58.7299],[5.478,58.7547],[5.4952,58.766],[5.5267,58.7841],[5.5354,58.7989],[5.5397,58.8155],[5.5397,58.8338],[5.5369,58.8536],[5.5305,58.8687],[5.5392,58.875],[5.5537,58.8776],[5.5641,58.8815],[5.5725,58.894],[5.5706,58.9001],[5.5622,58.9053],[5.5505,58.9157],[5.5493,58.9208],[5.5432,58.9348],[5.5357,58.946],[5.5371,58.9561],[5.5464,58.9547],[5.557,58.9473],[5.5679,58.943],[5.5977,58.9156],[5.6174,58.9073],[5.6262,58.9256],[5.6164,58.9356],[5.5936,58.9499],[5.5505,58.9709],[5.5604,58.978],[5.5706,58.9821],[5.5811,58.9822],[5.5916,58.9771],[5.5789,58.9891],[5.541,58.9846],[5.5232,58.9914],[5.5357,58.9986],[5.5425,59.0096],[5.5505,59.0386],[5.7156,58.9771],[5.7063,58.9522],[5.701,58.9191],[5.703,58.8876],[5.7156,58.8673],[5.7355,58.9287],[5.7541,58.9339],[5.8008,58.9318],[5.8181,58.9362],[5.8195,58.9422],[5.8174,58.9598],[5.8218,58.9634],[5.8535,58.965],[5.8659,58.9634],[5.8825,58.9593],[5.9196,58.9451],[5.9341,58.9362],[5.9574,58.9135],[5.97,58.9036],[6.0925,58.8472],[6.1351,58.8396],[6.2289,58.84],[6.2062,58.849],[6.119,58.8536],[6.1025,58.8598],[6.082,58.8708],[6.0648,58.8854],[6.0576,58.902],[6.0637,58.9136],[6.0779,58.9283],[6.1053,58.9504],[6.1265,58.9621],[6.1948,58.984],[6.6262,59.0528],[6.6262,59.0597],[6.3521,59.033],[6.2987,59.0151],[6.1604,58.9982],[6.1268,58.9837],[6.0339,58.9052],[5.9827,58.9517],[5.9751,58.9634],[5.9841,58.9841],[6.0064,58.991],[6.0319,58.9929],[6.0508,58.9982],[6.0374,59.0028],[6.02,59.02],[6.0091,59.0256],[5.9924,59.0251],[5.9539,59.0164],[5.9341,59.0181],[5.9139,59.0281],[5.8919,59.0454],[5.8755,59.0662],[5.8727,59.087],[5.8906,59.1039],[5.923,59.1135],[6.0218,59.1261],[6.0508,59.1348],[6.1084,59.1425],[6.1265,59.1484],[6.0894,59.1529],[6.0393,59.1474],[6.0088,59.1494],[6.0304,59.1758],[6.0643,59.2072],[6.0788,59.2167],[6.1252,59.2338],[6.1714,59.2614],[6.2521,59.2772],[6.3239,59.315],[6.3693,59.3214],[6.4617,59.3198],[6.4617,59.3266],[6.3391,59.3266],[6.3138,59.3229],[6.2024,59.277],[6.1541,59.2678],[6.1123,59.2746],[6.085,59.3067],[6.2363,59.3129],[6.2363,59.3198],[6.2266,59.3301],[6.2121,59.3398],[6.1992,59.3515],[6.2007,59.3441],[6.1976,59.3347],[6.1886,59.3266],[6.1721,59.3212],[6.1646,59.3275],[6.1585,59.3366],[6.147,59.3402],[6.1438,59.3377],[6.1299,59.3231],[6.1228,59.3198],[6.1122,59.3184],[6.1012,59.3187],[6.0925,59.3198],[6.0784,59.3245],[6.0692,59.3318],[6.063,59.3415],[6.0576,59.3539],[6.054,59.3346],[6.0374,59.3275],[6.0154,59.3286],[5.9955,59.3341],[5.9955,59.3402],[6.0076,59.3461],[6.0155,59.355],[6.0222,59.3653],[6.0304,59.3749],[6.0415,59.3837],[6.0534,59.3908],[6.0788,59.4023],[6.1292,59.4173],[6.1538,59.4274],[6.1743,59.4438],[6.1775,59.44],[6.1853,59.4333],[6.1886,59.4296],[6.193,59.4382],[6.1981,59.4456],[6.2118,59.46],[6.2162,59.4681],[6.2179,59.4885],[6.2227,59.4979],[6.2427,59.5106],[6.4275,59.551],[6.5442,59.56],[6.5052,59.5713],[6.3361,59.5536],[6.2721,59.5281],[6.2363,59.5258],[6.2493,59.5408],[6.265,59.5558],[6.2786,59.572],[6.2842,59.591],[6.285,59.6103],[6.2887,59.6291],[6.297,59.645],[6.3115,59.6555],[6.2865,59.6492],[6.2669,59.6256],[6.2541,59.5955],[6.2494,59.5699],[6.2459,59.562],[6.2373,59.5498],[6.219,59.529],[6.1983,59.5111],[6.1629,59.4685],[6.153,59.4594],[6.1403,59.4501],[6.0991,59.4327],[6.0781,59.4193],[6.0415,59.405],[6.027,59.4023],[6.0095,59.4076],[5.9983,59.4284],[5.9826,59.4296],[5.9886,59.416],[5.9832,59.4141],[5.9744,59.4098],[5.9689,59.4085],[5.9689,59.4023],[5.9784,59.4001],[5.9861,59.3959],[5.992,59.3895],[5.9955,59.3812],[5.9486,59.3603],[5.9242,59.3558],[5.9137,59.3716],[5.91,59.382],[5.9017,59.3891],[5.8928,59.3952],[5.8862,59.4023],[5.8825,59.4152],[5.8828,59.4251],[5.885,59.4347],[5.8862,59.447],[5.9241,59.4461],[6.1532,59.4774],[6.1336,59.4901],[6.1043,59.4929],[6.0737,59.489],[6.0247,59.4743],[5.9019,59.4791],[5.8875,59.4822],[5.8727,59.488],[5.8635,59.4943],[5.8494,59.5087],[5.8423,59.5115],[5.8345,59.5156],[5.823,59.5342],[5.8181,59.5395],[5.8074,59.5394],[5.7889,59.5286],[5.7771,59.5258],[5.8035,59.4948],[5.8079,59.4803],[5.7975,59.4631],[5.7764,59.4509],[5.7484,59.4458],[5.7228,59.4512],[5.7083,59.4706],[5.7137,59.4467],[5.6965,59.4294],[5.6462,59.4085],[5.6644,59.4065],[5.7355,59.4296],[5.763,59.4324],[5.7842,59.4293],[5.8025,59.4201],[5.8525,59.385],[5.8582,59.3746],[5.8596,59.3508],[5.8464,59.3469],[5.7835,59.3432],[5.7634,59.3477],[5.7527,59.3362],[5.7385,59.3348],[5.7048,59.3402],[5.6979,59.338],[5.6976,59.3327],[5.6986,59.3259],[5.6952,59.3198],[5.6824,59.3129],[5.6777,59.3098],[5.6665,59.3047],[5.6242,59.2922],[5.612,59.293],[5.6096,59.3056],[5.6187,59.3169],[5.633,59.3248],[5.6462,59.3266],[5.6462,59.3341],[5.6234,59.3546],[5.6073,59.3903],[5.5866,59.4165],[5.5607,59.4093],[5.5701,59.4074],[5.5781,59.4028],[5.5853,59.3955],[5.5778,59.3759],[5.5763,59.333],[5.5679,59.3164],[5.5493,59.2997],[5.5293,59.2858],[5.5054,59.2777],[5.4754,59.2788],[5.4561,59.2885],[5.4358,59.3077],[5.4238,59.3305],[5.4304,59.3508],[5.4406,59.3698],[5.4417,59.3922],[5.4331,59.4051],[5.4133,59.3955],[5.4043,59.379],[5.4028,59.359],[5.4065,59.3164],[5.4046,59.3043],[5.3994,59.2967],[5.3909,59.2946],[5.3792,59.2993],[5.3727,59.3072],[5.3695,59.3183],[5.3656,59.3402],[5.3539,59.3553],[5.3499,59.3664],[5.3582,59.3872],[5.3576,59.3999],[5.3538,59.4111],[5.3484,59.416],[5.3363,59.4151],[5.3327,59.4115],[5.3304,59.3581],[5.3314,59.3539],[5.2972,59.3447],[5.2312,59.4243],[5.2017,59.4296],[5.1961,59.4443],[5.1919,59.463],[5.188,59.4979],[5.1859,59.5029],[5.1828,59.5067],[5.1823,59.5112],[5.188,59.5184],[5.1997,59.5246],[5.2134,59.5267],[5.2427,59.5258],[5.2427,59.532],[5.2017,59.5395],[5.2017,59.5463],[5.2225,59.5517],[5.2378,59.5596],[5.2904,59.6009],[5.304,59.6282],[5.3213,59.6383],[5.3442,59.6476],[5.3675,59.6527],[5.386,59.6494],[5.3936,59.638],[5.4016,59.6055],[5.4133,59.5947],[5.4158,59.6113],[5.4281,59.625],[5.427,59.6357],[5.4178,59.6494],[5.4016,59.6608],[5.3997,59.6698],[5.4116,59.6892],[5.4372,59.7082],[5.4891,59.7381],[5.4841,59.7277],[5.4817,59.7238],[5.493,59.7183],[5.4987,59.7144],[5.5021,59.7101],[5.5055,59.6927],[5.5046,59.6718],[5.4981,59.6506],[5.4854,59.632],[5.4805,59.6213],[5.4828,59.6101],[5.4873,59.5986],[5.4891,59.5873],[5.4878,59.575],[5.4855,59.5698],[5.4617,59.56],[5.4579,59.5567],[5.4531,59.548],[5.4509,59.5463],[5.4328,59.5472],[5.4237,59.5464],[5.4168,59.5429],[5.4118,59.5347],[5.4077,59.5218],[5.4079,59.5162],[5.4081,59.5099],[5.4168,59.5047],[5.4225,59.5065],[5.4343,59.5152],[5.4413,59.5184],[5.5056,59.5334],[5.5164,59.5395],[5.5269,59.5539],[5.5287,59.5579],[5.5374,59.5769],[5.54,59.5983],[5.5266,59.6077],[5.5236,59.6179],[5.534,59.6406],[5.5503,59.664],[5.5641,59.6767],[5.5806,59.679],[5.6086,59.672],[5.6262,59.6698],[5.6946,59.6698],[5.7219,59.6635],[5.731,59.6476],[5.7271,59.6274],[5.7156,59.6077],[5.743,59.6079],[5.7544,59.6098],[5.7634,59.6146],[5.7653,59.6204],[5.7642,59.6385],[5.7669,59.6456],[5.7891,59.6564],[5.8202,59.6588],[5.8794,59.6555],[5.8794,59.6767],[5.7886,59.6601],[5.7634,59.6623],[5.7461,59.6755],[5.7556,59.6883],[5.7975,59.7101],[5.8035,59.7167],[5.8075,59.7236],[5.8142,59.7291],[5.8748,59.7353],[5.8862,59.7381],[5.8931,59.7457],[5.8931,59.7545],[5.8941,59.7618],[5.9031,59.7648],[5.9126,59.7622],[5.9207,59.7562],[5.9276,59.7495],[5.9341,59.7449],[5.9859,59.7357],[6.0381,59.7452],[6.1623,59.7969],[6.1709,59.8027],[6.1774,59.8056],[6.1917,59.806],[6.1983,59.8095],[6.2109,59.8244],[6.2152,59.8275],[6.2918,59.8403],[6.3115,59.8542],[6.2443,59.8436],[6.1219,59.8048],[6.0371,59.7648],[6.0205,59.7602],[6.0023,59.7586],[5.9639,59.76],[5.9453,59.7659],[5.9341,59.779],[5.9344,59.7946],[5.9441,59.8013],[5.9558,59.8063],[5.9614,59.8166],[5.9575,59.8413],[5.9592,59.8505],[5.9689,59.861],[5.9468,59.8555],[5.9343,59.8415],[5.9286,59.8226],[5.9273,59.8027],[5.9144,59.7914],[5.885,59.7813],[5.8529,59.7742],[5.8317,59.7722],[5.8091,59.7782],[5.7904,59.7893],[5.7596,59.8166],[5.7355,59.8288],[5.7151,59.8317],[5.7075,59.8381],[5.7219,59.861],[5.7044,59.8511],[5.6814,59.8415],[5.6598,59.84],[5.6462,59.8542],[5.6704,59.8559],[5.6965,59.8623],[5.7429,59.8821],[5.7402,59.9099],[5.7722,59.9307],[5.8189,59.9445],[5.8596,59.951],[5.9651,59.9566],[5.9715,59.9595],[5.9772,59.9665],[5.9811,59.9748],[5.9826,59.9811],[5.978,59.9848],[5.9478,59.9975],[6.01,60.0574],[6.098,60.0919],[6.291,60.1216],[6.291,60.1291],[6.2664,60.1276],[6.2617,60.1378],[6.263,60.1519],[6.2568,60.1627],[6.2474,60.1613],[6.2334,60.1547],[6.2207,60.1461],[6.2152,60.1387],[6.2005,60.1254],[6.1668,60.1151],[6.1299,60.1087],[6.1053,60.1074],[6.1078,60.1341],[6.0843,60.1686],[6.075,60.1984],[6.1423,60.2155],[6.1558,60.2267],[6.1665,60.2421],[6.1812,60.2589],[6.2092,60.2768],[6.2134,60.2863],[6.2017,60.2998],[6.2585,60.3081],[6.2774,60.3135],[6.2879,60.3202],[6.3094,60.3378],[6.3216,60.3414],[6.3333,60.3426],[6.3358,60.3457],[6.3355,60.3501],[6.3387,60.355],[6.3381,60.3554],[6.341,60.359],[6.346,60.3638],[6.3518,60.3681],[6.3836,60.377],[6.4177,60.3824],[6.4417,60.3889],[6.4787,60.4201],[6.5027,60.4308],[6.5379,60.4341],[6.5742,60.432],[6.6404,60.4165],[6.592,60.3637],[6.5718,60.3308],[6.5784,60.3066],[6.5676,60.2939],[6.537,60.2723],[6.5305,60.2623],[6.5217,60.1859],[6.5127,60.1529],[6.5101,60.1353],[6.5101,60.1101],[6.5169,60.0808],[6.5238,60.0808],[6.5242,60.1352],[6.5291,60.1639],[6.5482,60.1828],[6.5784,60.2247],[6.5818,60.2382],[6.5811,60.2485],[6.5715,60.2725],[6.5964,60.2949],[6.6304,60.3575],[6.6541,60.3824],[6.6714,60.3905],[6.7014,60.3994],[6.7156,60.4097],[6.7483,60.4464],[6.7639,60.4575],[6.7834,60.4669],[6.8026,60.4728],[6.9421,60.4923],[7.0325,60.4779],[7.0788,60.4794],[7.106,60.5058],[6.9006,60.5058],[6.9006,60.5121],[6.9082,60.5126],[6.9175,60.5146],[6.9251,60.5179],[6.9285,60.5224],[6.9325,60.5332],[6.9421,60.5366],[6.9534,60.5372],[6.9627,60.5394],[7.0173,60.5878],[6.988,60.5895],[6.9502,60.5749],[6.9134,60.553],[6.8875,60.5332],[6.856,60.5032],[6.8397,60.4961],[6.7723,60.4853],[6.7361,60.4711],[6.6746,60.437],[6.6561,60.433],[6.6301,60.4311],[6.6056,60.4337],[6.5921,60.4438],[6.6023,60.4652],[6.6736,60.5006],[6.6951,60.5189],[6.6477,60.513],[6.5619,60.463],[6.5135,60.4506],[6.4829,60.4475],[6.4275,60.4339],[6.3972,60.4308],[6.3709,60.4246],[6.3197,60.3965],[6.2972,60.3886],[6.2708,60.3896],[6.2463,60.3981],[6.2253,60.4123],[6.2083,60.4308],[6.1953,60.4643],[6.1886,60.4711],[6.1775,60.471],[6.1756,60.4616],[6.1792,60.4493],[6.1848,60.4404],[6.1921,60.4326],[6.2118,60.406],[6.2323,60.3952],[6.241,60.3879],[6.2394,60.379],[6.2254,60.374],[6.1921,60.3835],[6.1653,60.3736],[6.1331,60.3733],[6.119,60.3681],[6.1343,60.3619],[6.1886,60.355],[6.1797,60.3399],[6.1511,60.321],[6.1403,60.3066],[6.1484,60.2961],[6.1536,60.291],[6.1607,60.2862],[6.1517,60.2676],[6.1399,60.2543],[6.1248,60.2467],[6.1053,60.2452],[6.0838,60.2507],[6.0371,60.2696],[6.0166,60.2725],[5.9964,60.265],[5.9856,60.2506],[5.9784,60.2333],[5.9689,60.2172],[5.9341,60.1906],[5.9147,60.1688],[5.9067,60.1627],[5.89,60.1598],[5.8739,60.1632],[5.8605,60.1631],[5.8516,60.1496],[5.8528,60.1371],[5.8727,60.0876],[5.8734,60.0509],[5.856,60.0237],[5.8246,60.0078],[5.7839,60.005],[5.7866,60.0119],[5.7907,60.0193],[5.7717,60.0235],[5.756,59.9907],[5.7393,59.9945],[5.7061,60.0089],[5.7014,60.0155],[5.6995,60.0236],[5.6948,60.0307],[5.6883,60.0362],[5.6814,60.0397],[5.6886,60.0609],[5.6995,60.0666],[5.7355,60.0602],[5.7565,60.0604],[5.7757,60.0655],[5.7905,60.0766],[5.7975,60.0944],[5.7566,60.0944],[5.7507,60.0922],[5.7472,60.0876],[5.7424,60.0828],[5.7324,60.0808],[5.7212,60.0839],[5.7146,60.091],[5.71,60.098],[5.7002,60.1039],[5.7083,60.1098],[5.7256,60.1182],[5.7292,60.1324],[5.7056,60.1603],[5.7083,60.1763],[5.7248,60.1866],[5.7907,60.2043],[5.7907,60.2111],[5.7581,60.21],[5.7188,60.2025],[5.6812,60.1906],[5.6536,60.1763],[5.6516,60.1715],[5.6507,60.1562],[5.6462,60.1496],[5.6375,60.1476],[5.617,60.15],[5.593,60.1386],[5.5728,60.1413],[5.554,60.1505],[5.5437,60.1627],[5.5601,60.1669],[5.5741,60.1767],[5.5781,60.188],[5.5641,60.1968],[5.5641,60.2043],[5.6003,60.206],[5.6702,60.227],[5.7083,60.2322],[5.7083,60.2383],[5.6245,60.237],[5.5984,60.2322],[5.6273,60.2526],[5.6382,60.2641],[5.6331,60.2725],[5.6148,60.2722],[5.6008,60.2609],[5.5876,60.2469],[5.5715,60.2383],[5.575,60.2559],[5.5869,60.2646],[5.5998,60.2695],[5.6057,60.2756],[5.6112,60.2844],[5.6375,60.3137],[5.6462,60.321],[5.6475,60.3265],[5.653,60.3369],[5.6603,60.3479],[5.6672,60.355],[5.6838,60.3622],[5.719,60.3704],[5.7324,60.379],[5.7366,60.392],[5.7181,60.3894],[5.6958,60.3806],[5.6882,60.3756],[5.6732,60.373],[5.6605,60.3664],[5.6496,60.3575],[5.6399,60.3476],[5.6385,60.3533],[5.6343,60.3625],[5.6331,60.3681],[5.617,60.3543],[5.5989,60.3334],[5.5842,60.3103],[5.5779,60.2895],[5.5682,60.2819],[5.53,60.2297],[5.5266,60.2172],[5.5164,60.2133],[5.4749,60.1872],[5.4385,60.1721],[5.427,60.1627],[5.4219,60.152],[5.4172,60.1387],[5.4098,60.1313],[5.3867,60.1447],[5.3518,60.1558],[5.3659,60.1614],[5.3724,60.1627],[5.3724,60.1701],[5.3202,60.182],[5.304,60.1906],[5.313,60.1996],[5.3249,60.2053],[5.3518,60.2111],[5.3518,60.2172],[5.3208,60.2217],[5.2508,60.2075],[5.2228,60.2111],[5.2971,60.2492],[5.3103,60.2657],[5.2765,60.265],[5.1707,60.2787],[5.1624,60.2836],[5.1616,60.295],[5.1655,60.3079],[5.1707,60.3172],[5.1813,60.3221],[5.1975,60.3228],[5.2283,60.321],[5.2118,60.333],[5.1987,60.3384],[5.1584,60.3417],[5.1472,60.3437],[5.141,60.3514],[5.1465,60.3681],[5.1777,60.3886],[5.2656,60.387],[5.2979,60.396],[5.2832,60.401],[5.2502,60.4308],[5.2588,60.4467],[5.2632,60.4506],[5.2371,60.4738],[5.2383,60.4892],[5.2803,60.5224],[5.3058,60.5283],[5.3363,60.5143],[5.3652,60.4951],[5.386,60.4854],[5.3973,60.4815],[5.4487,60.4463],[5.4762,60.435],[5.5278,60.4206],[5.5733,60.4149],[5.6177,60.4172],[5.6536,60.4308],[5.6497,60.4478],[5.6665,60.4564],[5.6906,60.4622],[5.7083,60.4711],[5.714,60.4843],[5.7141,60.499],[5.7083,60.5332],[5.7072,60.5628],[5.7106,60.6031],[5.7215,60.6394],[5.7429,60.6567],[5.7232,60.6676],[5.7258,60.686],[5.7386,60.7051],[5.7498,60.7182],[5.7282,60.7064],[5.7085,60.7026],[5.6638,60.7039],[5.6618,60.7111],[5.6714,60.7271],[5.6852,60.7436],[5.6952,60.7523],[5.6756,60.7578],[5.6613,60.7448],[5.6476,60.7271],[5.6296,60.7182],[5.6199,60.7154],[5.6009,60.7022],[5.5916,60.6977],[5.5778,60.6959],[5.5335,60.6977],[5.5232,60.6869],[5.5359,60.6396],[5.5266,60.6287],[5.5046,60.6271],[5.4431,60.6147],[5.3724,60.5804],[5.3001,60.5608],[5.2748,60.5592],[5.2505,60.5634],[5.2228,60.5742],[5.189,60.5939],[5.1602,60.6151],[5.0977,60.6491],[5.085,60.6629],[5.1232,60.6602],[5.1569,60.649],[5.2228,60.6151],[5.2283,60.6213],[5.1618,60.67],[5.085,60.7114],[5.1014,60.7115],[5.1465,60.7039],[5.1258,60.7244],[5.095,60.7292],[5.0614,60.7309],[5.033,60.7417],[4.9851,60.7799],[4.9578,60.7939],[4.9268,60.8001],[4.9517,60.8087],[4.9815,60.8088],[5.0104,60.8018],[5.0564,60.779],[5.1091,60.7737],[5.1489,60.7506],[5.1768,60.7416],[5.2801,60.7218],[5.3042,60.712],[5.304,60.6977],[5.3103,60.676],[5.3262,60.6555],[5.348,60.6404],[5.3724,60.6356],[5.3635,60.6396],[5.3569,60.6455],[5.353,60.6531],[5.3518,60.6629],[5.3733,60.6544],[5.4123,60.6331],[5.4338,60.6287],[5.4181,60.6431],[5.3905,60.6596],[5.3709,60.6744],[5.3792,60.684],[5.3939,60.6807],[5.4263,60.6628],[5.4338,60.6629],[5.4309,60.6738],[5.4197,60.6805],[5.4104,60.6887],[5.4133,60.7039],[5.3815,60.7129],[5.3724,60.7182],[5.3677,60.7253],[5.3655,60.7342],[5.3626,60.7416],[5.355,60.7448],[5.3098,60.7447],[5.2842,60.7477],[5.2566,60.7603],[5.2468,60.7608],[5.2389,60.7639],[5.2359,60.7762],[5.2393,60.7797],[5.2632,60.7927],[5.2844,60.7995],[5.3294,60.8061],[5.3518,60.8131],[5.3381,60.8398],[5.3565,60.8529],[5.4308,60.8693],[5.448,60.8676],[5.4649,60.8636],[5.4817,60.8616],[5.4969,60.8629],[5.5108,60.8663],[5.5369,60.8758],[5.5068,60.8772],[5.4797,60.8846],[5.4709,60.8961],[5.4959,60.91],[5.4717,60.9075],[5.3997,60.882],[5.3484,60.8778],[5.3267,60.8681],[5.3177,60.8444],[5.2932,60.8227],[5.2398,60.8171],[5.1878,60.8277],[5.1677,60.8547],[5.1644,60.8309],[5.1493,60.8149],[5.131,60.8121],[5.1184,60.8274],[5.1328,60.8349],[5.1135,60.8378],[5.0667,60.8345],[5.0471,60.8444],[5.04,60.8561],[5.0286,60.8859],[5.0195,60.8991],[5.0135,60.9052],[5.0105,60.9098],[5.0095,60.916],[5.0093,60.9267],[5.0051,60.9313],[4.9865,60.9438],[4.9819,60.9509],[4.9906,60.9625],[5.012,60.965],[5.0371,60.9623],[5.0571,60.9577],[5.0774,60.9497],[5.0828,60.9409],[5.0781,60.9062],[5.0824,60.8888],[5.0916,60.8779],[5.1008,60.8778],[5.1048,60.8926],[5.0962,60.9389],[5.0986,60.9509],[5.1141,60.9619],[5.1314,60.9655],[5.1428,60.9722],[5.1403,60.9919],[5.134,60.9888],[5.1314,60.9868],[5.1328,60.9857],[5.1209,60.9838],[5.0933,60.9738],[5.0779,60.9714],[5.0236,60.9782],[5.0127,60.9819],[5.0047,60.9975],[5.0039,61.0161],[5.0081,61.0336],[5.0161,61.0465],[5.0686,61.0736],[5.1351,61.0767],[5.2022,61.0648],[5.2814,61.0385],[5.3123,61.0322],[5.3758,61.0266],[5.4211,61.0291],[5.4338,61.0266],[5.4395,61.0179],[5.4426,61.0045],[5.4484,60.9954],[5.4617,60.9993],[5.4671,61.0074],[5.4636,61.0159],[5.4575,61.0255],[5.4543,61.0366],[5.4602,61.05],[5.4736,61.0559],[5.4885,61.059],[5.5271,61.0754],[5.5667,61.0715],[5.6079,61.0628],[5.6399,61.0601],[5.6399,61.0676],[5.6106,61.0786],[5.5977,61.0851],[5.6021,61.0881],[5.6387,61.0935],[5.6563,61.0941],[5.674,61.0881],[5.6965,61.0988],[5.7361,61.1099],[5.7739,61.1144],[5.7907,61.1049],[5.781,61.0771],[5.7809,61.0644],[5.7941,61.0707],[5.8047,61.0792],[5.8176,61.0867],[5.8316,61.0922],[5.8454,61.0943],[5.8353,61.1054],[5.8317,61.1086],[5.8636,61.1179],[5.8928,61.1218],[5.9766,61.1208],[6.011,61.115],[6.0304,61.1147],[6.0985,61.1222],[6.1318,61.1186],[6.1951,61.1043],[6.2295,61.1011],[6.2581,61.0938],[6.2708,61.0771],[6.2663,61.0587],[6.2425,61.0465],[6.2748,61.0479],[6.2874,61.053],[6.301,61.0639],[6.312,61.0685],[6.3294,61.0705],[6.3472,61.0701],[6.3592,61.0676],[6.3703,61.0563],[6.3628,61.0444],[6.3483,61.0304],[6.3387,61.0124],[6.356,61.0109],[6.3729,61.0124],[6.37,61.0266],[6.3745,61.0374],[6.3835,61.046],[6.4133,61.0682],[6.4377,61.0812],[6.4651,61.0906],[6.5218,61.0965],[6.5457,61.1041],[6.5664,61.1189],[6.5858,61.1427],[6.594,61.1667],[6.6006,61.1752],[6.6128,61.1737],[6.6362,61.1618],[6.6484,61.1575],[6.7868,61.1503],[6.8367,61.1394],[6.8479,61.1348],[6.8562,61.1281],[6.8595,61.1185],[6.8597,61.1061],[6.8618,61.0965],[6.8682,61.0903],[6.8806,61.0881],[6.939,61.0914],[6.9558,61.0881],[6.965,61.0803],[6.9831,61.0465],[6.9997,61.029],[7.0068,61.0194],[7.0098,61.0089],[7.0032,61.0003],[6.988,60.9902],[6.971,60.9817],[6.9393,60.9732],[6.8738,60.9372],[6.965,60.9655],[7.011,60.9711],[7.0514,60.9645],[7.1146,60.9394],[7.1301,60.9267],[7.1316,60.9122],[7.106,60.8616],[7.1316,60.8753],[7.1575,60.8974],[7.1716,60.924],[7.1613,60.9509],[7.1526,60.9534],[7.1006,60.9595],[7.0935,60.9638],[7.082,60.9748],[7.044,61.0266],[7.0342,61.0354],[7.0231,61.043],[7.0138,61.0517],[7.0057,61.0791],[6.9995,61.0871],[7.0003,61.0929],[7.0173,61.1011],[7.0597,61.107],[7.1663,61.1101],[7.1953,61.1291],[7.2092,61.1388],[7.2227,61.1404],[7.3045,61.1303],[7.3154,61.1256],[7.3384,61.112],[7.3692,61.1047],[7.4356,61.1011],[7.4356,61.1086],[7.4173,61.1094],[7.4037,61.112],[7.3923,61.1163],[7.3565,61.138],[7.3462,61.1427],[7.3597,61.1522],[7.4053,61.1674],[7.415,61.1737],[7.427,61.1859],[7.4544,61.1928],[7.6062,61.1983],[7.6553,61.2069],[7.695,61.2321],[7.6603,61.2299],[7.6336,61.2246],[7.6004,61.2123],[7.4492,61.1973],[7.3884,61.1982],[7.3589,61.2056],[7.3462,61.2215],[7.3451,61.2329],[7.3405,61.2524],[7.3394,61.2625],[7.3357,61.2744],[7.3274,61.279],[7.3182,61.2816],[7.312,61.2873],[7.3138,61.3084],[7.3558,61.3262],[7.3665,61.3447],[7.3703,61.3671],[7.3807,61.3783],[7.4212,61.3959],[7.4368,61.4085],[7.4515,61.4246],[7.4675,61.4385],[7.4868,61.4443],[7.5108,61.4477],[7.5357,61.4565],[7.5574,61.4696],[7.572,61.4853],[7.4886,61.4604],[7.3462,61.3891],[7.3237,61.3861],[7.2853,61.3945],[7.2637,61.3959],[7.2816,61.3834],[7.299,61.3741],[7.3088,61.3638],[7.3052,61.3481],[7.245,61.3081],[7.2398,61.2973],[7.2596,61.2833],[7.281,61.2737],[7.2982,61.2606],[7.3099,61.2176],[7.3225,61.2054],[7.3401,61.1972],[7.3597,61.1911],[7.3193,61.1674],[7.3052,61.1632],[7.2922,61.1624],[7.2805,61.1638],[7.2573,61.17],[7.2503,61.173],[7.2354,61.1815],[7.2295,61.1837],[7.2137,61.1837],[7.1751,61.1758],[7.1613,61.17],[7.1587,61.1665],[7.1567,61.1608],[7.1535,61.1546],[7.1475,61.1496],[7.1372,61.1457],[7.0098,61.1291],[6.9735,61.1158],[6.9531,61.1116],[6.9353,61.1147],[6.9172,61.1363],[6.9417,61.1523],[6.98,61.1668],[7.0036,61.1837],[6.9505,61.1672],[6.9222,61.162],[6.8943,61.1632],[6.8101,61.1816],[6.6647,61.1951],[6.5579,61.2246],[6.57,61.2408],[6.6068,61.2575],[6.6231,61.2694],[6.6603,61.3209],[6.6682,61.327],[6.6904,61.3405],[6.6951,61.3447],[6.6963,61.3521],[6.7024,61.3715],[6.7053,61.3755],[6.7105,61.3803],[6.7156,61.3907],[6.7146,61.4003],[6.7019,61.4028],[6.6974,61.3994],[6.6369,61.3096],[6.6034,61.2788],[6.5647,61.2656],[6.553,61.2689],[6.5374,61.2839],[6.5271,61.2873],[6.5193,61.284],[6.5091,61.2764],[6.5011,61.2681],[6.4995,61.2625],[6.5134,61.2475],[6.5238,61.2321],[6.5243,61.2268],[6.5234,61.22],[6.5262,61.2123],[6.5374,61.2042],[6.471,61.2112],[6.4651,61.2076],[6.4758,61.2016],[6.488,61.1979],[6.4983,61.1923],[6.5027,61.1806],[6.5046,61.1669],[6.5075,61.1564],[6.5062,61.147],[6.4964,61.1365],[6.4847,61.1308],[6.4343,61.1147],[6.3723,61.1141],[6.2827,61.1254],[6.2039,61.1487],[6.1743,61.1837],[6.1301,61.1593],[6.0735,61.148],[6.014,61.1495],[5.9614,61.1632],[6.0066,61.178],[6.0278,61.1881],[6.0371,61.2042],[5.9409,61.17],[5.8745,61.1584],[5.8045,61.1557],[5.7835,61.165],[5.7817,61.1832],[5.783,61.1966],[5.7703,61.1911],[5.7632,61.1819],[5.7588,61.1638],[5.7498,61.1557],[5.7367,61.1548],[5.7184,61.1566],[5.7022,61.1555],[5.6952,61.1461],[5.676,61.1423],[5.5573,61.1365],[5.5369,61.1313],[5.4754,61.0943],[5.4237,61.0797],[5.3766,61.0805],[5.3345,61.0969],[5.2979,61.1291],[5.281,61.1161],[5.2599,61.1098],[5.2049,61.1074],[5.1994,61.105],[5.1939,61.1053],[5.1843,61.1116],[5.1747,61.1222],[5.1694,61.1262],[5.1602,61.1291],[5.1699,61.14],[5.1883,61.1406],[5.2096,61.1389],[5.2283,61.1427],[5.2053,61.147],[5.1829,61.154],[5.1619,61.1562],[5.1433,61.1461],[5.1252,61.1451],[5.0593,61.1579],[5.0441,61.1632],[5.0593,61.188],[5.1182,61.186],[5.2228,61.1632],[5.2206,61.1677],[5.2168,61.179],[5.2147,61.1837],[5.2502,61.1837],[5.1973,61.2109],[5.1678,61.2208],[5.1397,61.2246],[5.0208,61.2165],[4.9888,61.2246],[5.0081,61.2294],[5.0315,61.2305],[5.0523,61.2338],[5.0645,61.2458],[5.031,61.2379],[5.013,61.2366],[4.999,61.2423],[4.9895,61.2523],[4.9828,61.257],[4.9732,61.2568],[4.9546,61.2526],[4.9641,61.2657],[4.98,61.2753],[5.0161,61.2873],[5.0397,61.2919],[5.064,61.2935],[5.074,61.2957],[5.0902,61.3051],[5.0952,61.3072],[5.1394,61.3063],[5.1594,61.3111],[5.1777,61.3394],[5.2015,61.3427],[5.229,61.3394],[5.2502,61.3345],[5.2663,61.3287],[5.2793,61.3214],[5.2896,61.3122],[5.2979,61.301],[5.3102,61.2669],[5.3206,61.2523],[5.3345,61.256],[5.3374,61.2687],[5.3342,61.2873],[5.3275,61.3057],[5.3208,61.3175],[5.3055,61.3284],[5.2718,61.3387],[5.2564,61.3481],[5.4406,61.3674],[5.6331,61.3618],[5.5996,61.3759],[5.5545,61.3783],[5.1643,61.3561],[5.1502,61.3515],[5.1279,61.3398],[5.0933,61.3288],[5.0584,61.3235],[5.0366,61.3283],[5.0257,61.3395],[5.0064,61.3475],[4.9956,61.3618],[4.9988,61.3769],[5.0115,61.3915],[5.0283,61.4016],[5.0441,61.4028],[5.0547,61.3929],[5.0579,61.3807],[5.0627,61.3746],[5.0781,61.383],[5.0794,61.3881],[5.0772,61.4047],[5.0781,61.4102],[5.0855,61.4135],[5.1184,61.4164],[5.1175,61.4211],[5.1165,61.424],[5.1148,61.4268],[5.1117,61.4307],[5.0925,61.4202],[5.0715,61.4171],[5.0291,61.4164],[4.9891,61.4111],[4.9479,61.4102],[4.9479,61.4164],[5.0571,61.4443],[5.1634,61.4508],[5.188,61.4648],[5.1805,61.4723],[5.2181,61.4678],[5.2663,61.4553],[5.3108,61.4494],[5.3376,61.4648],[5.4839,61.4317],[5.5189,61.4301],[5.5437,61.437],[5.5369,61.4443],[5.5567,61.4498],[5.5994,61.4526],[5.6194,61.458],[5.6286,61.4647],[5.6385,61.4738],[5.6509,61.4819],[5.6672,61.4853],[5.7127,61.4871],[5.736,61.4846],[5.7528,61.4757],[5.7704,61.4551],[5.7826,61.4506],[5.8045,61.4512],[5.8045,61.458],[5.7817,61.4656],[5.7468,61.493],[5.7224,61.499],[5.665,61.4984],[5.6379,61.4944],[5.612,61.4853],[5.5835,61.4674],[5.5747,61.4648],[5.5236,61.4647],[5.492,61.454],[5.4609,61.4528],[5.438,61.4604],[5.4413,61.4792],[5.3978,61.4869],[5.2903,61.4796],[5.2532,61.4953],[5.1782,61.5098],[5.1389,61.5241],[5.1465,61.54],[5.1408,61.5468],[5.1403,61.5468],[5.1403,61.5542],[5.1566,61.5545],[5.2017,61.5468],[5.214,61.5477],[5.2464,61.5542],[5.3582,61.5542],[5.3582,61.561],[5.3314,61.5613],[5.172,61.5855],[5.1465,61.5952],[5.3376,61.5952],[5.3181,61.5898],[5.3103,61.5889],[5.3103,61.5822],[5.4026,61.5803],[5.427,61.5889],[5.3504,61.6065],[5.27,61.6157],[5.3202,61.6287],[5.3407,61.6431],[5.2837,61.6423],[5.2419,61.6307],[5.2293,61.6287],[4.9927,61.6304],[4.9683,61.6361],[4.9624,61.6418],[4.9441,61.6672],[4.9396,61.6784],[4.9461,61.6875],[4.9577,61.6941],[4.9683,61.6977],[4.9605,61.7067],[4.9627,61.7171],[4.9729,61.7248],[4.9888,61.7255],[4.9854,61.7296],[4.9834,61.7327],[4.9806,61.7356],[4.9745,61.7386],[4.9881,61.7469],[5.0034,61.7511],[5.0366,61.7522],[5.054,61.7504],[5.0706,61.746],[5.0755,61.7429],[5.0768,61.7387],[5.0768,61.7347],[5.0781,61.7324],[5.0846,61.7318],[5.0989,61.7336],[5.1048,61.7324],[5.1219,61.7203],[5.126,61.7181],[5.1374,61.7169],[5.1462,61.7176],[5.1677,61.7255],[5.1355,61.7438],[5.126,61.7522],[5.1483,61.7593],[5.1902,61.7689],[5.0645,61.7597],[5.0789,61.7737],[5.1039,61.7854],[5.1316,61.7944],[5.2445,61.8173],[5.27,61.8279],[5.2654,61.8293],[5.2627,61.8308],[5.2564,61.8354],[5.2957,61.8409],[5.3376,61.8416],[5.3205,61.8477],[5.3032,61.8489],[5.2915,61.8515],[5.2904,61.8621],[5.2969,61.8684],[5.3626,61.9055],[5.3948,61.9111],[5.4878,61.9079],[5.5223,61.8989],[5.5403,61.8969],[5.5807,61.8998],[5.6003,61.8991],[5.6365,61.8889],[5.6758,61.8869],[5.6914,61.8798],[5.7161,61.8616],[5.7429,61.8485],[5.7127,61.8406],[5.6753,61.8398],[5.6408,61.8351],[5.6194,61.8149],[5.6471,61.8153],[5.7355,61.8354],[5.9226,61.8503],[5.9409,61.845],[5.9463,61.8373],[5.9432,61.8269],[5.9373,61.8153],[5.9271,61.7824],[5.9002,61.7506],[5.8993,61.7386],[5.9164,61.7517],[5.93,61.7594],[5.9422,61.7687],[5.9546,61.787],[5.9644,61.8201],[5.9729,61.8311],[5.992,61.8354],[6.0103,61.8312],[6.0589,61.8083],[6.0986,61.7789],[6.1234,61.7699],[6.1812,61.7665],[6.1709,61.7805],[6.155,61.7858],[6.1377,61.7891],[6.1228,61.7969],[6.1094,61.808],[6.0926,61.8179],[6.0749,61.8249],[6.0576,61.8279],[6.0576,61.8354],[6.2907,61.8354],[6.3132,61.831],[6.3592,61.8118],[6.3838,61.8074],[6.4738,61.8046],[6.5027,61.8074],[6.5213,61.8142],[6.5332,61.8245],[6.5505,61.8485],[6.5681,61.8624],[6.5896,61.8708],[6.6138,61.8752],[6.6401,61.8764],[6.6673,61.8732],[6.721,61.8591],[6.7463,61.8559],[6.7556,61.8524],[6.7664,61.8456],[6.7777,61.8413],[6.7874,61.845],[6.802,61.8598],[6.8097,61.8654],[6.8186,61.8696],[6.8186,61.8764],[6.8021,61.876],[6.771,61.8703],[6.7568,61.873],[6.7425,61.8774],[6.6951,61.8832],[6.6902,61.8862],[6.6838,61.895],[6.678,61.8969],[6.6717,61.8957],[6.6623,61.8906],[6.6572,61.8894],[6.5555,61.8783],[6.5384,61.8663],[6.5259,61.8507],[6.5101,61.8354],[6.4762,61.8253],[6.2586,61.8563],[6.0955,61.8485],[6.0819,61.8512],[6.0371,61.8696],[6.0184,61.871],[5.9614,61.8696],[5.907,61.8815],[5.8862,61.8832],[5.8718,61.881],[5.8431,61.8716],[5.8286,61.8696],[5.8225,61.8674],[5.8103,61.8582],[5.8045,61.8559],[5.7964,61.8574],[5.7293,61.8894],[5.7293,61.8969],[5.9333,61.903],[5.9614,61.9099],[5.9614,61.9167],[5.6454,61.9248],[5.5166,61.9381],[5.4502,61.9252],[5.4436,61.9292],[5.4373,61.935],[5.427,61.9378],[5.349,61.9273],[5.3019,61.9134],[5.2769,61.9099],[5.2215,61.9144],[5.1937,61.9123],[5.1707,61.9],[5.1558,61.8961],[5.1353,61.9013],[5.0986,61.9167],[5.1138,61.9301],[5.126,61.944],[5.1404,61.968],[5.1403,61.9713],[5.1555,61.976],[5.1615,61.9714],[5.165,61.9635],[5.1738,61.9583],[5.1839,61.9595],[5.1902,61.9644],[5.1952,61.9695],[5.2017,61.9713],[5.2102,61.9687],[5.2236,61.9599],[5.2283,61.9583],[5.2386,61.9606],[5.2402,61.9649],[5.2412,61.971],[5.2502,61.9787],[5.2889,61.9927],[5.3015,62.0029],[5.3103,62.0266],[5.339,62.0192],[5.3767,62.0161],[5.4002,62.02],[5.386,62.034],[5.3719,62.0368],[5.341,62.0369],[5.3276,62.0439],[5.3133,62.0571],[5.2979,62.0682],[5.2085,62.1023],[5.1091,62.1091],[5.0918,62.1227],[5.1016,62.123],[5.1097,62.1245],[5.126,62.1296],[5.1111,62.1398],[5.0803,62.1525],[5.0706,62.1638],[5.0764,62.1649],[5.0864,62.1691],[5.0918,62.1706],[5.0881,62.1737],[5.0818,62.1811],[5.0781,62.1842],[5.0824,62.1837],[5.0842,62.1848],[5.085,62.1911],[5.0962,62.1935],[5.126,62.1911],[5.1309,62.1916],[5.1414,62.1905],[5.1465,62.1911],[5.1467,62.1933],[5.146,62.2024],[5.1465,62.2047],[5.1697,62.2145],[5.1818,62.2127],[5.2102,62.1942],[5.2412,62.1831],[5.2532,62.1743],[5.2611,62.1698],[5.2688,62.1703],[5.2746,62.1694],[5.2769,62.1606],[5.2752,62.1543],[5.2697,62.141],[5.27,62.1358],[5.3179,62.1065],[5.391,62.0884],[5.4514,62.0617],[5.4617,62.0067],[5.468,62.0091],[5.4812,62.0139],[5.4959,62.0276],[5.5283,62.0689],[5.5309,62.0749],[5.5364,62.079],[5.5505,62.0812],[5.5609,62.0795],[5.5803,62.0705],[5.5916,62.0682],[5.5647,62.0897],[5.4202,62.1091],[5.4004,62.1159],[5.391,62.1232],[5.3918,62.1329],[5.4139,62.1621],[5.4206,62.1759],[5.4312,62.1862],[5.4543,62.1911],[5.4789,62.1885],[5.5241,62.174],[5.6221,62.1649],[5.6399,62.1575],[5.6482,62.1465],[5.6535,62.133],[5.6615,62.1214],[5.6931,62.113],[5.7498,62.0886],[5.7302,62.105],[5.6961,62.1225],[5.6683,62.1435],[5.6672,62.1706],[5.6847,62.179],[5.7147,62.1807],[5.7703,62.178],[5.7861,62.1805],[5.8386,62.2012],[5.8574,62.2043],[5.8821,62.2002],[5.9055,62.1909],[5.9206,62.178],[5.9255,62.1636],[5.9248,62.1499],[5.9206,62.1197],[5.9071,62.0936],[5.8525,62.0512],[5.8454,62.0197],[5.9094,62.0612],[5.9367,62.0873],[5.9546,62.14],[5.971,62.139],[6.0443,62.0993],[6.0552,62.0861],[6.0508,62.0682],[6.0886,62.0776],[6.1253,62.0827],[6.2083,62.0812],[6.3667,62.0613],[6.3667,62.0682],[6.0886,62.1091],[6.0762,62.1144],[6.0486,62.1379],[6.0403,62.1433],[6.0271,62.1487],[5.9826,62.1842],[5.9287,62.1989],[5.9206,62.2082],[5.926,62.2255],[5.9397,62.2294],[5.9575,62.2252],[5.9966,62.2111],[6.0173,62.207],[6.0645,62.2047],[6.0501,62.2104],[6.0298,62.2147],[5.992,62.2184],[5.9826,62.2235],[5.9753,62.2343],[5.9652,62.2441],[5.9478,62.2457],[5.9784,62.2797],[6.0277,62.3057],[6.0833,62.3224],[6.1333,62.3283],[6.2473,62.3611],[6.3108,62.3721],[6.3387,62.3524],[6.3431,62.3455],[6.3729,62.3146],[6.3934,62.2805],[6.4133,62.2665],[6.46,62.248],[6.4822,62.232],[6.5505,62.1706],[6.5608,62.1521],[6.5569,62.1384],[6.5305,62.1091],[6.5921,62.1358],[6.5809,62.1603],[6.4949,62.2531],[6.4177,62.3112],[6.3978,62.3367],[6.39,62.3647],[6.4002,62.3872],[6.4343,62.3965],[6.4797,62.4005],[6.5003,62.3993],[6.5238,62.3903],[6.5339,62.3835],[6.5647,62.3555],[6.562,62.3716],[6.5625,62.3868],[6.5589,62.3984],[6.5442,62.404],[6.5442,62.4108],[6.5636,62.4177],[6.6491,62.4349],[6.689,62.4499],[6.7088,62.4517],[6.7234,62.4475],[6.7483,62.4341],[6.8792,62.4179],[6.8811,62.4024],[6.8733,62.3806],[6.8738,62.3555],[6.8862,62.3411],[6.979,62.2836],[6.9893,62.273],[6.9963,62.2617],[6.9994,62.2535],[7.0075,62.2089],[7.0052,62.1943],[6.9961,62.1824],[6.9427,62.1374],[6.9387,62.1218],[6.9558,62.1023],[6.988,62.0893],[7.0213,62.0908],[7.0999,62.1046],[7.1248,62.1143],[7.14,62.1166],[7.1527,62.1149],[7.1878,62.1023],[7.1497,62.1308],[7.03,62.1004],[6.9793,62.1129],[6.9734,62.1294],[6.9865,62.1426],[7.0271,62.1672],[7.0371,62.1838],[7.0379,62.203],[7.0261,62.2602],[7.0281,62.266],[7.0378,62.273],[7.0514,62.276],[7.1128,62.2805],[7.2092,62.2509],[7.2329,62.2563],[7.2533,62.2711],[7.2813,62.2808],[7.3107,62.2816],[7.3359,62.2699],[7.3521,62.2575],[7.3734,62.2447],[7.3958,62.2349],[7.415,62.232],[7.415,62.2394],[7.3735,62.273],[7.3318,62.2852],[7.3223,62.2904],[7.2935,62.2979],[7.1613,62.2866],[7.0213,62.3038],[6.957,62.3253],[6.9141,62.3698],[6.9463,62.3699],[6.9614,62.3718],[6.9756,62.3767],[6.8516,62.4545],[6.8397,62.4592],[6.8187,62.4615],[6.7765,62.4598],[6.7565,62.4648],[6.7739,62.4704],[6.7907,62.4784],[6.6902,62.4775],[6.4837,62.4307],[6.3977,62.425],[6.3592,62.4312],[6.3431,62.4384],[6.3191,62.4544],[6.3047,62.4592],[6.2845,62.458],[6.2638,62.4531],[6.2429,62.4511],[6.2227,62.4592],[6.2497,62.468],[6.3387,62.4722],[6.4152,62.4896],[6.4309,62.4962],[6.4536,62.5024],[6.5327,62.5011],[6.5711,62.4924],[6.6746,62.4927],[6.6746,62.4996],[6.6519,62.5033],[6.6138,62.5202],[6.5671,62.5103],[6.4761,62.5132],[6.4761,62.52],[6.5432,62.5283],[6.5647,62.5275],[6.533,62.5369],[6.263,62.5275],[6.2674,62.5352],[6.2678,62.537],[6.2659,62.5374],[6.263,62.5411],[6.2705,62.5549],[6.2644,62.5624],[6.2542,62.5676],[6.2494,62.5747],[6.2549,62.5849],[6.2661,62.593],[6.291,62.6026],[6.3196,62.6085],[6.5374,62.6156],[6.5596,62.6112],[6.5833,62.5993],[6.6011,62.5819],[6.6057,62.561],[6.6126,62.561],[6.6222,62.5888],[6.6221,62.6012],[6.6126,62.6094],[6.6216,62.6196],[6.6322,62.6229],[6.6414,62.6195],[6.6467,62.6094],[6.6867,62.6337],[6.7298,62.6509],[6.7561,62.6546],[6.7771,62.6503],[6.8818,62.6015],[6.9006,62.5883],[6.9017,62.5826],[6.8982,62.5783],[6.9002,62.5756],[6.9178,62.5747],[6.9235,62.5786],[6.9207,62.5876],[6.9141,62.597],[6.908,62.6026],[6.9152,62.607],[6.9285,62.623],[6.9163,62.6242],[6.9055,62.6281],[6.896,62.6346],[6.8875,62.6435],[6.9317,62.6555],[7.0923,62.6509],[7.0843,62.6389],[7.0703,62.6304],[7.0536,62.6253],[7.0378,62.623],[7.052,62.6096],[7.0965,62.6122],[7.106,62.5992],[7.1097,62.5834],[7.1253,62.5535],[7.1271,62.5337],[7.1331,62.5337],[7.1374,62.5432],[7.1509,62.5668],[7.1538,62.5747],[7.1504,62.5819],[7.1365,62.5942],[7.1331,62.5992],[7.1575,62.6292],[7.1722,62.6276],[7.209,62.6156],[7.3154,62.605],[7.365,62.5928],[7.4304,62.548],[7.4888,62.5491],[7.5174,62.5411],[7.5276,62.5272],[7.5335,62.5109],[7.5425,62.5036],[7.5618,62.5166],[7.5667,62.5275],[7.5679,62.5399],[7.5729,62.55],[7.5886,62.5541],[7.7782,62.5747],[7.7454,62.586],[7.5052,62.5664],[7.4627,62.5747],[7.4417,62.5841],[7.4227,62.598],[7.4128,62.6147],[7.4182,62.633],[7.4445,62.6447],[7.4773,62.6396],[7.5003,62.6199],[7.4971,62.5883],[7.5202,62.5847],[7.5325,62.5951],[7.533,62.6133],[7.51,62.6495],[7.5106,62.664],[7.5232,62.6744],[7.5711,62.6822],[7.6169,62.7001],[7.8359,62.7321],[7.9483,62.7309],[7.9956,62.7355],[8.0188,62.7336],[8.0418,62.7279],[8.1267,62.6938],[8.1475,62.692],[8.1294,62.7184],[8.0651,62.7392],[8.0451,62.7596],[8.0544,62.7618],[8.0623,62.7661],[8.0687,62.7722],[8.073,62.7801],[8.0487,62.7792],[8.0012,62.7701],[7.9089,62.7633],[7.8645,62.7496],[7.646,62.7287],[7.5249,62.692],[7.4893,62.6868],[7.385,62.6876],[7.3597,62.6982],[7.3926,62.7047],[7.4036,62.7119],[7.3943,62.721],[7.3665,62.7329],[7.403,62.7386],[7.4715,62.7672],[7.6813,62.7944],[7.657,62.793],[7.6095,62.7961],[7.4505,62.7714],[7.415,62.7596],[7.3953,62.7565],[7.3516,62.7554],[7.3125,62.744],[6.9704,62.7256],[6.949,62.7329],[6.9606,62.7324],[6.9715,62.7356],[6.9797,62.7425],[6.9831,62.7534],[6.9788,62.7592],[6.96,62.765],[6.9558,62.7705],[6.9619,62.7842],[6.9767,62.797],[7.0098,62.8148],[7.0596,62.8263],[7.2158,62.8148],[7.1921,62.822],[7.1548,62.8432],[7.1331,62.8489],[7.0166,62.8415],[7.0042,62.8483],[6.9558,62.8869],[6.948,62.9055],[6.929,62.9121],[6.8801,62.9111],[6.8911,62.9217],[6.9102,62.9294],[7.0002,62.9512],[7.076,62.9829],[7.1082,62.9907],[7.1721,62.998],[7.2376,63.0147],[7.2712,63.0141],[7.2976,63.0043],[7.3434,62.9784],[7.37,62.9731],[7.4212,62.9514],[7.4264,62.945],[7.4417,62.9179],[7.5011,62.9108],[7.5598,62.9313],[7.616,62.9604],[7.6683,62.9793],[7.69,62.9811],[7.7757,62.9775],[7.7804,62.9726],[7.7761,62.965],[7.7676,62.9551],[7.7483,62.9421],[7.6683,62.9179],[7.6943,62.9121],[7.832,62.9494],[7.8464,62.9514],[7.8812,62.9525],[7.8994,62.9558],[7.9393,62.9771],[7.9739,62.977],[8.0755,62.9509],[8.0867,62.9452],[8.093,62.9372],[8.096,62.9291],[8.1011,62.9222],[8.1133,62.9179],[8.1139,62.8991],[8.1242,62.8677],[8.1393,62.8357],[8.1543,62.8148],[8.1897,62.7979],[8.2785,62.7871],[8.3191,62.777],[8.4152,62.7258],[8.4491,62.7193],[8.4807,62.7168],[8.5132,62.7074],[8.5378,62.6885],[8.5453,62.6572],[8.5672,62.6823],[8.5648,62.7036],[8.544,62.7206],[8.4553,62.7563],[8.3767,62.7772],[8.3311,62.8007],[8.2463,62.8161],[8.1841,62.8477],[8.172,62.8584],[8.168,62.8769],[8.1712,62.8918],[8.1792,62.9022],[8.1921,62.9084],[8.2096,62.9111],[8.1979,62.915],[8.186,62.9173],[8.1751,62.9207],[8.1649,62.9281],[8.1599,62.9347],[8.1538,62.9454],[8.1475,62.9514],[8.1291,62.9597],[8.0869,62.9672],[8.0007,63.0067],[7.9972,63.0095],[7.988,63.0229],[7.9831,63.0271],[7.9723,63.029],[7.9613,63.0281],[7.9512,63.0251],[7.9426,63.0202],[7.9539,63.0207],[7.9607,63.0187],[7.9651,63.0141],[7.97,63.0067],[7.948,63.0032],[7.9141,63.0019],[7.885,63.004],[7.8772,63.0104],[7.8933,63.0226],[7.9312,63.0378],[7.9489,63.0476],[7.9813,63.0814],[7.9973,63.0923],[8.0169,63.101],[8.0401,63.1077],[8.0641,63.111],[8.0867,63.1097],[8.1022,63.1044],[8.1211,63.0941],[8.134,63.0803],[8.1284,63.0502],[8.1416,63.037],[8.1604,63.0264],[8.1755,63.0202],[8.2468,63.008],[8.2678,62.9967],[8.2859,62.9821],[8.2954,62.9798],[8.3127,62.9793],[8.322,62.9777],[8.3301,62.9734],[8.3362,62.9669],[8.3399,62.9588],[8.3093,62.9446],[8.3189,62.9301],[8.3364,62.9121],[8.3294,62.8869],[8.3293,62.8807],[8.3445,62.8824],[8.374,62.89],[8.3894,62.8899],[8.403,62.8869],[8.488,62.853],[8.523,62.8443],[8.5386,62.8524],[8.5242,62.8713],[8.4544,62.8835],[8.4287,62.8968],[8.4507,62.8957],[8.574,62.8754],[8.5938,62.8695],[8.6058,62.8627],[8.6242,62.848],[8.6348,62.8415],[8.6509,62.8359],[8.6857,62.8284],[8.703,62.8223],[8.6199,62.8779],[8.5964,62.8852],[8.5208,62.8922],[8.4989,62.8983],[8.4797,62.9072],[8.423,62.9476],[8.4157,62.9588],[8.6442,62.9674],[8.6688,62.9793],[8.64,62.9888],[8.5754,62.9799],[8.5453,62.9793],[8.5217,62.9892],[8.5335,63.0003],[8.5863,63.0202],[8.5537,63.0226],[8.488,62.994],[8.3936,62.9728],[8.374,62.9731],[8.3695,62.9758],[8.3587,62.9858],[8.3533,62.9898],[8.3451,62.9931],[8.3195,62.9998],[8.3552,63.0083],[8.4354,63.0098],[8.4702,63.0202],[8.4353,63.0314],[8.3052,63.0202],[8.2622,63.0216],[8.2385,63.0255],[8.2232,63.0334],[8.2219,63.0385],[8.2224,63.0463],[8.2244,63.0537],[8.2289,63.0631],[8.2249,63.066],[8.2192,63.0685],[8.2163,63.0718],[8.2029,63.0927],[8.1782,63.105],[8.1655,63.1153],[8.1885,63.1301],[8.2197,63.1345],[8.242,63.1235],[8.2632,63.1074],[8.2915,63.096],[8.2897,63.0914],[8.2868,63.0801],[8.2847,63.0755],[8.3071,63.0786],[8.3186,63.0824],[8.3262,63.0886],[8.325,63.0939],[8.3184,63.0976],[8.3138,63.1021],[8.3195,63.1097],[8.3044,63.1251],[8.2831,63.1331],[8.2362,63.1432],[8.2362,63.1507],[8.5436,63.1324],[8.641,63.1097],[8.6245,63.1281],[8.5759,63.1442],[8.5658,63.1612],[8.5788,63.1745],[8.6087,63.1811],[8.8499,63.2034],[8.9431,63.2121],[8.869,63.2105],[8.6484,63.2059],[8.6237,63.2015],[8.6122,63.2038],[8.6032,63.2243],[8.5931,63.2355],[8.5733,63.2531],[8.527,63.279],[8.502,63.2886],[8.4764,63.294],[8.5147,63.3059],[8.702,63.324],[8.7376,63.3347],[8.7644,63.3493],[8.7282,63.3492],[8.7111,63.3512],[8.6956,63.3567],[8.6888,63.363],[8.6821,63.3719],[8.6746,63.3799],[8.6389,63.3921],[8.6468,63.4092],[8.6724,63.4212],[8.7183,63.4081],[8.7409,63.4141],[8.7658,63.4245],[8.7864,63.4298],[8.7918,63.4312],[8.8234,63.4294],[8.8426,63.4204],[8.8589,63.4084],[8.8811,63.3976],[8.8914,63.4213],[8.9261,63.4239],[8.9675,63.4185],[8.9972,63.4182],[8.9972,63.4244],[8.9734,63.4244],[8.9675,63.4334],[8.9749,63.4466],[9.0008,63.4661],[9.0064,63.4672],[9.0183,63.4665],[9.053,63.4523],[9.1145,63.4182],[9.1231,63.4073],[9.1286,63.3955],[9.1355,63.3844],[9.1486,63.3759],[9.1262,63.3623],[9.1029,63.3432],[9.0887,63.32],[9.0934,63.294],[9.1253,63.3206],[9.1431,63.3309],[9.1916,63.3384],[9.2647,63.3629],[9.4346,63.3804],[9.4769,63.4039],[9.45,63.4009],[9.3939,63.3867],[9.2603,63.3813],[9.23,63.3729],[9.218,63.372],[9.2044,63.3765],[9.1917,63.3836],[9.1677,63.402],[9.1691,63.4212],[9.183,63.4345],[9.4819,63.4732],[9.4839,63.4761],[9.4844,63.4827],[9.4807,63.487],[9.4722,63.4855],[9.4566,63.4796],[9.3643,63.4663],[9.333,63.4665],[9.3006,63.4778],[9.2853,63.4796],[9.28,63.4824],[9.2681,63.4956],[9.2578,63.5001],[9.2621,63.4852],[9.2681,63.4735],[9.2776,63.4648],[9.2922,63.4591],[9.2102,63.4594],[9.1673,63.4669],[9.1486,63.4858],[9.162,63.5071],[9.1926,63.5136],[9.2443,63.5137],[9.2372,63.5345],[9.2559,63.5353],[9.2834,63.5297],[9.3023,63.5308],[9.319,63.5433],[9.3428,63.5556],[9.368,63.5633],[9.3882,63.5622],[9.3777,63.5539],[9.3745,63.5423],[9.3783,63.5305],[9.3882,63.5212],[9.4033,63.5185],[9.4167,63.5249],[9.4601,63.5617],[9.4768,63.5718],[9.4954,63.5769],[9.5186,63.5752],[9.5364,63.5673],[9.5599,63.5458],[9.5733,63.541],[9.5606,63.5659],[9.5459,63.5806],[9.5242,63.5876],[9.4906,63.5894],[9.5168,63.6037],[9.5461,63.6103],[9.6079,63.6168],[9.6677,63.6378],[9.6991,63.6445],[9.724,63.6367],[9.7202,63.6208],[9.7396,63.6026],[9.7855,63.5752],[9.8,63.5631],[9.8107,63.5486],[9.8138,63.532],[9.8059,63.5137],[9.8987,63.4774],[9.9474,63.4495],[9.9606,63.4277],[9.9414,63.3945],[9.9285,63.3772],[9.8333,63.3288],[9.8567,63.3254],[9.8942,63.3312],[9.9313,63.3418],[9.9792,63.3635],[10.0134,63.3619],[10.047,63.3523],[10.0993,63.3249],[10.1389,63.3223],[10.2113,63.3288],[10.2422,63.3263],[10.2544,63.3144],[10.259,63.2673],[10.2686,63.273],[10.2722,63.2817],[10.2721,63.3049],[10.2733,63.3078],[10.2757,63.3095],[10.2783,63.3122],[10.2796,63.3183],[10.2774,63.3238],[10.2727,63.3269],[10.2681,63.3289],[10.2659,63.3319],[10.2449,63.3441],[10.084,63.3613],[10.0687,63.3655],[10.0564,63.3729],[10.0491,63.3819],[10.0422,63.3948],[10.0409,63.4064],[10.0496,63.4113],[10.0601,63.415],[10.0837,63.4326],[10.094,63.4387],[10.156,63.4523],[10.3005,63.4665],[10.3172,63.4637],[10.3547,63.4449],[10.3731,63.4417],[10.3869,63.4431],[10.4155,63.4523],[10.4473,63.4568],[10.4819,63.4547],[10.516,63.4471],[10.5462,63.4349],[10.5769,63.4307],[10.6904,63.4523],[10.696,63.4473],[10.7588,63.4387],[10.7837,63.423],[10.7979,63.4174],[10.8102,63.4212],[10.8298,63.4406],[10.841,63.444],[10.8759,63.4459],[10.876,63.446],[10.8931,63.4495],[10.9081,63.4562],[10.9164,63.4665],[10.8225,63.4759],[10.7777,63.4875],[10.7588,63.5175],[10.7808,63.539],[10.8311,63.5504],[10.9226,63.5548],[10.9226,63.5622],[10.8773,63.5644],[10.8569,63.5693],[10.8615,63.5786],[10.8792,63.5833],[10.897,63.5844],[10.9124,63.5885],[10.9226,63.6025],[10.8513,63.5981],[10.8176,63.5908],[10.786,63.5786],[10.7683,63.574],[10.7302,63.5718],[10.7144,63.5649],[10.7022,63.5574],[10.6875,63.5519],[10.6716,63.5488],[10.6564,63.5485],[10.6564,63.5548],[10.6726,63.5582],[10.68,63.5676],[10.686,63.5775],[10.6973,63.582],[10.7051,63.5837],[10.7085,63.5878],[10.7106,63.5933],[10.7144,63.5991],[10.7197,63.6035],[10.7293,63.6088],[10.7347,63.6133],[10.7557,63.6251],[10.7878,63.6348],[10.8446,63.6441],[10.8643,63.6515],[10.9054,63.6845],[11.0335,63.7192],[11.0569,63.7161],[11.083,63.7046],[11.1196,63.7045],[11.1567,63.7111],[11.1838,63.7198],[11.2058,63.7337],[11.2422,63.7651],[11.2658,63.7744],[11.3372,63.7842],[11.443,63.7861],[11.4577,63.79],[11.4639,63.8017],[11.4597,63.8124],[11.4494,63.8189],[11.4364,63.8218],[11.4241,63.8222],[11.4276,63.8253],[11.4343,63.8327],[11.4378,63.8359],[11.4152,63.8501],[11.3547,63.8481],[11.3273,63.853],[11.3019,63.8629],[11.2771,63.8674],[11.2518,63.8672],[11.1116,63.8496],[11.1017,63.8519],[11.0965,63.8581],[11.0946,63.8669],[11.0945,63.8769],[11.0964,63.8896],[11.1019,63.8935],[11.1123,63.8941],[11.1766,63.9092],[11.2004,63.9197],[11.2106,63.9352],[11.2233,63.9455],[11.3,63.9656],[11.4369,63.9831],[11.4631,63.9932],[11.4868,64.0067],[11.4979,64.0208],[11.4544,64.0174],[11.4417,64.0257],[11.4263,64.0288],[11.3665,64.0273],[11.2621,64.0361],[11.2542,64.0379],[11.242,64.0516],[11.2405,64.061],[11.2525,64.0681],[11.28,64.0761],[11.3451,64.1049],[11.3621,64.1171],[11.3284,64.1144],[11.3,64.1072],[11.2254,64.072],[11.2035,64.0274],[11.1976,64.0208],[11.1751,64.007],[10.9627,63.9479],[10.9363,63.9363],[10.911,63.9217],[10.8923,63.9075],[10.8713,63.8972],[10.8381,63.8873],[10.7201,63.8698],[10.6887,63.8603],[10.6462,63.8332],[10.5954,63.8203],[10.5737,63.8091],[10.5938,63.8088],[10.6131,63.8115],[10.6316,63.8163],[10.6891,63.8402],[10.7007,63.8427],[10.77,63.8503],[10.9002,63.8947],[10.9349,63.8981],[11.0007,63.8774],[11.0303,63.872],[11.056,63.8613],[11.074,63.8359],[11.0535,63.8315],[11.0298,63.8234],[11.0075,63.8131],[10.9915,63.8017],[10.9872,63.7944],[10.9823,63.7758],[10.9779,63.7676],[10.9717,63.7632],[10.9546,63.7559],[10.947,63.7502],[10.91,63.731],[10.811,63.7202],[10.7407,63.6904],[10.6717,63.6868],[10.6428,63.6776],[10.6336,63.6696],[10.6116,63.6403],[10.6023,63.6359],[10.5667,63.6252],[10.5296,63.6195],[10.4158,63.5794],[10.4016,63.5764],[10.3667,63.5732],[10.3355,63.5642],[10.3202,63.5622],[10.2414,63.5622],[10.2284,63.5588],[10.2048,63.5443],[10.1936,63.541],[10.1664,63.5369],[10.0803,63.5075],[10.041,63.5017],[9.9984,63.5001],[9.9915,63.4983],[9.9857,63.495],[9.9802,63.4934],[9.9739,63.4966],[9.9692,63.5002],[9.9627,63.5037],[9.9559,63.5065],[9.9182,63.5147],[9.9084,63.5324],[9.904,63.5546],[9.888,63.5752],[9.8984,63.5864],[9.9021,63.5894],[9.8856,63.595],[9.8499,63.5974],[9.8333,63.6025],[9.8182,63.6141],[9.8108,63.6271],[9.8145,63.6383],[9.8333,63.6441],[9.8264,63.6535],[9.8171,63.6588],[9.7922,63.6645],[9.7956,63.6685],[9.7974,63.6718],[9.8001,63.6747],[9.8059,63.6776],[9.8034,63.6816],[9.7991,63.6918],[9.8434,63.6962],[9.9241,63.7155],[9.9998,63.7239],[10.0363,63.7346],[10.071,63.7499],[10.1014,63.7676],[10.0759,63.7658],[10.0303,63.748],[10.0052,63.7465],[10.0096,63.7576],[10.0176,63.7659],[10.028,63.7714],[10.0393,63.7744],[10.0296,63.7835],[10.012,63.7801],[9.9919,63.772],[9.9739,63.7676],[9.9558,63.7663],[9.9066,63.7573],[9.8576,63.7316],[9.7796,63.7232],[9.7289,63.7021],[9.6489,63.6993],[9.6457,63.6964],[9.6438,63.6916],[9.6428,63.6872],[9.6421,63.685],[9.6371,63.6843],[9.6258,63.6859],[9.6211,63.685],[9.5868,63.6714],[9.5441,63.6656],[9.5513,63.6831],[9.5679,63.7068],[9.5527,63.7198],[9.5527,63.726],[9.7195,63.7629],[9.7781,63.7676],[9.7781,63.7744],[9.5813,63.7591],[9.5459,63.7744],[9.6628,63.8188],[9.8312,63.8616],[9.8743,63.8632],[9.8743,63.8694],[9.8307,63.8706],[9.8112,63.8747],[9.7922,63.8837],[9.8921,63.9025],[9.9124,63.9008],[9.9146,63.8915],[9.9077,63.8864],[9.9067,63.8841],[9.9258,63.8837],[9.9369,63.8863],[9.9705,63.9042],[10.068,63.9177],[10.116,63.9411],[10.1737,63.9341],[10.197,63.9383],[10.1724,63.9572],[10.1589,63.9637],[10.1418,63.9656],[10.1262,63.9621],[10.0957,63.9487],[10.064,63.9436],[10.0313,63.9343],[9.9939,63.9294],[9.9619,63.9188],[9.9431,63.9184],[9.9727,63.9418],[10.0872,63.9665],[10.1281,63.9867],[10.113,63.987],[10.1022,63.9821],[10.0921,63.9761],[10.0803,63.973],[10.0696,63.9763],[10.0645,63.9828],[10.0586,63.9868],[9.993,63.9645],[9.9631,63.9597],[9.9363,63.9594],[9.9448,63.9716],[9.9723,63.9838],[9.9841,63.9935],[9.9893,64.0095],[9.9912,64.0257],[9.9981,64.0363],[10.0182,64.0351],[10.0139,64.0443],[10.0144,64.0492],[10.0256,64.0624],[10.0148,64.0705],[10.0032,64.082],[9.9958,64.0954],[9.9978,64.1096],[10.0137,64.1188],[10.0358,64.1155],[10.0843,64.1013],[10.0984,64.0919],[10.1079,64.0897],[10.1921,64.1015],[10.2088,64.1098],[10.2175,64.1239],[10.1914,64.1174],[10.1077,64.1171],[10.1174,64.1304],[10.1338,64.1385],[10.1526,64.1408],[10.1697,64.1369],[10.161,64.1476],[10.156,64.1512],[10.156,64.158],[10.197,64.158],[10.1852,64.1609],[10.1779,64.1667],[10.1768,64.175],[10.1834,64.1854],[10.1776,64.189],[10.1745,64.1926],[10.1724,64.1959],[10.1697,64.199],[10.1878,64.1979],[10.2054,64.194],[10.2222,64.1926],[10.2373,64.199],[10.2344,64.2011],[10.2334,64.2014],[10.2311,64.2058],[10.2546,64.2055],[10.2971,64.2099],[10.32,64.2058],[10.3651,64.185],[10.3745,64.1854],[10.3654,64.2072],[10.3235,64.2222],[10.2454,64.2338],[10.2588,64.2456],[10.2837,64.2525],[10.3335,64.2604],[10.3308,64.2641],[10.3268,64.2741],[10.3516,64.275],[10.3973,64.2644],[10.3919,64.2778],[10.3914,64.2878],[10.4075,64.2893],[10.4363,64.285],[10.4494,64.2904],[10.4626,64.2941],[10.4763,64.2958],[10.4912,64.2952],[10.4912,64.3014],[10.4577,64.301],[10.4496,64.3128],[10.4522,64.331],[10.4502,64.3498],[10.471,64.3504],[10.4776,64.3498],[10.4707,64.3566],[10.4939,64.3564],[10.5173,64.35],[10.5594,64.3293],[10.5536,64.3435],[10.5393,64.3533],[10.5047,64.3641],[10.5047,64.3703],[10.5475,64.3689],[10.5674,64.3639],[10.5983,64.3458],[10.6146,64.3464],[10.6489,64.3566],[10.6489,64.3641],[10.6209,64.3629],[10.6071,64.3655],[10.6011,64.374],[10.5984,64.383],[10.5913,64.388],[10.5814,64.3903],[10.5703,64.3908],[10.5669,64.393],[10.5642,64.3979],[10.5602,64.4028],[10.553,64.4051],[10.4639,64.4051],[10.471,64.4157],[10.4831,64.4237],[10.4973,64.4291],[10.5116,64.4317],[10.5441,64.4262],[10.5991,64.4021],[10.6283,64.3976],[10.6232,64.4103],[10.6131,64.4208],[10.6022,64.4265],[10.5942,64.4249],[10.592,64.4301],[10.5877,64.4328],[10.5855,64.4343],[10.5933,64.4414],[10.5993,64.4488],[10.6047,64.4522],[10.6152,64.4501],[10.6311,64.4407],[10.6389,64.4385],[10.6463,64.4354],[10.6589,64.4213],[10.6663,64.4181],[10.7212,64.4181],[10.7319,64.4158],[10.7367,64.4101],[10.7398,64.4034],[10.7451,64.3976],[10.7538,64.3931],[10.8151,64.3703],[10.835,64.3691],[10.855,64.3778],[10.7993,64.4008],[10.7866,64.4113],[10.8052,64.4208],[10.7966,64.4323],[10.7746,64.4419],[10.7526,64.446],[10.6799,64.439],[10.6564,64.446],[10.6564,64.4522],[10.6704,64.4543],[10.6921,64.4679],[10.7041,64.4727],[10.7151,64.4725],[10.74,64.4667],[10.7526,64.4659],[10.7528,64.4682],[10.7544,64.473],[10.7573,64.4779],[10.7622,64.4802],[10.7928,64.4802],[10.8058,64.4765],[10.8273,64.4673],[10.8412,64.4659],[10.8369,64.4829],[10.8275,64.4919],[10.8147,64.4982],[10.8003,64.5075],[10.8247,64.5114],[10.8484,64.5049],[10.8693,64.492],[10.8854,64.4765],[10.8923,64.4747],[10.9002,64.4804],[10.9085,64.4883],[10.9164,64.4931],[10.9273,64.4922],[10.9362,64.4875],[10.9455,64.484],[10.9567,64.487],[10.9263,64.502],[10.9226,64.5075],[10.9279,64.5134],[10.9388,64.5129],[10.9641,64.5075],[10.9641,64.515],[10.9499,64.5205],[10.9487,64.5287],[10.9536,64.5392],[10.9567,64.5522],[10.9517,64.5588],[10.94,64.5661],[10.9264,64.5724],[10.9164,64.5758],[10.9164,64.5826],[10.9268,64.582],[10.9348,64.5836],[10.9505,64.59],[10.9535,64.5928],[10.9557,64.5972],[10.957,64.6013],[10.9567,64.603],[10.9712,64.6026],[10.9954,64.5926],[11.0519,64.5798],[11.0603,64.5758],[11.0635,64.5661],[11.0597,64.5474],[11.0635,64.5382],[11.0762,64.5236],[11.0843,64.5215],[11.1013,64.5211],[11.1672,64.4892],[11.1781,64.4787],[11.1761,64.4655],[11.1628,64.446],[11.1851,64.4416],[11.2454,64.4522],[11.2698,64.4526],[11.294,64.4492],[11.3177,64.4421],[11.3416,64.4317],[11.3318,64.4121],[11.3203,64.3987],[11.2687,64.3666],[11.2249,64.3225],[11.2474,64.3256],[11.2673,64.3395],[11.3,64.3703],[11.3776,64.3972],[11.3893,64.4051],[11.37,64.4107],[11.3621,64.4113],[11.3696,64.4202],[11.3972,64.4457],[11.4098,64.4522],[11.4168,64.4506],[11.4346,64.4409],[11.4434,64.4385],[11.4539,64.4399],[11.4774,64.4522],[11.5203,64.4625],[11.6126,64.4695],[11.6563,64.4802],[11.4378,64.4659],[11.4478,64.477],[11.4517,64.4963],[11.4607,64.5112],[11.4753,64.5172],[11.5213,64.5182],[11.5396,64.5211],[11.5396,64.528],[11.5281,64.5294],[11.5181,64.5331],[11.5104,64.5394],[11.506,64.5484],[11.5737,64.5559],[11.5545,64.5445],[11.547,64.5416],[11.5701,64.5373],[11.6563,64.5695],[11.7505,64.5857],[11.7798,64.5969],[11.6595,64.5943],[11.6358,64.5826],[11.6245,64.5926],[11.6279,64.6026],[11.6336,64.613],[11.6289,64.6242],[11.6112,64.6286],[11.5891,64.623],[11.5679,64.6125],[11.5532,64.603],[11.5627,64.5985],[11.5728,64.5964],[11.5835,64.596],[11.5947,64.5969],[11.5772,64.575],[11.5476,64.5682],[11.5168,64.5729],[11.4949,64.5863],[11.4855,64.5953],[11.4639,64.6113],[11.4544,64.6204],[11.4434,64.6271],[11.4295,64.6316],[11.4207,64.6364],[11.4241,64.644],[11.4241,64.6514],[11.4126,64.656],[11.402,64.6632],[11.3957,64.6728],[11.3962,64.6856],[11.402,64.6883],[11.4114,64.6861],[11.4202,64.6861],[11.4241,64.6959],[11.4207,64.6994],[11.4126,64.7029],[11.4033,64.7056],[11.3962,64.7067],[11.4211,64.7138],[11.4798,64.7195],[11.5317,64.7446],[11.5604,64.7423],[11.5886,64.7364],[11.6159,64.7402],[11.61,64.7415],[11.5947,64.7477],[11.5952,64.7585],[11.5842,64.762],[11.5677,64.7633],[11.5532,64.7675],[11.7904,64.7836],[11.8233,64.7938],[11.8418,64.7949],[11.8418,64.8023],[11.7388,64.8023],[11.7456,64.8091],[11.7166,64.8112],[11.6709,64.8206],[11.6432,64.8227],[11.6771,64.8321],[11.7873,64.8358],[11.7868,64.8407],[11.7855,64.8438],[11.7798,64.8501],[11.7873,64.8576],[11.7189,64.8413],[11.6836,64.8371],[11.6494,64.8432],[11.7085,64.8583],[11.7261,64.8766],[11.7455,64.8842],[11.7664,64.8892],[11.8145,64.8951],[11.9168,64.9252],[11.992,64.9302],[12.0088,64.936],[12.0193,64.9432],[12.051,64.9573],[12.0637,64.9599],[12.2249,64.9394],[12.1863,64.9595],[12.1439,64.9694],[12.0535,64.973],[12.0335,64.9699],[11.9981,64.9562],[11.9822,64.9531],[11.9116,64.9494],[11.7388,64.8911],[11.617,64.8696],[11.6084,64.862],[11.6221,64.8501],[11.6221,64.8432],[11.5476,64.8196],[11.5225,64.8159],[11.495,64.8149],[11.4783,64.8106],[11.4649,64.8012],[11.4474,64.7849],[11.4268,64.7703],[11.4033,64.7597],[11.3786,64.7524],[11.261,64.7344],[11.2385,64.7402],[11.251,64.7453],[11.3101,64.756],[11.3379,64.7654],[11.3514,64.7675],[11.3605,64.7712],[11.4214,64.8083],[11.4297,64.8159],[11.3464,64.805],[11.3024,64.822],[11.2551,64.8166],[11.2317,64.8227],[11.2527,64.8378],[11.282,64.8445],[11.5238,64.8625],[11.6649,64.8933],[11.6971,64.9122],[11.6725,64.9123],[11.6016,64.8911],[11.2454,64.8576],[11.2673,64.8698],[11.4014,64.9223],[11.4232,64.9252],[11.4502,64.9223],[11.5122,64.8985],[11.5334,64.8959],[11.5542,64.8991],[11.5745,64.9069],[11.5947,64.9184],[11.5947,64.9252],[11.5779,64.9226],[11.5493,64.9079],[11.5339,64.9047],[11.522,64.9081],[11.4774,64.9326],[11.4954,64.9409],[11.5601,64.9531],[11.5801,64.9528],[11.6211,64.9444],[11.6358,64.9456],[11.6307,64.9489],[11.6224,64.9564],[11.6159,64.9599],[11.6291,64.9659],[11.6398,64.9628],[11.6502,64.9565],[11.6631,64.9531],[11.7106,64.9573],[11.7668,64.9709],[11.7764,64.9767],[11.8202,64.9812],[11.835,64.9866],[11.8177,64.9914],[11.8045,64.9986],[11.8015,65.0076],[11.8142,65.018],[11.8726,65.0419],[11.9076,65.0491],[11.9431,65.0624],[11.9785,65.0688],[12.0125,65.0555],[12.0093,65.0461],[12.0101,65.036],[12.0155,65.0296],[12.0261,65.0313],[12.0314,65.0364],[12.0387,65.0516],[12.0435,65.059],[12.0545,65.0656],[12.0604,65.06],[12.0632,65.0507],[12.0637,65.0456],[12.0759,65.0395],[12.09,65.0414],[12.1037,65.0465],[12.1156,65.0493],[12.1371,65.0467],[12.1532,65.0395],[12.1659,65.0285],[12.177,65.0146],[12.1764,65.0112],[12.176,65.0098],[12.1726,65.0036],[12.1732,64.9978],[12.1843,64.9941],[12.194,64.9949],[12.2015,64.9992],[12.2017,64.9993],[12.2073,65.006],[12.2112,65.0146],[12.2018,65.0195],[12.1931,65.0259],[12.1869,65.0345],[12.1843,65.0456],[12.1931,65.0505],[12.2809,65.0601],[12.339,65.0825],[12.3688,65.0903],[12.438,65.0846],[12.4715,65.0893],[12.4861,65.1135],[12.5075,65.1212],[12.6065,65.126],[12.6362,65.1313],[12.6204,65.1369],[12.612,65.1383],[12.6022,65.1374],[12.6174,65.1498],[12.6372,65.1535],[12.6584,65.1545],[12.6773,65.1592],[12.7156,65.1846],[12.7746,65.2116],[12.7905,65.2138],[12.7962,65.219],[12.801,65.2305],[12.8074,65.2421],[12.8179,65.2473],[12.8381,65.2536],[12.931,65.3124],[12.94,65.3278],[12.9318,65.3332],[12.8963,65.312],[12.8566,65.2957],[12.8456,65.2895],[12.8254,65.2746],[12.6682,65.1959],[12.5687,65.1667],[12.5537,65.1654],[12.541,65.1623],[12.5149,65.1481],[12.5028,65.1449],[12.429,65.1392],[12.3901,65.1425],[12.3688,65.1518],[12.3817,65.1772],[12.4706,65.1826],[12.4992,65.2001],[12.4876,65.2],[12.4613,65.2028],[12.4514,65.2064],[12.4383,65.2138],[12.4378,65.2161],[12.4387,65.2247],[12.4383,65.2269],[12.417,65.2302],[12.3779,65.2214],[12.3552,65.22],[12.3552,65.2269],[12.39,65.2427],[12.4082,65.2469],[12.4309,65.2473],[12.48,65.2403],[12.5081,65.2407],[12.5202,65.2507],[12.677,65.2492],[12.7121,65.2541],[12.6807,65.2627],[12.5881,65.261],[12.5164,65.2678],[12.5027,65.2654],[12.4748,65.2554],[12.4582,65.2541],[12.4627,65.2641],[12.465,65.2678],[12.4357,65.2733],[12.3455,65.2678],[12.3206,65.2602],[12.2995,65.2447],[12.2762,65.2322],[12.2453,65.2336],[12.2572,65.2451],[12.3005,65.2678],[12.312,65.2763],[12.3306,65.2951],[12.3421,65.3026],[12.3781,65.3094],[12.4163,65.3088],[12.4514,65.3135],[12.4787,65.3367],[12.46,65.3368],[12.4103,65.3225],[12.4186,65.3351],[12.433,65.3445],[12.492,65.3691],[12.4992,65.3708],[12.5064,65.3688],[12.5103,65.3641],[12.513,65.3593],[12.5164,65.3572],[12.6008,65.3547],[12.6257,65.3472],[12.6397,65.3353],[12.6565,65.3258],[12.6745,65.3226],[12.6916,65.3298],[12.6628,65.3547],[12.6244,65.3576],[12.5833,65.3585],[12.547,65.364],[12.5381,65.3725],[12.5339,65.3919],[12.527,65.4056],[12.5148,65.4169],[12.4888,65.4323],[12.4787,65.4465],[12.528,65.4487],[12.5486,65.447],[12.5674,65.4398],[12.57,65.4352],[12.569,65.4293],[12.569,65.4235],[12.5742,65.4186],[12.5833,65.4179],[12.5916,65.4299],[12.6022,65.4323],[12.6292,65.4212],[12.6807,65.3799],[12.7121,65.3708],[12.6408,65.4164],[12.6294,65.4323],[12.6497,65.4503],[12.7803,65.4596],[12.741,65.4678],[12.6084,65.4596],[12.6084,65.467],[12.6208,65.4697],[12.6439,65.4781],[12.6569,65.4807],[12.6338,65.488],[12.5965,65.4886],[12.578,65.498],[12.5646,65.5137],[12.5733,65.5193],[12.5935,65.5219],[12.6157,65.5285],[12.5942,65.534],[12.5794,65.5495],[12.5726,65.5699],[12.5742,65.59],[12.5519,65.568],[12.5371,65.5348],[12.5137,65.5122],[12.465,65.5217],[12.4863,65.538],[12.5081,65.5491],[12.5257,65.5618],[12.5339,65.5832],[12.51,65.5737],[12.4666,65.5369],[12.4383,65.5285],[12.4043,65.535],[12.3965,65.5519],[12.4043,65.5741],[12.4172,65.5967],[12.3973,65.5963],[12.3817,65.5924],[12.3684,65.5927],[12.3552,65.6042],[12.3571,65.6077],[12.3591,65.6176],[12.3577,65.6293],[12.3489,65.6384],[12.3641,65.6525],[12.3982,65.6712],[12.4137,65.6828],[12.4304,65.7004],[12.4383,65.706],[12.448,65.7104],[12.4668,65.7167],[12.4756,65.724],[12.4954,65.7333],[12.5251,65.7344],[12.5545,65.7294],[12.5742,65.7203],[12.5813,65.7131],[12.5855,65.7066],[12.5874,65.6994],[12.5879,65.6896],[12.5942,65.6863],[12.6362,65.6862],[12.6265,65.6811],[12.6157,65.6733],[12.6082,65.6632],[12.6084,65.6514],[12.615,65.6525],[12.6569,65.6384],[12.6931,65.6443],[12.7124,65.6441],[12.7409,65.6297],[12.7578,65.6302],[12.7749,65.6339],[12.7871,65.6384],[12.7769,65.6491],[12.7581,65.6553],[12.7371,65.6581],[12.6966,65.6591],[12.6836,65.6614],[12.6743,65.6675],[12.6636,65.6793],[12.6585,65.6901],[12.6559,65.7012],[12.6502,65.7099],[12.6233,65.7156],[12.5864,65.7277],[12.5742,65.734],[12.5578,65.7537],[12.5671,65.7665],[12.6157,65.7891],[12.6343,65.8027],[12.6454,65.8077],[12.6603,65.8097],[12.6731,65.8059],[12.6851,65.7978],[12.6987,65.7906],[12.7175,65.7891],[12.7046,65.8022],[12.7112,65.8271],[12.6937,65.8355],[12.6662,65.8342],[12.6263,65.8274],[12.6157,65.8279],[12.6117,65.8347],[12.6157,65.8507],[12.6198,65.8553],[12.6314,65.8598],[12.6362,65.8643],[12.6389,65.8712],[12.6404,65.8856],[12.6424,65.8916],[12.6604,65.9118],[12.6823,65.9267],[12.7891,65.965],[12.8174,65.9687],[12.8485,65.9667],[12.9175,65.953],[12.9297,65.9463],[12.9517,65.9307],[12.9658,65.9257],[12.9854,65.9253],[13.0228,65.9298],[13.0404,65.9257],[13.0486,65.9196],[13.0593,65.905],[13.0682,65.8984],[13.0773,65.8954],[13.094,65.8937],[13.1026,65.8916],[13.1081,65.8913],[13.1149,65.8923],[13.1205,65.8922],[13.1229,65.8882],[13.1227,65.8795],[13.1229,65.8779],[13.157,65.8507],[13.176,65.8558],[13.167,65.8716],[13.1511,65.8925],[13.1497,65.9121],[13.1336,65.9243],[13.126,65.9333],[13.1229,65.9431],[13.1126,65.9468],[13.0485,65.9468],[12.9784,65.9599],[12.9424,65.9739],[12.9243,65.994],[12.9456,65.9998],[12.9631,66.0102],[12.968,66.0229],[12.9515,66.0356],[12.9706,66.0528],[13.0236,66.0673],[13.0404,66.0834],[13.0022,66.0827],[12.9273,66.0615],[12.7121,66.0424],[12.7155,66.0469],[12.7171,66.0501],[12.7196,66.0529],[12.7256,66.0561],[12.7129,66.0615],[12.6994,66.0634],[12.6704,66.0629],[12.6872,66.0746],[12.7517,66.1051],[12.7732,66.1113],[12.8059,66.1156],[12.869,66.1343],[13.0475,66.1523],[13.0754,66.1461],[13.0895,66.1461],[13.0956,66.1554],[13.1037,66.1616],[13.1567,66.1694],[13.1735,66.1754],[13.2254,66.1858],[13.306,66.2179],[13.5272,66.2401],[13.5618,66.2342],[13.5765,66.2189],[13.5574,66.2051],[13.5232,66.1957],[13.4928,66.1933],[13.4928,66.1858],[13.5823,66.1858],[13.5716,66.1724],[13.5446,66.152],[13.5344,66.1386],[13.5301,66.1203],[13.5359,66.1105],[13.5477,66.108],[13.5618,66.1113],[13.5736,66.1192],[13.6009,66.1433],[13.617,66.1523],[13.6397,66.1573],[13.7119,66.1585],[13.7466,66.1662],[13.7603,66.166],[13.771,66.1632],[13.7898,66.1553],[13.8216,66.147],[13.8304,66.1487],[13.8348,66.1585],[13.8318,66.1685],[13.8224,66.1718],[13.7766,66.1762],[13.7051,66.1728],[13.6095,66.1858],[13.6411,66.2206],[13.6965,66.2387],[13.7578,66.2424],[13.8081,66.2342],[13.7992,66.2238],[13.773,66.2103],[13.7603,66.1994],[13.7884,66.2008],[13.8367,66.2221],[13.9729,66.2379],[13.9862,66.241],[13.9963,66.2497],[14.0023,66.2611],[14.0098,66.2709],[14.036,66.2775],[14.0516,66.2873],[14.0868,66.2929],[14.1128,66.3023],[14.1346,66.3164],[14.1439,66.3338],[14.1305,66.3431],[14.1001,66.3369],[14.0483,66.3168],[13.964,66.3048],[13.9385,66.2956],[13.9154,66.272],[13.9075,66.2684],[13.8035,66.2778],[13.7803,66.2826],[13.7643,66.2934],[13.7538,66.2958],[13.7393,66.2895],[13.7404,66.2775],[13.7236,66.2641],[13.6991,66.2531],[13.6198,66.2409],[13.5916,66.2438],[13.5755,66.2622],[13.6232,66.2752],[13.613,66.281],[13.6009,66.2859],[13.5881,66.289],[13.5755,66.2895],[13.5635,66.2861],[13.5032,66.259],[13.4675,66.2554],[13.4137,66.2431],[13.3273,66.2458],[13.2874,66.241],[13.2048,66.2047],[13.0693,66.1741],[13.0404,66.1796],[13.0316,66.1982],[13.0552,66.2109],[13.0894,66.2207],[13.1125,66.2308],[13.1345,66.2471],[13.1631,66.2591],[13.3213,66.3003],[13.4943,66.3],[13.5344,66.3093],[13.5056,66.3186],[13.4035,66.3168],[13.4113,66.3273],[13.4233,66.3325],[13.4519,66.3372],[13.4329,66.3432],[13.4155,66.3426],[13.3799,66.3372],[13.3648,66.3383],[13.3579,66.3417],[13.3524,66.3479],[13.3421,66.3571],[13.3235,66.3694],[13.3109,66.3745],[13.307,66.3691],[13.3147,66.3503],[13.3308,66.3371],[13.3377,66.3278],[13.3318,66.3236],[13.3174,66.3218],[13.2266,66.2973],[13.2121,66.2956],[13.1553,66.3037],[13.1366,66.3031],[13.1468,66.309],[13.1577,66.3183],[13.1616,66.3267],[13.1502,66.3304],[13.1338,66.3288],[13.0956,66.3168],[13.0641,66.3144],[13.0373,66.32],[13.0156,66.3341],[13.0,66.3571],[13.141,66.3861],[13.1707,66.4123],[13.1657,66.4164],[13.1613,66.4221],[13.1582,66.4289],[13.157,66.4366],[13.1497,66.4435],[13.1026,66.4539],[13.1162,66.4592],[13.1317,66.4609],[13.1638,66.4601],[13.1638,66.467],[13.1488,66.4704],[13.117,66.4714],[13.1026,66.4744],[13.0928,66.4817],[13.0879,66.4905],[13.0818,66.498],[13.0682,66.5011],[13.0405,66.502],[13.0171,66.5053],[12.9954,66.5118],[12.972,66.5222],[13.1026,66.5427],[13.1135,66.5405],[13.1333,66.5307],[13.1859,66.5216],[13.209,66.5141],[13.2191,66.5048],[13.2224,66.4908],[13.2285,66.4785],[13.2315,66.4681],[13.2254,66.4601],[13.2254,66.4539],[13.3621,66.4555],[13.3972,66.467],[13.2879,66.4601],[13.2669,66.467],[13.2705,66.4838],[13.2844,66.4985],[13.2878,66.5095],[13.2595,66.5154],[13.2595,66.5222],[13.2849,66.5241],[13.3303,66.539],[13.356,66.5427],[13.4414,66.5399],[13.4658,66.5465],[13.4894,66.5501],[13.5176,66.5446],[13.5686,66.5285],[13.6192,66.519],[13.6711,66.5154],[13.6489,66.5306],[13.6234,66.5388],[13.48,66.555],[13.4588,66.5638],[13.5071,66.5843],[13.6013,66.6072],[13.7262,66.6048],[13.6875,66.6158],[13.5028,66.6065],[13.4724,66.5974],[13.4233,66.5628],[13.3963,66.5573],[13.3352,66.5563],[13.2704,66.5479],[13.239,66.5484],[13.2048,66.5563],[13.2097,66.5737],[13.2181,66.5831],[13.2459,66.598],[13.2393,66.6009],[13.2328,66.6048],[13.25,66.6138],[13.2883,66.6164],[13.3322,66.6263],[13.3816,66.6191],[13.4035,66.6252],[13.3733,66.6333],[13.2507,66.6331],[13.1707,66.6519],[13.1912,66.6666],[13.2139,66.6625],[13.2373,66.654],[13.2601,66.6553],[13.2839,66.6607],[13.307,66.6569],[13.3289,66.6498],[13.3489,66.6457],[13.3753,66.6481],[13.4251,66.6592],[13.4519,66.6588],[13.5213,66.6406],[13.5474,66.6383],[13.5226,66.6611],[13.4802,66.6753],[13.2669,66.7016],[13.2254,66.714],[13.256,66.7241],[13.4932,66.714],[13.5003,66.7108],[13.5166,66.6967],[13.5276,66.6935],[13.6931,66.6913],[13.7188,66.7004],[13.6983,66.7072],[13.6983,66.714],[13.799,66.7115],[13.8512,66.7171],[13.8901,66.7351],[13.7119,66.7351],[13.6769,66.7308],[13.6107,66.7142],[13.5755,66.714],[13.5471,66.7243],[13.5432,66.7392],[13.5588,66.7535],[13.5891,66.7618],[13.718,66.7506],[13.7529,66.7618],[13.721,66.7695],[13.5637,66.7772],[13.5513,66.7724],[13.5433,66.7715],[13.5071,66.7823],[13.5418,66.8032],[13.6122,66.8098],[13.6873,66.807],[13.7683,66.7926],[13.993,66.7897],[13.948,66.8002],[13.8014,66.8096],[13.7854,66.8137],[13.7585,66.8323],[13.7393,66.8376],[13.7029,66.8322],[13.6883,66.835],[13.6779,66.8511],[13.6843,66.8521],[13.6934,66.8564],[13.6983,66.858],[13.6852,66.8613],[13.6571,66.8637],[13.6439,66.868],[13.6377,66.8747],[13.6362,66.8917],[13.6306,66.8996],[13.6057,66.9069],[13.5475,66.8996],[13.5208,66.9057],[13.5436,66.9219],[13.565,66.9324],[13.5897,66.9382],[13.7445,66.937],[13.7803,66.9461],[13.773,66.9509],[13.7683,66.9561],[13.7603,66.9678],[13.839,66.9641],[13.8628,66.9678],[13.8692,66.9715],[13.8822,66.9835],[13.8901,66.9883],[13.9016,66.9921],[13.9133,66.994],[13.9385,66.9946],[13.9727,66.9946],[13.9578,66.974],[13.9363,66.966],[13.9124,66.962],[13.8901,66.9536],[13.9175,66.9289],[13.9346,66.9222],[13.959,66.9269],[13.9519,66.9279],[13.9317,66.9331],[13.98,66.9536],[13.9823,66.9567],[13.9832,66.9616],[13.9857,66.966],[13.993,66.9678],[14.0205,66.9664],[14.0278,66.9678],[14.0438,66.9809],[14.0427,66.9951],[14.0309,67.0092],[14.0143,67.0225],[14.0232,67.03],[14.0329,67.0487],[14.0403,67.056],[14.0599,67.0609],[14.0715,67.0534],[14.0789,67.0424],[14.0856,67.0368],[14.0853,67.0304],[14.0993,67.0031],[14.1094,66.9907],[14.1515,66.9716],[14.1646,66.9791],[14.1771,66.9796],[14.1907,66.9765],[14.2009,66.9776],[14.2107,66.9802],[14.2228,66.9815],[14.2267,66.9836],[14.2262,66.9926],[14.2297,66.9946],[14.2517,67.0039],[14.2691,67.024],[14.2708,67.0432],[14.2463,67.0498],[14.2721,67.06],[14.4182,67.0634],[14.4373,67.0602],[14.4741,67.0461],[14.4934,67.043],[14.5296,67.0485],[14.5443,67.0454],[14.5554,67.0293],[14.5525,67.0185],[14.5682,67.0181],[14.5877,67.0268],[14.5959,67.043],[14.5813,67.0584],[14.5518,67.0641],[14.4968,67.0634],[14.3767,67.0777],[14.2901,67.0758],[14.2674,67.0839],[14.2874,67.0898],[14.3037,67.1009],[14.319,67.1138],[14.3358,67.1249],[14.3218,67.1364],[14.3281,67.147],[14.3452,67.1552],[14.363,67.1597],[14.4519,67.1658],[14.4421,67.1592],[14.428,67.1451],[14.4157,67.1294],[14.4114,67.1187],[14.4229,67.1094],[14.4408,67.1152],[14.4593,67.1278],[14.4729,67.1392],[14.4675,67.1425],[14.4646,67.1457],[14.4626,67.149],[14.4592,67.1528],[14.6769,67.1596],[14.7092,67.1508],[14.7337,67.1249],[14.7433,67.1183],[14.7503,67.1239],[14.7507,67.1352],[14.7472,67.1454],[14.7367,67.1558],[14.7232,67.1612],[14.6514,67.1767],[14.5139,67.1801],[14.5365,67.1901],[14.57,67.2],[14.6038,67.2043],[14.6272,67.1972],[14.6516,67.1852],[14.6787,67.1878],[14.7058,67.1959],[14.7425,67.2028],[14.7673,67.2121],[14.7814,67.2143],[14.883,67.2062],[14.9793,67.2143],[14.9793,67.2069],[14.9377,67.2045],[14.9248,67.2006],[14.9326,67.1805],[14.9197,67.1719],[14.9007,67.1658],[14.8906,67.1528],[14.8991,67.1416],[14.9412,67.1237],[14.9729,67.1038],[14.9939,67.0991],[15.008,67.1022],[15.0039,67.1149],[14.9863,67.1282],[14.9492,67.1419],[14.9317,67.1528],[14.9442,67.1577],[15.0054,67.1974],[15.0195,67.2041],[15.074,67.2134],[15.0946,67.2134],[15.1299,67.1958],[15.1509,67.1931],[15.2186,67.1923],[15.2394,67.1879],[15.2817,67.1733],[15.3006,67.169],[15.3568,67.1658],[15.3833,67.1567],[15.3947,67.142],[15.3919,67.1221],[15.3767,67.0976],[15.4041,67.0844],[15.4356,67.0758],[15.469,67.0712],[15.5015,67.0703],[15.4912,67.0805],[15.4548,67.0901],[15.4387,67.0976],[15.4424,67.1081],[15.4387,67.1187],[15.4705,67.1428],[15.4803,67.1528],[15.4729,67.1528],[15.4554,67.1718],[15.4007,67.1879],[15.3767,67.2006],[15.4105,67.2131],[15.4551,67.2136],[15.7163,67.1733],[15.7404,67.1733],[15.7332,67.1876],[15.7204,67.1933],[15.7056,67.1975],[15.6926,67.2069],[15.7063,67.2143],[15.6062,67.2028],[15.5505,67.2195],[15.408,67.2357],[15.3836,67.2347],[15.3568,67.228],[15.3117,67.2089],[15.2874,67.2056],[15.2612,67.2143],[15.2832,67.2206],[15.3076,67.2219],[15.3291,67.2263],[15.3425,67.2416],[15.283,67.247],[15.2681,67.2447],[15.2554,67.2403],[15.241,67.2371],[15.2127,67.2348],[15.0625,67.2477],[15.0778,67.2604],[15.0979,67.2637],[15.119,67.2644],[15.1377,67.2695],[15.1475,67.2777],[15.1651,67.3105],[15.138,67.311],[15.0552,67.2962],[15.0278,67.2943],[15.0135,67.2917],[15.0073,67.2863],[15.0047,67.2787],[14.9983,67.2735],[14.9895,67.2705],[14.98,67.2695],[14.9094,67.2747],[14.7746,67.2695],[14.7892,67.2637],[14.8206,67.2612],[14.8355,67.2553],[14.8112,67.2447],[14.6738,67.2167],[14.617,67.2143],[14.6729,67.2337],[14.6946,67.2484],[14.6921,67.2695],[14.6995,67.2757],[14.6818,67.2783],[14.6624,67.2747],[14.6238,67.2621],[14.5757,67.2519],[14.4109,67.2477],[14.3906,67.2443],[14.3703,67.238],[14.3494,67.2351],[14.3283,67.2416],[14.3916,67.2598],[14.4114,67.2695],[14.4069,67.2781],[14.4178,67.2845],[14.4519,67.2962],[14.4922,67.3229],[14.6017,67.3773],[14.6116,67.3879],[14.6052,67.3938],[14.5759,67.3924],[14.5759,67.3986],[14.5867,67.3986],[14.597,67.4001],[14.617,67.4061],[14.6231,67.4206],[14.6525,67.4263],[14.7424,67.4201],[14.772,67.4233],[14.8,67.4218],[14.8224,67.4061],[14.8143,67.4028],[14.8079,67.398],[14.7951,67.3856],[14.8247,67.3783],[14.854,67.389],[14.883,67.4048],[14.9115,67.4129],[14.9447,67.416],[14.9828,67.4238],[15.049,67.447],[14.9391,67.4409],[14.8224,67.447],[14.8278,67.4501],[14.8428,67.4613],[14.8225,67.466],[14.7842,67.4625],[14.7678,67.4675],[14.7808,67.475],[14.7686,67.4808],[14.7552,67.4853],[14.7412,67.4879],[14.7268,67.4887],[14.7401,67.501],[14.7658,67.5143],[14.7941,67.5252],[14.9904,67.5706],[15.0588,67.5773],[15.0835,67.5737],[15.1154,67.564],[15.1439,67.5506],[15.1589,67.5358],[15.1462,67.5324],[15.1333,67.5305],[15.1069,67.5296],[15.0973,67.5317],[15.0804,67.5412],[15.0515,67.5493],[15.03,67.5598],[15.0083,67.5637],[14.9868,67.5495],[15.006,67.5408],[15.0364,67.5185],[15.0552,67.5159],[15.0104,67.487],[14.885,67.4864],[14.8293,67.475],[14.8539,67.4702],[14.9872,67.466],[15.0168,67.4687],[15.0381,67.478],[15.0559,67.4887],[15.0794,67.4963],[15.1037,67.5008],[15.124,67.5023],[15.1418,67.5069],[15.1589,67.5158],[15.1758,67.5213],[15.1929,67.5159],[15.1882,67.5087],[15.1914,67.5017],[15.2004,67.4965],[15.2127,67.4948],[15.2127,67.4887],[15.1979,67.484],[15.1829,67.4818],[15.1514,67.4811],[15.1514,67.475],[15.1571,67.4737],[15.1724,67.4675],[15.1644,67.455],[15.1536,67.4465],[15.1433,67.4367],[15.1377,67.4204],[15.1556,67.4244],[15.1892,67.4429],[15.2096,67.447],[15.2171,67.4495],[15.2227,67.4557],[15.2258,67.4636],[15.2271,67.4713],[15.2311,67.4761],[15.241,67.4792],[15.3713,67.4877],[15.429,67.483],[15.4729,67.4613],[15.4793,67.4528],[15.4922,67.4315],[15.5418,67.3794],[15.544,67.3735],[15.5456,67.3585],[15.5486,67.3515],[15.5515,67.3503],[15.5759,67.331],[15.6091,67.3151],[15.6448,67.303],[15.6448,67.2962],[15.6048,67.2909],[15.6035,67.2803],[15.6262,67.2726],[15.6585,67.2757],[15.7,67.303],[15.6922,67.3126],[15.638,67.3242],[15.6214,67.3337],[15.6187,67.3395],[15.6204,67.3461],[15.6174,67.3577],[15.5993,67.3769],[15.5964,67.3825],[15.5855,67.3956],[15.5603,67.4096],[15.5144,67.4265],[15.53,67.4389],[15.5664,67.4513],[15.5828,67.4613],[15.5542,67.4608],[15.5408,67.4625],[15.5287,67.4675],[15.5584,67.4934],[15.5979,67.5099],[15.7863,67.5506],[15.898,67.5569],[15.8682,67.5732],[15.6681,67.5519],[15.5559,67.5159],[15.4987,67.5105],[15.2673,67.5244],[15.2393,67.5292],[15.2271,67.5395],[15.2284,67.5588],[15.2334,67.5667],[15.2612,67.5773],[15.2557,67.5787],[15.2407,67.5842],[15.2756,67.5936],[15.3079,67.5941],[15.3767,67.5842],[15.4109,67.5834],[15.4256,67.5792],[15.4364,67.5598],[15.4466,67.5617],[15.4582,67.5689],[15.4661,67.5773],[15.4188,67.6047],[15.4243,67.6059],[15.4387,67.6121],[15.4238,67.6238],[15.4066,67.6313],[15.3882,67.6324],[15.3705,67.6252],[15.3804,67.6152],[15.384,67.6121],[15.3591,67.6052],[15.3308,67.6113],[15.3018,67.621],[15.2749,67.6252],[15.2229,67.6119],[15.1943,67.6087],[15.1786,67.6184],[15.1965,67.6446],[15.3369,67.6872],[15.3049,67.6866],[15.2894,67.6884],[15.2749,67.694],[15.2915,67.7149],[15.3011,67.7202],[15.3158,67.722],[15.3303,67.7204],[15.3687,67.7103],[15.4123,67.6889],[15.5418,67.6736],[15.5217,67.6896],[15.5144,67.694],[15.6585,67.6804],[15.5872,67.7043],[15.5481,67.7112],[15.4866,67.6989],[15.4573,67.7078],[15.4046,67.7351],[15.4046,67.7419],[15.5969,67.7488],[15.6585,67.7351],[15.7997,67.679],[15.822,67.6778],[15.8366,67.694],[15.8211,67.6936],[15.8068,67.6957],[15.7938,67.7004],[15.7819,67.7077],[15.7853,67.7143],[15.7855,67.7219],[15.7887,67.7282],[15.6692,67.7618],[15.6305,67.7624],[15.6406,67.7753],[15.6575,67.7825],[15.6763,67.7881],[15.6926,67.7965],[15.6751,67.7967],[15.6598,67.7938],[15.6111,67.7763],[15.595,67.7739],[15.4114,67.7965],[15.4216,67.8131],[15.4461,67.8322],[15.4461,67.8449],[15.4328,67.8607],[15.4209,67.8568],[15.4111,67.8419],[15.4046,67.8244],[15.3836,67.8553],[15.3695,67.8652],[15.3568,67.8511],[15.3601,67.8435],[15.3789,67.8149],[15.384,67.8039],[15.3089,67.776],[15.2622,67.7523],[15.2238,67.7434],[15.1937,67.7199],[15.182,67.7145],[15.1624,67.7125],[15.0407,67.6776],[14.9524,67.6636],[14.9353,67.6562],[14.9181,67.6515],[14.8361,67.6425],[14.8084,67.6483],[14.7527,67.648],[14.7268,67.6594],[14.877,67.7003],[14.877,67.7077],[14.7808,67.7145],[14.793,67.7288],[14.8141,67.7289],[14.8374,67.7244],[14.8565,67.7251],[14.8755,67.7311],[15.1172,67.7419],[15.0876,67.7485],[15.05,67.7449],[15.0153,67.7466],[14.9937,67.7692],[15.0151,67.7746],[15.0347,67.7829],[14.877,67.7733],[14.8293,67.7624],[14.8396,67.7658],[14.843,67.7692],[14.8396,67.7726],[14.8293,67.776],[14.8312,67.7918],[14.8193,67.7974],[14.8023,67.794],[14.7883,67.7829],[14.7786,67.7849],[14.7695,67.7897],[14.7612,67.7965],[14.7541,67.8039],[14.773,67.816],[14.7894,67.8228],[14.807,67.8253],[14.8732,67.8229],[14.9593,67.8372],[15.0632,67.8388],[15.1029,67.8511],[15.0759,67.8615],[14.8496,67.8449],[14.8496,67.8511],[14.8592,67.8506],[14.8674,67.8519],[14.8838,67.8585],[14.8994,67.873],[14.9453,67.8868],[14.9987,67.8955],[15.0363,67.8945],[15.085,67.8873],[15.1921,67.8861],[15.2332,67.8722],[15.2163,67.8682],[15.2012,67.8598],[15.1934,67.8474],[15.1991,67.8312],[15.3021,67.8904],[15.3369,67.8996],[15.3381,67.8918],[15.3599,67.8917],[15.4832,67.9177],[15.5355,67.9199],[15.5435,67.917],[15.5176,67.8893],[15.51,67.8834],[15.5046,67.8801],[15.5032,67.8754],[15.5076,67.8654],[15.5149,67.8564],[15.5234,67.8518],[15.5326,67.8524],[15.5418,67.8585],[15.5243,67.8668],[15.5244,67.878],[15.5349,67.8898],[15.5486,67.8996],[15.5659,67.9062],[15.584,67.9101],[15.598,67.9167],[15.6038,67.9306],[15.7523,67.9521],[15.7887,67.9514],[15.8208,67.9376],[15.8322,67.9274],[15.8366,67.9101],[15.841,67.9011],[15.8506,67.8983],[15.8601,67.8996],[15.8645,67.9029],[15.8708,67.9268],[15.8855,67.9389],[15.9321,67.9578],[15.945,67.9656],[15.9528,67.9739],[15.9663,67.9951],[15.9533,67.9951],[15.9688,68.0086],[16.0007,68.0123],[16.0632,68.0094],[16.0632,68.0162],[15.9009,68.0236],[15.8503,68.0367],[15.8503,68.0429],[15.888,68.0579],[15.8983,68.0668],[15.8775,68.0709],[15.865,68.0678],[15.8247,68.0527],[15.8162,68.0466],[15.7892,68.0343],[15.6024,68.0383],[15.593,68.0431],[15.5874,68.0515],[15.5759,68.0634],[15.5588,68.0736],[15.5454,68.0747],[15.5335,68.0702],[15.5207,68.0634],[15.384,68.023],[15.3928,68.0113],[15.4071,68.0096],[15.4235,68.0112],[15.4387,68.0094],[15.3982,67.9949],[15.3568,67.9959],[15.3171,68.0105],[15.2817,68.0367],[15.2943,68.0472],[15.3096,68.0513],[15.3262,68.0534],[15.3425,68.0572],[15.3545,68.08],[15.4036,68.1046],[15.4634,68.1242],[15.5076,68.1323],[15.502,68.118],[15.5041,68.1052],[15.513,68.0956],[15.5287,68.0913],[15.5335,68.0943],[15.5349,68.1085],[15.5383,68.1118],[15.583,68.1118],[15.5931,68.1155],[15.6299,68.1346],[15.638,68.1428],[15.6362,68.1655],[15.6437,68.1689],[15.6658,68.1671],[15.6628,68.1631],[15.6611,68.1597],[15.6602,68.1563],[15.6585,68.1528],[15.6774,68.1489],[15.7165,68.1456],[15.7341,68.1397],[15.7181,68.1315],[15.7,68.126],[15.7136,68.1213],[15.7284,68.1131],[15.7375,68.1028],[15.7341,68.0913],[15.7101,68.0846],[15.6443,68.0966],[15.6174,68.0913],[15.627,68.0846],[15.6286,68.0764],[15.6247,68.0671],[15.6174,68.0572],[15.6284,68.053],[15.6403,68.0506],[15.6528,68.0497],[15.6658,68.0504],[15.6574,68.0667],[15.6694,68.0723],[15.7346,68.0723],[15.7615,68.0776],[15.7642,68.0809],[15.7638,68.0854],[15.7664,68.0895],[15.7785,68.0913],[15.8242,68.0923],[15.8445,68.0963],[15.8645,68.105],[15.8918,68.1254],[15.9067,68.1325],[15.9253,68.1323],[15.8894,68.1542],[15.8723,68.1697],[15.8708,68.1869],[15.8887,68.1924],[15.9165,68.187],[15.9421,68.1859],[15.9533,68.2046],[15.9509,68.2133],[15.947,68.2224],[15.9451,68.2311],[15.9496,68.239],[15.964,68.2472],[15.9797,68.2501],[16.0147,68.2496],[16.0379,68.243],[16.0454,68.228],[16.0498,68.2117],[16.0632,68.2012],[16.0562,68.1925],[16.0477,68.1858],[16.0383,68.1817],[16.0278,68.1807],[16.0425,68.1623],[16.062,68.164],[16.0818,68.1721],[16.0972,68.1733],[16.104,68.1602],[16.0999,68.1419],[16.0903,68.1257],[16.0697,68.1125],[16.0746,68.0986],[16.0899,68.0742],[16.0837,68.0574],[16.0693,68.0483],[16.0534,68.0411],[16.042,68.0299],[16.158,67.9997],[16.1929,67.9815],[16.2106,67.9588],[16.2139,67.9346],[16.2132,67.9116],[16.2201,67.8927],[16.2368,67.8836],[16.282,67.8772],[16.2993,67.8688],[16.3102,67.8613],[16.4373,67.8076],[16.4847,67.7978],[16.515,67.8039],[16.4893,67.8088],[16.4603,67.8177],[16.4435,67.8315],[16.4535,67.8511],[16.311,67.874],[16.2686,67.8893],[16.2546,67.9003],[16.2577,67.9089],[16.2679,67.9172],[16.2754,67.9268],[16.2757,67.9408],[16.2713,67.9649],[16.2754,67.9753],[16.2605,67.9869],[16.2433,67.9943],[16.207,68.0026],[16.2448,68.0094],[16.2743,68.0057],[16.3011,67.9936],[16.4059,67.9195],[16.4126,67.9063],[16.4526,67.899],[16.4666,67.8996],[16.4626,67.9075],[16.4582,67.9143],[16.4461,67.9268],[16.4512,67.9298],[16.4612,67.9377],[16.4666,67.9405],[16.452,67.9465],[16.4058,67.9548],[16.3962,67.9589],[16.3716,67.9753],[16.3348,67.9945],[16.3335,68.0024],[16.3574,68.0094],[16.3804,68.0089],[16.3972,68.0009],[16.4263,67.9753],[16.4515,67.9628],[16.4818,67.9572],[16.5134,67.957],[16.5422,67.961],[16.5239,67.9674],[16.4811,67.9695],[16.4634,67.9783],[16.4634,67.9877],[16.4746,67.998],[16.5007,68.0162],[16.3648,68.0299],[16.3737,68.0463],[16.3892,68.0593],[16.4077,68.0678],[16.4263,68.0709],[16.4426,68.0761],[16.4519,68.0866],[16.4636,68.0943],[16.4871,68.0913],[16.5501,68.0662],[16.6628,68.0507],[16.6863,68.0572],[16.6807,68.0581],[16.6652,68.0634],[16.6769,68.0684],[16.689,68.071],[16.577,68.0851],[16.5549,68.0927],[16.5213,68.112],[16.5007,68.1186],[16.4451,68.1155],[16.3464,68.0822],[16.2891,68.0913],[16.2938,68.0964],[16.3027,68.1118],[16.2695,68.1167],[16.2537,68.1216],[16.2412,68.1323],[16.2935,68.1256],[16.32,68.1258],[16.3601,68.1441],[16.4021,68.137],[16.4126,68.1459],[16.4055,68.1487],[16.3989,68.1528],[16.4163,68.1588],[16.4348,68.1574],[16.4541,68.1536],[16.4734,68.1528],[16.4644,68.1657],[16.448,68.1735],[16.4126,68.1807],[16.4126,68.1869],[16.5452,68.165],[16.5901,68.1671],[16.5726,68.1737],[16.533,68.1782],[16.4763,68.1991],[16.4668,68.2012],[16.46,68.2055],[16.4605,68.2242],[16.4531,68.2285],[16.4413,68.2253],[16.4178,68.2112],[16.4058,68.208],[16.172,68.2037],[16.1621,68.2111],[16.1834,68.2211],[16.2137,68.2263],[16.3473,68.2285],[16.3561,68.2318],[16.3556,68.239],[16.3491,68.2463],[16.3402,68.2496],[16.1909,68.2584],[16.1198,68.2738],[16.1034,68.2831],[16.1213,68.29],[16.1497,68.3131],[16.1724,68.3179],[16.1924,68.3159],[16.2273,68.307],[16.2476,68.3042],[16.2605,68.3049],[16.271,68.3068],[16.2817,68.3074],[16.2959,68.3042],[16.3029,68.2996],[16.3109,68.2873],[16.3169,68.2831],[16.3392,68.2799],[16.3884,68.2841],[16.3989,68.2769],[16.5083,68.2554],[16.5598,68.2328],[16.5628,68.1943],[16.7395,68.1389],[16.7717,68.1326],[16.803,68.1323],[16.7493,68.158],[16.7415,68.1702],[16.7313,68.1767],[16.6437,68.2017],[16.6122,68.2191],[16.5926,68.2395],[16.6038,68.2558],[16.5674,68.2763],[16.5228,68.2889],[16.4119,68.2988],[16.3578,68.3118],[16.3402,68.321],[16.3177,68.3294],[16.2643,68.3243],[16.2412,68.3315],[16.2816,68.3445],[16.2659,68.347],[16.2352,68.3451],[16.2201,68.3514],[16.2639,68.3622],[16.3561,68.3709],[16.4229,68.3893],[16.6946,68.4055],[16.722,68.4014],[16.803,68.3793],[16.849,68.3785],[16.8699,68.3725],[16.8787,68.3551],[16.8713,68.3503],[16.8359,68.3324],[16.8241,68.324],[16.8475,68.3234],[16.9948,68.3445],[17.0296,68.3582],[17.0469,68.3626],[17.1273,68.3729],[17.145,68.3687],[17.1755,68.3417],[17.1831,68.3377],[17.1931,68.3078],[17.1968,68.3005],[17.2238,68.2842],[17.3306,68.2558],[17.3123,68.2366],[17.3101,68.2322],[17.3132,68.2231],[17.32,68.2176],[17.3269,68.2133],[17.3306,68.208],[17.3272,68.1915],[17.3198,68.1785],[17.3186,68.1701],[17.334,68.1671],[17.355,68.1719],[17.364,68.1835],[17.363,68.1981],[17.3543,68.2111],[17.3521,68.2255],[17.374,68.2329],[17.4199,68.2359],[17.39,68.2668],[17.3522,68.2847],[17.2686,68.3104],[17.2515,68.3186],[17.236,68.3286],[17.223,68.3396],[17.2139,68.3514],[17.2061,68.373],[17.2166,68.3779],[17.2362,68.3799],[17.2555,68.393],[17.2528,68.3966],[17.2479,68.406],[17.328,68.4084],[17.4958,68.3651],[17.5769,68.3588],[17.5456,68.3768],[17.3646,68.4135],[17.3953,68.423],[17.5399,68.4284],[17.7095,68.4118],[17.8167,68.3848],[17.8718,68.393],[17.8157,68.3973],[17.6122,68.4509],[17.4676,68.4476],[17.5441,68.5185],[17.5466,68.5301],[17.5248,68.529],[17.481,68.5203],[17.4385,68.5065],[17.3646,68.5029],[17.3276,68.4912],[17.2601,68.4552],[17.0466,68.4341],[17.0016,68.4476],[17.0232,68.4524],[17.0813,68.4582],[17.0972,68.4687],[17.092,68.4808],[17.0715,68.4891],[17.0469,68.4938],[17.029,68.4954],[17.0191,68.4976],[16.999,68.5074],[16.988,68.5097],[16.9774,68.5082],[16.9006,68.4741],[16.8885,68.465],[16.8486,68.4487],[16.7391,68.4524],[16.6688,68.4384],[16.5348,68.4383],[16.511,68.4413],[16.5007,68.451],[16.5003,68.4653],[16.4981,68.4732],[16.4871,68.4886],[16.4768,68.498],[16.4675,68.5034],[16.4646,68.51],[16.4734,68.5233],[16.4849,68.529],[16.542,68.5438],[16.5808,68.5345],[16.6043,68.5289],[16.6211,68.5335],[16.6321,68.5463],[16.6283,68.5508],[16.6148,68.5528],[16.5969,68.5574],[16.5833,68.5632],[16.5733,68.5692],[16.5664,68.5778],[16.5628,68.5915],[16.5718,68.6121],[16.597,68.6295],[16.6292,68.6417],[16.697,68.6505],[16.8098,68.681],[16.9251,68.6933],[16.9607,68.7045],[16.9929,68.708],[17.0199,68.6938],[17.0453,68.6757],[17.0809,68.664],[17.0824,68.6578],[17.0818,68.6509],[17.0835,68.6462],[17.09,68.6434],[17.1296,68.6338],[17.1487,68.6323],[17.1677,68.634],[17.1865,68.6387],[17.1799,68.6476],[17.1699,68.6518],[17.145,68.653],[17.1326,68.6552],[17.1183,68.6645],[17.1074,68.6667],[17.1004,68.6695],[17.0972,68.6762],[17.0973,68.6841],[17.1006,68.6906],[17.1086,68.6969],[17.1151,68.699],[17.2054,68.7114],[17.2502,68.7239],[17.2708,68.7202],[17.3101,68.7077],[17.3311,68.7089],[17.3511,68.7125],[17.3704,68.7111],[17.4037,68.6846],[17.4216,68.6757],[17.4407,68.67],[17.4602,68.6667],[17.4901,68.6657],[17.5767,68.6741],[17.6556,68.6573],[17.6794,68.6605],[17.6206,68.6813],[17.4945,68.6903],[17.4473,68.7151],[17.4299,68.7299],[17.4033,68.7445],[17.3739,68.7503],[17.3477,68.739],[17.3236,68.7316],[17.2903,68.7366],[17.2344,68.756],[17.263,68.7682],[17.3333,68.7871],[17.3955,68.7965],[17.4277,68.8083],[17.4609,68.8154],[17.5648,68.7888],[17.7217,68.7785],[17.783,68.7486],[17.7829,68.7781],[17.7393,68.7913],[17.6453,68.7971],[17.4676,68.8312],[17.5457,68.8472],[17.6092,68.8715],[17.6301,68.8769],[17.6648,68.8815],[17.6942,68.8918],[17.7074,68.8933],[17.7183,68.8908],[17.7415,68.879],[17.7687,68.8718],[17.7961,68.8681],[17.8236,68.8683],[17.8513,68.8727],[17.8259,68.8937],[17.7074,68.9138],[17.7117,68.9188],[17.721,68.9342],[17.5215,68.9167],[17.4578,68.8998],[17.4261,68.8995],[17.4364,68.9134],[17.4797,68.9478],[17.4951,68.9547],[17.5239,68.955],[17.5337,68.9608],[17.536,68.9752],[17.5304,68.9869],[17.5192,68.9905],[17.4883,68.9888],[17.4883,68.9957],[17.5594,69.0317],[17.6032,69.0606],[17.657,69.0781],[17.6794,69.0919],[17.6678,69.096],[17.6438,69.1008],[17.6316,69.1055],[17.6589,69.1169],[17.869,69.1213],[17.9588,69.1485],[18.0242,69.1557],[18.1524,69.154],[18.0813,69.1691],[18.0711,69.1776],[18.0733,69.1974],[18.0796,69.207],[18.0903,69.2148],[18.1052,69.2291],[18.0772,69.2371],[18.0163,69.2292],[17.9885,69.2353],[18.0041,69.2501],[18.0031,69.2857],[18.0158,69.3041],[18.0454,69.3174],[18.1126,69.3335],[18.1387,69.3525],[18.1305,69.3693],[18.1441,69.382],[18.1654,69.3937],[18.1803,69.4078],[18.1753,69.4122],[18.1707,69.4183],[18.166,69.4208],[18.1711,69.4337],[18.1648,69.4389],[18.1558,69.442],[18.1524,69.4481],[18.155,69.4576],[18.1585,69.4596],[18.1655,69.4601],[18.1935,69.4694],[18.2417,69.4761],[18.2495,69.4797],[18.2556,69.4842],[18.2634,69.4881],[18.2759,69.4897],[18.301,69.4868],[18.3225,69.4789],[18.3415,69.4677],[18.3823,69.4313],[18.3874,69.4222],[18.3835,69.4147],[18.3763,69.4077],[18.3683,69.3933],[18.3648,69.3915],[18.3682,69.3923],[18.4475,69.3935],[18.4671,69.3903],[18.4872,69.382],[18.5029,69.3701],[18.5093,69.3559],[18.5071,69.3378],[18.4978,69.307],[18.4956,69.2905],[18.5095,69.2829],[18.5163,69.2761],[18.5127,69.2665],[18.5042,69.2587],[18.4985,69.252],[18.4972,69.2447],[18.5025,69.2353],[18.5249,69.262],[18.5332,69.2779],[18.5366,69.2943],[18.5363,69.329],[18.5383,69.348],[18.544,69.3594],[18.5648,69.3647],[18.5798,69.3529],[18.5887,69.3332],[18.5918,69.3147],[18.6021,69.3002],[18.6253,69.2932],[18.6517,69.2882],[18.6703,69.2803],[18.6792,69.272],[18.6917,69.2635],[18.703,69.2625],[18.7078,69.2768],[18.7031,69.2877],[18.6926,69.2925],[18.681,69.2965],[18.6737,69.3041],[18.6897,69.3179],[18.735,69.3242],[18.8239,69.3253],[18.8635,69.3193],[18.9297,69.2958],[19.0054,69.2855],[19.013,69.2871],[19.0164,69.2939],[19.0135,69.2993],[19.007,69.3029],[18.999,69.3041],[18.9885,69.3071],[18.9546,69.3283],[18.9338,69.3341],[18.6648,69.3693],[18.6315,69.383],[18.6157,69.3861],[18.6066,69.3904],[18.6008,69.4005],[18.5967,69.4122],[18.5918,69.4208],[18.5778,69.4313],[18.5627,69.437],[18.5298,69.4414],[18.4901,69.4417],[18.4666,69.4452],[18.4546,69.4543],[18.4569,69.4654],[18.4662,69.4738],[18.4782,69.4796],[18.4888,69.4822],[18.4685,69.5041],[18.4743,69.5164],[18.4976,69.522],[18.5647,69.5266],[18.6306,69.541],[18.8527,69.5523],[18.8616,69.5467],[18.8655,69.5307],[18.8643,69.5219],[18.86,69.5145],[18.8533,69.5082],[18.8445,69.5028],[18.8601,69.5034],[18.8772,69.5019],[18.8937,69.4976],[18.9065,69.4897],[18.9114,69.4818],[18.9129,69.4656],[18.9168,69.4581],[18.9353,69.4463],[19.0095,69.4283],[19.0032,69.4079],[19.0144,69.397],[19.0574,69.3861],[19.1223,69.3588],[19.146,69.3525],[19.3474,69.3442],[19.3794,69.3218],[19.3711,69.3001],[19.3506,69.2905],[19.2849,69.2755],[19.2293,69.2837],[19.2153,69.2816],[19.1892,69.2722],[19.167,69.267],[19.1688,69.2604],[19.1775,69.2535],[19.1878,69.2495],[19.1966,69.2513],[19.2245,69.2621],[19.2321,69.2665],[19.251,69.2742],[19.2686,69.2662],[19.2723,69.2524],[19.249,69.2427],[19.2632,69.2353],[19.3008,69.224],[19.3177,69.2222],[19.3366,69.2249],[19.365,69.238],[19.3794,69.2427],[19.4131,69.2402],[19.4772,69.2208],[19.5093,69.2291],[19.4876,69.2413],[19.466,69.249],[19.4486,69.2603],[19.4409,69.2837],[19.4436,69.2924],[19.4495,69.2987],[19.4546,69.3061],[19.4546,69.3184],[19.4495,69.3249],[19.4295,69.3417],[19.3501,69.3791],[19.3249,69.384],[19.2983,69.3858],[19.1563,69.3771],[19.1194,69.3861],[19.1096,69.392],[19.0852,69.414],[19.0833,69.4183],[19.0833,69.4235],[19.0824,69.4292],[19.0779,69.4345],[19.0701,69.4376],[19.0436,69.4414],[19.0217,69.4503],[19.0013,69.4643],[18.9927,69.4831],[19.0057,69.5062],[19.0319,69.5211],[19.0691,69.5333],[19.1769,69.5507],[19.1948,69.5505],[19.222,69.5338],[19.2356,69.5283],[19.2502,69.5246],[19.2627,69.5233],[19.2538,69.5353],[19.2428,69.5438],[19.2332,69.5532],[19.2293,69.5679],[19.1476,69.5649],[19.1032,69.556],[19.0534,69.5522],[19.0335,69.5406],[19.0164,69.5344],[18.9945,69.5396],[18.9732,69.5505],[18.958,69.5611],[18.9443,69.6153],[19.085,69.6934],[19.0983,69.7362],[19.1178,69.7434],[19.1395,69.7475],[19.1843,69.7498],[19.2014,69.7533],[19.2329,69.7706],[19.249,69.7771],[19.2957,69.7829],[19.4443,69.7771],[19.4831,69.7814],[19.5588,69.8002],[19.7372,69.8131],[19.7842,69.8044],[19.7769,69.7916],[19.7694,69.7842],[19.7315,69.7568],[19.7341,69.7536],[19.7363,69.7396],[19.7287,69.7229],[19.7103,69.7054],[19.6897,69.6903],[19.6743,69.6815],[19.6934,69.6637],[19.7156,69.6549],[19.7274,69.6422],[19.7152,69.6126],[19.6999,69.5937],[19.6433,69.5406],[19.6359,69.5316],[19.6299,69.5205],[19.6265,69.5082],[19.6265,69.4959],[19.6327,69.4857],[19.6437,69.4717],[19.6502,69.4596],[19.6433,69.4543],[19.6141,69.4497],[19.5817,69.4374],[19.5519,69.4201],[19.5303,69.4003],[19.6885,69.4447],[19.6981,69.466],[19.716,69.4922],[19.7249,69.5161],[19.7083,69.5307],[19.7568,69.5996],[19.751,69.6027],[19.7483,69.6054],[19.7464,69.6085],[19.7432,69.6126],[19.7638,69.6115],[19.8034,69.6142],[19.9286,69.6052],[19.9944,69.5891],[20.0602,69.5791],[20.1126,69.5854],[20.075,69.5843],[20.0316,69.5883],[19.9893,69.5969],[19.9548,69.6092],[19.925,69.6157],[19.8885,69.6187],[19.8578,69.6273],[19.845,69.6505],[19.8425,69.6597],[19.8294,69.6735],[19.8245,69.6815],[19.8228,69.6887],[19.8245,69.7119],[19.8364,69.7239],[19.8602,69.7329],[19.8782,69.7443],[19.8723,69.7634],[19.8895,69.7749],[19.9277,69.7841],[19.9446,69.7942],[19.9779,69.8305],[19.989,69.8386],[20.0061,69.8428],[20.009,69.8349],[20.0027,69.8211],[19.9832,69.7967],[19.9685,69.7634],[20.007,69.7685],[20.0339,69.7904],[20.0784,69.8454],[20.1148,69.8784],[20.1436,69.9222],[20.1546,69.9349],[20.1677,69.9422],[20.1704,69.9307],[20.1702,69.927],[20.1677,69.9205],[20.1683,69.8962],[20.1707,69.8804],[20.178,69.8733],[20.193,69.8677],[20.2024,69.859],[20.2073,69.859],[20.2088,69.8795],[20.2019,69.9242],[20.2077,69.9318],[20.236,69.9457],[20.2704,69.9678],[20.2927,69.971],[20.315,69.9638],[20.4172,69.8904],[20.4253,69.8772],[20.4203,69.8671],[20.4094,69.8575],[20.3999,69.8454],[20.3968,69.8341],[20.3962,69.8132],[20.3936,69.8044],[20.3862,69.7972],[20.3745,69.7886],[20.3636,69.7786],[20.3589,69.7668],[20.3563,69.7571],[20.3503,69.7451],[20.3426,69.7336],[20.3357,69.7256],[20.3218,69.6861],[20.3186,69.6815],[20.323,69.6692],[20.3304,69.6633],[20.3753,69.6422],[20.3831,69.6347],[20.3862,69.6229],[20.3855,69.611],[20.3826,69.5988],[20.3765,69.5892],[20.366,69.5854],[20.3303,69.5822],[20.2913,69.5736],[20.2742,69.5606],[20.3044,69.5443],[20.2891,69.5379],[20.2776,69.529],[20.2695,69.5173],[20.2639,69.5028],[20.2785,69.4852],[20.2669,69.4681],[20.2417,69.4598],[20.2156,69.4687],[20.2067,69.4398],[20.1916,69.4132],[20.1688,69.3937],[20.1161,69.3829],[20.0579,69.3594],[20.0003,69.3484],[19.9822,69.3389],[19.9872,69.3359],[19.9972,69.3282],[20.0027,69.3253],[19.9373,69.2884],[19.9168,69.2693],[19.948,69.2631],[19.9717,69.2702],[20.0003,69.2857],[20.0277,69.3046],[20.0472,69.3218],[20.0705,69.336],[20.2254,69.3843],[20.2669,69.3876],[20.277,69.3923],[20.3543,69.4681],[20.3732,69.4822],[20.4229,69.5069],[20.4411,69.5228],[20.4483,69.5478],[20.4522,69.5559],[20.4616,69.5652],[20.4728,69.5734],[20.4824,69.5779],[20.4973,69.5776],[20.5116,69.5722],[20.5249,69.5645],[20.5708,69.5448],[20.647,69.5212],[20.7915,69.5096],[20.8084,69.5027],[20.823,69.4943],[20.8372,69.4902],[20.853,69.4959],[20.8122,69.5104],[20.7184,69.5284],[20.6848,69.5478],[20.6587,69.5766],[20.6476,69.5854],[20.6268,69.5944],[20.5403,69.6103],[20.4924,69.6273],[20.4824,69.6369],[20.4883,69.6484],[20.5271,69.6778],[20.5418,69.7054],[20.5352,69.7305],[20.5134,69.7488],[20.4824,69.756],[20.4824,69.7634],[20.512,69.7695],[20.6429,69.7726],[20.7852,69.8017],[20.8039,69.812],[20.8223,69.8286],[20.825,69.8415],[20.8142,69.8539],[20.7998,69.8664],[20.7915,69.8795],[20.8293,69.883],[21.0518,69.9447],[21.0925,69.9484],[21.0925,69.9422],[20.9824,69.904],[20.919,69.8668],[20.8939,69.8597],[20.8939,69.8529],[20.9146,69.8487],[20.936,69.8489],[20.9551,69.8461],[20.9691,69.8323],[20.959,69.8319],[20.9517,69.8298],[20.9461,69.8255],[20.9411,69.8187],[20.9946,69.7934],[21.0205,69.7882],[21.051,69.7976],[21.0357,69.8052],[21.0049,69.814],[20.9963,69.8249],[21.0184,69.8265],[21.049,69.832],[21.0686,69.8427],[21.0584,69.8597],[21.0851,69.8661],[21.1704,69.8756],[21.1888,69.8696],[21.1805,69.8546],[21.1409,69.825],[21.1267,69.8112],[21.1499,69.8126],[21.1792,69.8195],[21.2066,69.8308],[21.2229,69.8454],[21.2239,69.8574],[21.2092,69.9075],[21.3259,69.9075],[21.3021,69.9204],[21.2705,69.9298],[21.2376,69.9348],[21.2092,69.9348],[21.2253,69.9747],[21.2531,70.003],[21.2899,70.0211],[21.3328,70.0303],[21.3926,70.029],[21.5581,69.9894],[21.5563,69.9752],[21.5697,69.9654],[21.6065,69.9553],[21.5786,69.9279],[21.6089,69.9119],[21.646,69.8989],[21.6843,69.8901],[21.7577,69.8829],[21.9046,69.8254],[21.9309,69.8084],[21.9422,69.7873],[21.9573,69.7778],[22.0515,69.7498],[22.0342,69.7431],[22.0155,69.7436],[21.9771,69.7498],[22.0002,69.7404],[22.03,69.7343],[22.061,69.7334],[22.0863,69.7396],[22.0982,69.7498],[22.0921,69.7576],[22.0589,69.7703],[22.0562,69.7936],[22.01,69.8124],[21.9155,69.8386],[21.937,69.8426],[21.9998,69.8351],[22.0181,69.8454],[22.012,69.8595],[21.989,69.868],[21.9429,69.8733],[21.93,69.8793],[21.9282,69.8936],[21.9294,69.9105],[21.9251,69.9242],[21.9144,69.9378],[21.9136,69.9453],[21.9286,69.9627],[21.928,69.9675],[21.9233,69.9719],[21.9214,69.9768],[21.9286,69.9831],[21.9401,69.9857],[21.9839,69.9831],[22.01,69.9862],[22.0241,69.9855],[22.0348,69.9794],[22.0348,69.9738],[22.0248,69.9553],[22.0523,69.9384],[22.0614,69.9567],[22.0589,69.9897],[22.0515,70.0168],[22.0672,70.0181],[22.0975,70.0245],[22.1136,70.0241],[22.1136,70.0303],[21.9509,70.0123],[21.8659,70.0119],[21.7983,70.0372],[21.8389,70.0551],[21.9839,70.0576],[22.0051,70.0613],[22.0207,70.0678],[22.0515,70.0856],[22.0828,70.0965],[22.0944,70.1048],[22.0994,70.1203],[22.0198,70.1033],[22.0078,70.1024],[21.986,70.0891],[21.9583,70.0845],[21.8392,70.0924],[21.8298,70.0891],[21.8171,70.0746],[21.805,70.0714],[21.7195,70.0606],[21.6885,70.0651],[21.631,70.0943],[21.6133,70.0986],[21.5134,70.0917],[21.4823,70.0986],[21.4688,70.1064],[21.439,70.1372],[21.4365,70.1496],[21.4553,70.1589],[21.4802,70.1667],[21.4966,70.175],[21.3582,70.164],[21.3123,70.1675],[21.2949,70.1714],[21.282,70.1763],[21.2715,70.1829],[21.2608,70.1921],[21.2468,70.1994],[21.2149,70.2064],[21.2092,70.2085],[21.2339,70.2243],[21.2357,70.2255],[21.2704,70.2386],[21.307,70.247],[21.3396,70.2501],[21.4071,70.2673],[21.4393,70.2695],[21.4352,70.2501],[21.4451,70.2379],[21.4898,70.2085],[21.4929,70.2172],[21.4925,70.2211],[21.491,70.2248],[21.4898,70.233],[21.4927,70.2402],[21.5061,70.2507],[21.5103,70.2569],[21.5115,70.27],[21.5109,70.282],[21.5117,70.2934],[21.5178,70.3047],[21.5339,70.3168],[21.553,70.321],[21.5715,70.3189],[21.5859,70.3122],[21.5874,70.3078],[21.5869,70.293],[21.5891,70.2873],[21.6133,70.2699],[21.6361,70.2615],[21.6854,70.2557],[21.7095,70.2501],[21.7969,70.2063],[21.8044,70.198],[21.8089,70.1884],[21.8193,70.175],[21.8296,70.1682],[21.874,70.147],[21.8796,70.1606],[21.8767,70.1697],[21.8709,70.1779],[21.8678,70.1887],[21.8657,70.1906],[21.8616,70.1913],[21.8589,70.194],[21.8604,70.2023],[21.8662,70.2074],[21.8758,70.2095],[21.8865,70.2095],[21.8945,70.2085],[21.8731,70.2161],[21.8273,70.2266],[21.8088,70.2402],[21.8057,70.2572],[21.8218,70.2686],[21.9868,70.3234],[22.0101,70.3246],[22.0316,70.3183],[22.0187,70.309],[21.9915,70.2957],[21.9839,70.2842],[22.0091,70.2865],[22.072,70.3047],[22.0952,70.3078],[22.1048,70.3041],[22.1068,70.2939],[22.1076,70.2453],[22.1172,70.2335],[22.1409,70.2365],[22.1528,70.2465],[22.1532,70.2593],[22.1409,70.2842],[22.2674,70.2951],[22.3058,70.2873],[22.3151,70.2727],[22.3003,70.2551],[22.2761,70.2392],[22.2576,70.2296],[22.2723,70.2179],[22.2777,70.2025],[22.2815,70.1852],[22.2918,70.1675],[22.2781,70.1582],[22.249,70.1506],[22.2371,70.1402],[22.2747,70.1355],[22.405,70.147],[22.5248,70.1235],[22.5593,70.1266],[22.5364,70.1395],[22.5073,70.1467],[22.3259,70.1675],[22.3324,70.1801],[22.3606,70.2159],[22.3748,70.2463],[22.3737,70.2501],[22.4006,70.2583],[22.4339,70.2609],[22.4681,70.2599],[22.513,70.2537],[22.554,70.2383],[22.5653,70.2376],[22.5759,70.2407],[22.5871,70.2421],[22.6003,70.2365],[22.594,70.2221],[22.6037,70.2185],[22.6753,70.2231],[22.9671,70.2075],[22.9769,70.1989],[22.9706,70.1894],[22.8602,70.1262],[22.8367,70.1203],[22.804,70.1169],[22.7361,70.102],[22.5525,70.0856],[22.4762,70.0909],[22.4346,70.0889],[22.3923,70.0678],[22.2849,70.044],[22.3042,70.0391],[22.3318,70.0404],[22.3591,70.0461],[22.395,70.0611],[22.6476,70.0757],[22.7137,70.0953],[22.8672,70.106],[22.9785,70.1454],[23.0186,70.147],[23.0027,70.1144],[22.9992,70.101],[22.9981,70.0822],[23.0011,70.0659],[23.009,70.0505],[23.02,70.0381],[23.0322,70.0303],[23.0524,70.0324],[23.085,70.0396],[23.1151,70.043],[23.1284,70.0338],[23.1245,70.0129],[23.1198,69.999],[23.1244,69.9879],[23.1489,69.9757],[23.1359,69.9667],[23.1233,69.9609],[23.1099,69.9573],[23.0944,69.9553],[23.1255,69.9444],[23.1592,69.9511],[23.2835,69.9934],[23.2991,69.9962],[23.3141,69.9965],[23.3162,69.9936],[23.323,69.9863],[23.3348,69.9812],[23.339,69.9777],[23.3367,69.9726],[23.3096,69.9541],[23.3096,69.9498],[23.3298,69.9484],[23.4206,69.9781],[23.4673,69.9858],[23.4773,69.9928],[23.4846,70.0063],[23.5022,70.0114],[23.5227,70.015],[23.5393,70.0241],[23.4885,70.0342],[23.2969,70.0398],[23.2727,70.0466],[23.1755,70.0924],[23.1921,70.0976],[23.2278,70.0976],[23.2445,70.1024],[23.2595,70.1085],[23.2756,70.1116],[23.3578,70.1153],[23.3792,70.1232],[23.4021,70.1402],[23.3792,70.1496],[23.3236,70.1592],[23.2991,70.1675],[23.3276,70.1754],[23.4031,70.1808],[23.422,70.1955],[23.3286,70.1931],[23.2808,70.1985],[23.2439,70.2159],[23.2757,70.225],[23.3879,70.2296],[23.4178,70.2344],[23.4876,70.2355],[23.5034,70.2375],[23.5051,70.2438],[23.5319,70.2438],[23.5029,70.2534],[23.4705,70.256],[23.2922,70.2438],[23.3128,70.257],[23.3994,70.2786],[23.5708,70.2907],[23.6144,70.3047],[23.512,70.2978],[23.5187,70.3059],[23.5462,70.3251],[23.5244,70.324],[23.4828,70.3155],[23.4636,70.3183],[23.4823,70.3303],[23.5132,70.3655],[23.5355,70.373],[23.562,70.3769],[23.5906,70.3867],[23.6423,70.4111],[23.751,70.4487],[23.8157,70.487],[23.8403,70.4971],[23.918,70.5094],[24.1863,70.494],[24.298,70.4748],[24.311,70.4704],[24.3338,70.4595],[24.3503,70.4562],[24.3574,70.4628],[24.3553,70.472],[24.3444,70.4766],[24.3152,70.4831],[24.2588,70.5137],[24.2315,70.5238],[24.1148,70.5381],[24.1027,70.5414],[24.1123,70.5489],[24.2108,70.5853],[24.2383,70.5995],[24.2473,70.6021],[24.256,70.6034],[24.2643,70.6063],[24.2723,70.6132],[24.2756,70.6228],[24.2764,70.6471],[24.2822,70.6575],[24.294,70.6664],[24.3338,70.6852],[24.3524,70.691],[24.3705,70.6898],[24.4089,70.6815],[24.4777,70.6833],[24.4983,70.678],[24.615,70.6262],[24.647,70.618],[24.688,70.6143],[24.7235,70.621],[24.7385,70.6442],[24.7249,70.6652],[24.6616,70.6882],[24.6423,70.7026],[24.6467,70.7038],[24.6559,70.7094],[24.5881,70.7219],[24.5667,70.7299],[24.544,70.7463],[24.5324,70.7504],[24.516,70.7521],[24.4641,70.7504],[24.3474,70.764],[24.2923,70.7641],[24.2659,70.7699],[24.2451,70.7845],[24.2681,70.8002],[24.2676,70.8207],[24.2694,70.8384],[24.3636,70.8629],[24.3958,70.8669],[24.4163,70.8528],[24.4089,70.8459],[24.4512,70.8411],[24.4658,70.8345],[24.4641,70.818],[24.5203,70.8116],[24.574,70.7988],[24.6161,70.7797],[24.6354,70.7798],[24.6497,70.7988],[24.6406,70.8086],[24.6291,70.8156],[24.6008,70.8254],[24.6106,70.8408],[24.6111,70.8515],[24.6133,70.8594],[24.6287,70.8664],[24.6533,70.8658],[24.6836,70.8599],[24.7103,70.859],[24.7249,70.8732],[24.6375,70.8939],[24.6082,70.8944],[24.6213,70.9051],[24.6287,70.908],[24.5947,70.9181],[24.5823,70.9245],[24.574,70.9353],[24.591,70.9424],[24.613,70.9475],[24.636,70.95],[24.6559,70.9496],[24.6394,70.9551],[24.6035,70.9561],[24.5877,70.9626],[24.6087,70.9705],[24.6369,70.9757],[24.666,70.9777],[24.7742,70.9682],[24.7829,70.966],[24.7889,70.9611],[24.7969,70.9527],[24.8071,70.9472],[24.8353,70.9424],[24.8474,70.9387],[24.8602,70.9284],[24.8538,70.9218],[24.8374,70.9161],[24.8205,70.908],[24.9849,70.9143],[24.9681,70.9298],[24.978,70.9458],[24.988,70.9582],[24.9712,70.9626],[24.9935,70.9721],[25.0335,70.9713],[25.0628,70.9576],[25.0532,70.9279],[25.0259,70.9084],[24.9889,70.8913],[24.9497,70.8789],[24.916,70.8732],[24.933,70.8676],[24.9714,70.8762],[24.9883,70.8698],[25.0047,70.8616],[25.0483,70.858],[25.0674,70.8528],[25.0671,70.873],[25.076,70.8843],[25.1115,70.9093],[25.1345,70.9197],[25.1426,70.9217],[25.1536,70.9195],[25.1597,70.9149],[25.1634,70.9101],[25.1665,70.908],[25.1799,70.9038],[25.2319,70.8732],[25.2419,70.8624],[25.2661,70.8254],[25.2456,70.7913],[25.2575,70.7908],[25.2669,70.7943],[25.2751,70.8005],[25.2835,70.8087],[25.2948,70.8134],[25.3113,70.8142],[25.3416,70.8124],[25.3498,70.8187],[25.3923,70.8844],[25.3967,70.9007],[25.3855,70.908],[25.3753,70.9132],[25.3606,70.9256],[25.3474,70.9404],[25.3418,70.9527],[25.365,70.9761],[25.4182,70.9645],[25.536,70.9229],[25.5373,70.9113],[25.527,70.8976],[25.5125,70.8869],[25.4932,70.8779],[25.4439,70.8626],[25.4231,70.8596],[25.4417,70.8415],[25.4657,70.8441],[25.5125,70.8698],[25.5208,70.8691],[25.5388,70.8544],[25.5534,70.8528],[25.5603,70.857],[25.5889,70.8807],[25.6167,70.8886],[25.6626,70.8953],[25.7057,70.8956],[25.7248,70.8838],[25.7282,70.8774],[25.7366,70.8693],[25.7468,70.8625],[25.7561,70.8596],[25.7684,70.8629],[25.7781,70.8701],[25.7854,70.8774],[25.7905,70.8807],[25.8231,70.8857],[25.853,70.894],[25.8816,70.8957],[25.9104,70.8807],[25.9187,70.8729],[25.9258,70.8637],[25.9251,70.8559],[25.8958,70.8496],[25.8687,70.8354],[25.8252,70.8275],[25.8003,70.8154],[25.7533,70.7845],[25.7261,70.7755],[25.6292,70.764],[25.6345,70.755],[25.6404,70.7485],[25.6565,70.736],[25.6411,70.7229],[25.6201,70.7123],[25.5973,70.7051],[25.5599,70.699],[25.5125,70.6712],[25.4468,70.6619],[25.428,70.6424],[25.3538,70.6072],[25.307,70.5993],[25.2871,70.5927],[25.2546,70.5723],[25.2393,70.5648],[25.1011,70.5231],[25.0736,70.5033],[25.2459,70.5279],[25.2871,70.5107],[25.2425,70.4866],[25.0599,70.4897],[25.0975,70.4713],[25.2433,70.4784],[25.2871,70.4561],[25.2674,70.456],[25.2518,70.4481],[25.2459,70.4346],[25.264,70.4053],[25.2647,70.393],[25.2566,70.3864],[25.1978,70.4004],[25.1566,70.3939],[25.0811,70.3593],[25.0942,70.3547],[25.1078,70.353],[25.1358,70.3531],[25.1179,70.347],[25.1055,70.3362],[25.1047,70.3253],[25.1221,70.3183],[25.1404,70.3228],[25.1638,70.3331],[25.1868,70.3393],[25.2039,70.332],[25.2088,70.3167],[25.2013,70.3071],[25.058,70.2545],[25.0264,70.2485],[25.0143,70.2446],[25.0029,70.2391],[24.9948,70.233],[24.9899,70.2305],[24.9798,70.2294],[24.978,70.2258],[24.978,70.2185],[24.9771,70.2155],[24.9701,70.2063],[24.9662,70.1989],[24.9647,70.1914],[24.9702,70.1768],[24.9644,70.17],[24.9468,70.1576],[24.9451,70.1486],[24.9434,70.1024],[24.9634,70.0804],[25.0042,70.064],[25.0371,70.0644],[25.0334,70.0924],[25.0233,70.1009],[25.012,70.1086],[25.006,70.1186],[25.0122,70.134],[25.0275,70.1428],[25.0947,70.1539],[25.0877,70.1476],[25.0736,70.1266],[25.091,70.1271],[25.1073,70.1307],[25.1222,70.1323],[25.1358,70.1266],[25.104,70.1213],[25.0903,70.1166],[25.0811,70.106],[25.0933,70.1003],[25.1018,70.091],[25.1138,70.0825],[25.1361,70.0788],[25.1594,70.0809],[25.2053,70.0903],[25.2285,70.0924],[25.2527,70.1013],[25.2739,70.1227],[25.3104,70.1712],[25.3244,70.1824],[25.3416,70.1899],[25.3613,70.1942],[25.3825,70.1955],[25.3948,70.1997],[25.4131,70.2099],[25.4295,70.2222],[25.4368,70.233],[25.4505,70.2495],[25.5171,70.2779],[25.5404,70.2978],[25.5173,70.3113],[25.4231,70.3251],[25.4411,70.3422],[25.6564,70.4406],[25.8692,70.5642],[25.8967,70.5716],[25.9274,70.5764],[25.9605,70.5889],[25.9906,70.6065],[26.0122,70.6262],[26.0535,70.6927],[26.0708,70.7125],[26.0825,70.7164],[26.1192,70.7174],[26.1364,70.723],[26.1453,70.7314],[26.157,70.7502],[26.1636,70.7578],[26.1917,70.7737],[26.2554,70.7974],[26.3083,70.8333],[26.3743,70.8685],[26.6136,70.9491],[26.6912,70.9558],[26.6873,70.9527],[26.6775,70.9421],[26.7254,70.9279],[26.7192,70.9162],[26.7227,70.911],[26.7292,70.9067],[26.7328,70.8978],[26.7302,70.8879],[26.7234,70.8808],[26.7083,70.8698],[26.6961,70.8644],[26.6815,70.8629],[26.6691,70.8596],[26.6638,70.8493],[26.6659,70.838],[26.6714,70.8306],[26.6799,70.8266],[26.6909,70.8254],[26.7046,70.829],[26.721,70.8354],[26.736,70.8386],[26.7458,70.8323],[26.7443,70.8235],[26.7356,70.8153],[26.7191,70.805],[26.7046,70.79],[26.6916,70.7729],[26.6853,70.7546],[26.6912,70.736],[26.6405,70.7066],[26.3416,70.6479],[26.3753,70.6384],[26.4994,70.661],[26.5374,70.6619],[26.6231,70.6519],[26.657,70.6405],[26.6018,70.5585],[26.6063,70.5444],[26.5931,70.5359],[26.5739,70.5285],[26.5608,70.5176],[26.5584,70.5041],[26.564,70.4968],[26.5731,70.4897],[26.5813,70.4766],[26.541,70.4616],[26.5213,70.4484],[26.513,70.4316],[26.5153,70.4237],[26.5252,70.4134],[26.5266,70.4077],[26.5239,70.4006],[26.5151,70.3867],[26.513,70.3798],[26.5104,70.3778],[26.506,70.3706],[26.5059,70.3629],[26.5161,70.3593],[26.5539,70.3531],[26.5676,70.3562],[26.5752,70.362],[26.5784,70.3682],[26.5833,70.3743],[26.595,70.3798],[26.6089,70.3808],[26.6353,70.3767],[26.6496,70.3798],[26.631,70.4011],[26.6292,70.4077],[26.6345,70.413],[26.6559,70.4248],[26.6623,70.4264],[26.6927,70.4202],[26.7234,70.4209],[26.7531,70.4273],[26.7805,70.4384],[26.7993,70.4547],[26.804,70.4695],[26.8123,70.4799],[26.9451,70.4829],[26.9315,70.4665],[26.9483,70.4625],[27.0513,70.4761],[27.0767,70.4744],[27.1021,70.4698],[27.0906,70.4745],[27.0544,70.4829],[27.0447,70.4877],[27.027,70.5033],[26.9761,70.5274],[26.9661,70.5381],[26.9909,70.5438],[27.0003,70.5491],[27.0071,70.5585],[26.9818,70.5646],[26.9729,70.5654],[26.9917,70.5828],[27.0215,70.5989],[27.0539,70.6102],[27.0809,70.6132],[27.0886,70.6109],[27.1073,70.6024],[27.1164,70.5995],[27.1296,70.5983],[27.1711,70.5995],[27.242,70.5854],[27.2666,70.5853],[27.2351,70.6017],[27.1299,70.6262],[27.0999,70.6411],[27.1053,70.6557],[27.1567,70.6815],[27.139,70.6892],[27.0993,70.6967],[27.0809,70.7026],[27.1106,70.7287],[27.1398,70.7406],[27.287,70.7436],[27.3167,70.739],[27.3294,70.7433],[27.3423,70.7578],[27.3185,70.7593],[27.2937,70.7639],[27.2804,70.7747],[27.2908,70.7951],[27.3109,70.8182],[27.324,70.8236],[27.349,70.8254],[27.6296,70.805],[27.4802,70.8254],[27.4802,70.8323],[27.4954,70.8317],[27.5081,70.836],[27.5205,70.8418],[27.534,70.8459],[27.5223,70.8515],[27.5096,70.8618],[27.5,70.8664],[27.4905,70.8673],[27.4705,70.866],[27.4623,70.8698],[27.458,70.8753],[27.4564,70.8781],[27.4535,70.8793],[27.4447,70.8807],[27.4097,70.8765],[27.3913,70.8764],[27.3833,70.8838],[27.3869,70.8917],[27.4043,70.9062],[27.4105,70.9143],[27.3941,70.9097],[27.3696,70.8932],[27.3558,70.8869],[27.3351,70.884],[27.1909,70.895],[27.154,70.9057],[27.1226,70.9217],[27.1338,70.95],[27.1487,70.9639],[27.1712,70.9669],[27.349,70.9421],[27.342,70.9527],[27.3313,70.9608],[27.3079,70.9726],[27.2896,70.9792],[27.2483,70.9891],[27.2324,70.9968],[27.2217,71.0189],[27.2532,71.0263],[27.4764,71.0067],[27.5,70.9936],[27.5086,70.9686],[27.5293,70.9555],[27.5542,70.9553],[27.5755,70.9688],[27.5666,70.9816],[27.5643,70.9945],[27.5695,71.0065],[27.5825,71.0173],[27.5466,71.0227],[27.5331,71.0288],[27.5278,71.0414],[27.5261,71.0571],[27.5233,71.0665],[27.5246,71.0744],[27.534,71.0861],[27.5687,71.0972],[27.6101,71.0929],[27.6423,71.0954],[27.6502,71.1271],[27.7155,71.1042],[27.7246,71.0904],[27.698,71.0657],[27.7217,71.0597],[27.7879,71.0595],[27.8115,71.056],[27.8557,71.041],[27.8767,71.0377],[27.9636,71.0466],[27.9832,71.0557],[27.999,71.0658],[28.0208,71.071],[28.0432,71.071],[28.0617,71.0657],[28.064,71.0616],[28.0633,71.0559],[28.064,71.05],[28.0691,71.0452],[28.0811,71.041],[28.0872,71.0416],[28.1452,71.074],[28.1673,71.0827],[28.1914,71.0861],[28.2097,71.084],[28.2328,71.078],[28.2525,71.0684],[28.261,71.0557],[28.2523,71.0394],[28.2329,71.0326],[28.2119,71.0278],[28.1989,71.0173],[28.2192,71.0173],[28.209,71.0153],[28.2,71.0112],[28.1919,71.0049],[28.1852,70.9968],[28.1997,70.999],[28.2398,71.0111],[28.2344,71.0007],[28.2263,70.9928],[28.2163,70.987],[28.2051,70.9831],[28.2331,70.977],[28.3434,71.0042],[28.4915,70.9998],[28.531,70.9836],[28.5392,70.9825],[28.5461,70.9799],[28.5488,70.9726],[28.5466,70.9669],[28.5369,70.9584],[28.5293,70.9392],[28.5057,70.9199],[28.5005,70.9111],[28.4832,70.8895],[28.4432,70.8839],[28.3695,70.8869],[28.3836,70.875],[28.4032,70.8725],[28.4251,70.8721],[28.4452,70.8664],[28.4224,70.8532],[28.3975,70.8471],[28.3434,70.8459],[28.3434,70.8397],[28.3527,70.8371],[28.3565,70.8347],[28.3587,70.8311],[28.3633,70.8254],[28.2254,70.8323],[28.2433,70.8249],[28.262,70.8194],[28.3013,70.8124],[28.2659,70.795],[28.2239,70.7858],[28.1797,70.7829],[28.1374,70.7845],[28.0807,70.7971],[28.0617,70.7988],[28.0231,70.7929],[28.0095,70.7961],[28.0138,70.8124],[27.9988,70.8157],[27.9858,70.8131],[27.9733,70.8083],[27.9592,70.805],[27.9507,70.7978],[27.8223,70.7912],[27.8084,70.7951],[27.7985,70.7966],[27.7726,70.7917],[27.76,70.7913],[27.7764,70.7815],[27.8118,70.7767],[27.8283,70.7708],[27.8132,70.7648],[27.7967,70.7609],[27.7825,70.7552],[27.7737,70.7436],[27.8576,70.763],[27.8997,70.7682],[27.9868,70.757],[27.9934,70.7541],[27.9973,70.7458],[28.0067,70.7429],[28.0808,70.7457],[28.1074,70.7438],[28.1305,70.736],[28.0724,70.7033],[27.9334,70.6871],[27.8699,70.6678],[27.874,70.6651],[27.8767,70.661],[27.7931,70.6368],[27.7529,70.6315],[27.7219,70.6221],[27.6765,70.6157],[27.6502,70.6064],[27.7947,70.6137],[28.1538,70.6779],[28.2534,70.7164],[28.2834,70.7185],[28.3013,70.7026],[28.2879,70.6538],[28.2332,70.6152],[28.1665,70.5875],[28.058,70.5554],[28.0335,70.5412],[27.9944,70.5265],[27.9119,70.5116],[27.8738,70.4986],[27.8494,70.4829],[27.8623,70.4697],[27.87,70.4586],[27.8836,70.4282],[27.8939,70.4392],[27.9146,70.4732],[27.9279,70.4827],[27.945,70.4892],[27.9797,70.4971],[27.958,70.4844],[27.9382,70.4698],[28.0586,70.493],[28.1852,70.5033],[28.0801,70.4771],[28.0518,70.4595],[28.0409,70.4448],[28.0501,70.4425],[28.0877,70.4515],[28.1128,70.4639],[28.1305,70.4698],[28.1295,70.4693],[28.1104,70.4612],[28.104,70.4543],[28.1076,70.4457],[28.1271,70.4418],[28.1372,70.4467],[28.1777,70.4766],[28.214,70.4957],[28.2529,70.5101],[28.2936,70.518],[28.3353,70.5176],[28.3221,70.497],[28.3032,70.4866],[28.2825,70.479],[28.264,70.4664],[28.2468,70.4482],[28.2132,70.4212],[28.1724,70.3955],[28.1607,70.3828],[28.1585,70.3681],[28.1681,70.3494],[28.1733,70.333],[28.1696,70.3154],[28.1572,70.2842],[28.1579,70.2473],[28.1779,70.1823],[28.1777,70.1539],[28.1672,70.1355],[28.152,70.1237],[28.1353,70.1142],[28.0998,70.0881],[28.0708,70.0774],[28.0399,70.0713],[28.0138,70.0714],[28.0663,70.0632],[28.1281,70.0816],[28.1839,70.1155],[28.2192,70.1539],[28.2254,70.174],[28.2197,70.186],[28.2085,70.1975],[28.1989,70.2159],[28.1989,70.2262],[28.2044,70.2458],[28.2019,70.2535],[28.1987,70.26],[28.1914,70.2842],[28.1956,70.3016],[28.2166,70.3301],[28.2254,70.3456],[28.2292,70.3659],[28.2292,70.3833],[28.2327,70.3991],[28.2466,70.4145],[28.2581,70.421],[28.2912,70.4329],[28.3208,70.4389],[28.325,70.4483],[28.3255,70.4598],[28.3291,70.4698],[28.3534,70.4838],[28.3904,70.4934],[28.429,70.496],[28.4588,70.4897],[28.4562,70.472],[28.4692,70.4551],[28.4893,70.4453],[28.5073,70.4487],[28.5117,70.458],[28.5068,70.4663],[28.5003,70.4742],[28.5005,70.4829],[28.5108,70.4918],[28.5257,70.4979],[28.555,70.5033],[28.555,70.5107],[28.4817,70.5121],[28.4588,70.5176],[28.4061,70.545],[28.3975,70.5483],[28.4017,70.559],[28.4793,70.6262],[28.485,70.6358],[28.4934,70.658],[28.5005,70.6678],[28.5169,70.6782],[28.5339,70.6801],[28.5755,70.6746],[28.6135,70.6738],[28.6203,70.6783],[28.6104,70.6889],[28.5759,70.7015],[28.5407,70.7089],[28.5262,70.7217],[28.555,70.7504],[28.6431,70.7893],[28.6932,70.8298],[28.7256,70.8489],[28.7611,70.8641],[28.7947,70.8732],[29.0575,70.884],[29.0827,70.8807],[29.1045,70.873],[29.1022,70.8687],[29.0623,70.8664],[29.0623,70.8596],[29.2214,70.8554],[29.2614,70.8397],[29.263,70.835],[29.262,70.8209],[29.2648,70.8152],[29.273,70.8097],[29.2824,70.8051],[29.3018,70.7988],[29.3812,70.7929],[29.4048,70.7845],[29.3805,70.7694],[29.2949,70.7436],[29.3221,70.7349],[29.4178,70.736],[29.3991,70.7282],[29.3726,70.7239],[29.3223,70.723],[29.3279,70.7127],[29.3377,70.7084],[29.3503,70.7081],[29.3638,70.7094],[29.3519,70.6953],[29.3288,70.69],[29.3025,70.6874],[29.2814,70.6815],[29.285,70.6786],[29.2879,70.677],[29.2949,70.6746],[29.2814,70.661],[29.3064,70.6529],[29.3289,70.66],[29.37,70.6889],[29.3921,70.6973],[29.5178,70.7059],[29.6996,70.7437],[29.7458,70.7427],[29.779,70.7265],[29.7815,70.6889],[29.762,70.6645],[29.7026,70.6396],[29.6792,70.62],[29.8231,70.6337],[29.8395,70.6394],[29.8494,70.6472],[29.8581,70.656],[29.8704,70.6644],[29.9592,70.7047],[29.9938,70.7131],[30.0696,70.7156],[30.1047,70.7108],[30.2068,70.6815],[30.186,70.6647],[30.1565,70.656],[30.0969,70.6479],[30.1307,70.6388],[30.2409,70.6337],[30.3369,70.6061],[30.3473,70.5961],[30.3269,70.5849],[30.2647,70.5698],[30.1527,70.5583],[30.1248,70.5517],[30.1248,70.5449],[30.138,70.5464],[30.1502,70.5458],[30.1598,70.5414],[30.1652,70.5312],[30.1243,70.5317],[30.0414,70.5444],[30.0007,70.5449],[30.0007,70.5381],[30.1631,70.5246],[30.4563,70.5612],[30.5016,70.5585],[30.5818,70.5422],[30.5991,70.5298],[30.5623,70.5176],[30.7319,70.4682],[30.7412,70.4418],[30.7866,70.4206],[30.8123,70.4147],[30.8237,70.4248],[30.8374,70.4317],[30.926,70.4561],[30.947,70.45],[30.9734,70.4212],[30.988,70.4145],[31.0056,70.409],[31.0633,70.3668],[31.0477,70.3563],[31.0305,70.3488],[31.0194,70.3399],[31.0217,70.3251],[31.0339,70.315],[31.0505,70.3088],[31.0664,70.3005],[31.077,70.2842],[31.0412,70.2849],[30.9336,70.2637],[30.5488,70.2487],[30.5151,70.2391],[30.5147,70.2159],[30.4889,70.2031],[30.3986,70.1955],[30.3748,70.1859],[30.3578,70.1732],[30.3574,70.1613],[30.3843,70.1539],[30.3552,70.1297],[30.3171,70.1174],[30.1447,70.0924],[30.1195,70.0849],[30.1179,70.0781],[30.1331,70.0732],[30.1589,70.0714],[29.6897,70.0959],[29.2205,70.1203],[29.2267,70.1203],[28.9402,70.1513],[28.6537,70.1823],[28.6165,70.1769],[28.5967,70.1613],[28.7537,70.1675],[28.7326,70.1493],[28.6901,70.1341],[28.6436,70.1239],[28.6104,70.1203],[28.6294,70.1071],[28.6648,70.1],[28.7327,70.0986],[28.7741,70.1114],[28.7865,70.1112],[28.834,70.0995],[28.8499,70.0986],[28.8499,70.0924],[28.759,70.0936],[28.7327,70.0856],[28.9241,70.0739],[28.9933,70.0559],[29.138,70.0576],[29.1292,70.0476],[29.1243,70.044],[29.1619,70.0452],[29.1831,70.0434],[29.1926,70.0372],[29.1838,70.0329],[29.1304,70.0168],[29.1584,70.0092],[29.3434,70.0168],[29.3894,70.0049],[29.6859,69.9695],[29.6636,69.966],[29.5755,69.9358],[29.5295,69.9254],[29.4863,69.9107],[29.4401,69.9008],[29.4216,69.8904],[29.4151,69.8836],[29.4123,69.8796],[29.4084,69.8759],[29.3983,69.8696],[29.3903,69.8662],[29.3638,69.8597],[29.4133,69.8569],[29.4358,69.8624],[29.4714,69.8878],[29.5154,69.9093],[29.5352,69.9143],[29.5495,69.9147],[29.5636,69.913],[29.5774,69.9094],[29.5903,69.904],[29.6043,69.9013],[29.6299,69.907],[29.6672,69.9014],[29.7144,69.9136],[29.7412,69.9075],[29.7316,69.8944],[29.7381,69.8857],[29.7463,69.8774],[29.7412,69.8659],[29.7754,69.8386],[29.7554,69.8288],[29.737,69.8029],[29.6994,69.7933],[29.6493,69.7719],[29.645,69.7634],[29.645,69.756],[29.6248,69.7541],[29.6126,69.7449],[29.6028,69.733],[29.5897,69.7225],[29.5706,69.7165],[29.5281,69.713],[29.508,69.7088],[29.5435,69.7083],[29.5337,69.6953],[29.506,69.6771],[29.4873,69.6611],[29.5215,69.6684],[29.5378,69.675],[29.5672,69.6949],[29.68,69.7354],[29.7156,69.7411],[29.821,69.744],[29.9016,69.7363],[29.9085,69.7375],[29.993,69.768],[30.0304,69.7759],[30.0628,69.7703],[30.0435,69.7614],[30.0191,69.7375],[30.001,69.7256],[29.9549,69.7153],[29.9367,69.7058],[29.9393,69.6877],[29.9523,69.7052],[29.9778,69.7142],[30.0286,69.7225],[30.0711,69.7399],[30.0808,69.7387],[30.1017,69.7162],[30.1145,69.7062],[30.1751,69.6863],[30.1863,69.6877],[30.188,69.6957],[30.1807,69.702],[30.162,69.7119],[30.1222,69.7438],[30.1106,69.756],[30.1318,69.76],[30.189,69.7625],[30.2068,69.7703],[30.209,69.7844],[30.1947,69.7936],[30.1746,69.8014],[30.1589,69.8112],[30.1659,69.8239],[30.168,69.8466],[30.1672,69.8687],[30.1652,69.8795],[30.2409,69.8795],[30.2892,69.8865],[30.3027,69.8832],[30.324,69.8671],[30.3182,69.8593],[30.2688,69.8454],[30.2995,69.8382],[30.3718,69.8476],[30.3986,69.8386],[30.4026,69.8312],[30.4037,69.8224],[30.4038,69.8131],[30.4048,69.8044],[30.411,69.782],[30.4123,69.7805],[30.4136,69.7366],[30.4098,69.7023],[30.3882,69.6804],[30.3371,69.6741],[30.3602,69.6675],[30.4294,69.6741],[30.4435,69.6784],[30.4486,69.689],[30.4525,69.715],[30.4474,69.7268],[30.4474,69.7333],[30.4621,69.7377],[30.4652,69.7416],[30.4666,69.747],[30.4668,69.7529],[30.4627,69.7642],[30.4553,69.7733],[30.4518,69.7817],[30.46,69.7908],[30.4507,69.8103],[30.4829,69.8182],[30.6987,69.8085],[30.7206,69.7976],[30.7067,69.7928],[30.7004,69.7834],[30.7031,69.7744],[30.717,69.7703],[30.7326,69.7722],[30.7497,69.7772],[30.7821,69.7908],[30.7896,69.7908],[30.841,69.8059],[31.0322,69.7771],[31.1333,69.7757],[31.1657,69.7703],[31.1996,69.7576],[31.2141,69.756],[31.2261,69.7571],[31.2492,69.7623],[31.2616,69.7634],[31.2835,69.7603],[31.3079,69.7524],[31.3513,69.7324],[31.3731,69.7265],[31.3953,69.7237],[31.409,69.7158],[31.406,69.6945],[31.4014,69.6877],[31.3939,69.6811],[31.3851,69.676],[31.3752,69.6741],[31.3679,69.6714],[31.3655,69.665],[31.3644,69.6572],[31.3616,69.6505],[31.3472,69.6384],[31.2967,69.6126],[31.3257,69.6149],[31.3539,69.6269],[31.4522,69.6889],[31.4778,69.6977],[31.5207,69.6887],[31.5313,69.6925],[31.5425,69.6983],[31.5568,69.702],[31.8106,69.6877],[31.7976,69.7045],[31.7726,69.7136],[31.7212,69.7256],[31.7009,69.7366],[31.6991,69.7443],[31.728,69.7703],[31.7166,69.7895],[31.7088,69.8086],[31.7109,69.8274],[31.728,69.8454],[31.7537,69.8541],[31.8482,69.8529],[31.8679,69.8485],[31.9067,69.8293],[31.964,69.8166],[32.0291,69.782],[32.057,69.7771],[32.0612,69.7795],[32.0676,69.7842],[32.0763,69.7888],[32.0989,69.7919],[32.1014,69.7951],[32.0996,69.8004],[32.098,69.8078],[32.0918,69.8156],[32.0505,69.842],[31.9961,69.8636],[31.9813,69.8733],[31.9802,69.8788],[31.9826,69.8952],[31.9813,69.9006],[31.9749,69.9041],[31.9183,69.9265],[31.9133,69.9362],[31.9232,69.9518],[31.9421,69.965],[31.9624,69.9699],[31.9845,69.9703],[32.0545,69.9638],[32.2417,69.8832],[32.2673,69.8763],[32.3581,69.8795],[32.3982,69.8743],[32.4883,69.8509],[32.5232,69.8323],[32.5036,69.8209],[32.5067,69.811],[32.5232,69.8032],[32.6247,69.7828],[32.7273,69.7919],[32.9196,69.78],[33.006,69.7586]],[[33.0358,69.6177],[32.8718,69.5825],[32.502,69.6331],[32.4373,69.6501],[32.4186,69.6487],[32.3706,69.6401],[32.2206,69.6542],[32.1883,69.6531],[32.1697,69.6549],[32.1594,69.6611],[32.1597,69.6677],[32.1646,69.6723],[32.1706,69.6765],[32.1737,69.6815],[32.1768,69.6953],[32.1802,69.705],[32.1804,69.7147],[32.1737,69.7287],[32.1624,69.7414],[32.1475,69.7514],[32.1301,69.756],[32.1117,69.7529],[32.1074,69.746],[32.1105,69.7349],[32.1161,69.7217],[32.1192,69.7085],[32.1016,69.674],[32.0598,69.6595],[31.9683,69.6542],[31.9954,69.6452],[32.0288,69.6422],[32.0559,69.6365],[32.0638,69.6195],[32.0519,69.6043],[32.0321,69.5924],[32.0161,69.5802],[32.0161,69.5642],[32.0747,69.5908],[32.1333,69.5982],[32.193,69.5921],[32.2556,69.5779],[32.2883,69.5743],[32.386,69.5854],[32.3991,69.5842],[32.4152,69.5806],[32.4285,69.5742],[32.4338,69.5642],[32.4277,69.56],[32.4006,69.545],[32.3921,69.5369],[32.4209,69.5362],[32.502,69.517],[32.4858,69.5035],[32.4646,69.502],[32.4417,69.5045],[32.4202,69.5028],[32.4069,69.4948],[32.3817,69.4731],[32.3652,69.4687],[32.3228,69.4623],[32.2385,69.437],[32.1936,69.4345],[32.238,69.4223],[32.2894,69.4307],[32.386,69.4618],[32.3991,69.463],[32.41,69.4627],[32.4201,69.4646],[32.4304,69.4724],[32.4479,69.489],[32.4546,69.4929],[32.4692,69.4956],[32.4963,69.4899],[32.5217,69.4889],[32.5276,69.4893],[32.53,69.4929],[32.5306,69.4964],[32.5347,69.5071],[32.5369,69.5096],[32.5559,69.5063],[32.5892,69.486],[32.6038,69.4842],[32.6439,69.498],[32.6646,69.5021],[32.687,69.5028],[32.7901,69.4897],[32.8478,69.4929],[32.8777,69.4911],[32.8993,69.4822],[32.8269,69.4592],[32.7925,69.4425],[32.7695,69.414],[32.8931,69.4618],[32.9876,69.4746],[33.085,69.4761],[32.8618,69.3652],[32.8377,69.3314],[32.8197,69.3192],[32.8037,69.3041],[32.8133,69.3015],[32.8235,69.3012],[32.8342,69.3034],[32.8548,69.3111],[32.8636,69.3118],[32.8727,69.311],[32.8831,69.312],[32.8892,69.3119],[32.8954,69.3149],[32.9067,69.3253],[32.9238,69.3488],[32.9531,69.3775],[32.9695,69.3874],[32.9893,69.3935],[33.294,69.4434]],[[33.1006,66.8581],[32.8433,66.9763],[32.8211,66.9914],[32.8049,67.0103],[32.7982,67.0305],[32.8023,67.0491],[32.8174,67.0634],[32.8539,67.0745],[32.9328,67.0798],[32.9688,67.0908],[32.9299,67.1],[32.8071,67.0908],[32.7722,67.093],[32.7385,67.0993],[32.6355,67.1329],[32.4544,67.135],[32.4338,67.1392],[32.3941,67.157],[32.3826,67.1597],[32.3254,67.1593],[32.2977,67.1558],[32.2678,67.1474],[32.2497,67.1447],[32.1902,67.1528],[32.0741,67.1416],[32.0409,67.1438],[31.9446,67.1658],[31.9105,67.1683],[31.8777,67.1648],[31.8509,67.1528],[31.9266,67.1528],[31.9221,67.1462],[31.9129,67.1249],[32.0928,67.1203],[32.2048,67.1345],[32.2345,67.133],[32.262,67.125],[32.304,67.0976],[32.345,67.0842],[32.3581,67.0703],[32.3416,67.076],[32.3246,67.078],[32.2898,67.0777],[32.3141,67.0602],[32.3484,67.0566],[32.3856,67.0577],[32.4186,67.0544],[32.5033,67.0305],[32.53,67.015],[32.5498,67.0001],[32.557,66.989],[32.5515,66.9765],[32.5335,66.957],[32.5067,66.9489],[32.4246,66.9555],[32.3921,66.9536],[32.4177,66.9464],[32.4724,66.9451],[32.4959,66.9331],[32.4816,66.9279],[32.4754,66.9269],[32.4783,66.91],[32.4622,66.9001],[32.4202,66.8922],[32.4202,66.8859],[32.5266,66.8859],[32.5454,66.883],[32.5915,66.858],[32.6526,66.8416],[32.676,66.8284],[32.6665,66.8096],[32.7051,66.7964],[32.891,66.7816],[32.9067,66.7761],[32.9158,66.7688],[32.9268,66.7517],[32.9347,66.7419],[32.9192,66.7368],[32.812,66.7357],[32.7695,66.7419],[32.9746,66.6911],[33.1834,66.6924]],[[33.0111,66.5929],[32.9749,66.6008],[32.9382,66.603],[32.8652,66.598],[32.9014,66.5748],[33.1053,66.5768]],[[33.0283,66.5456],[32.9688,66.5404],[32.9409,66.5285],[32.9896,66.512],[33.0469,66.506]],[[9.2887,56.9971],[9.437,57.0244],[9.4701,57.0238],[9.5868,56.9971]],[[9.6177,56.975],[9.6541,57.0068],[9.6707,57.0248],[9.689,57.0391],[9.7282,57.0471],[9.7612,57.0586],[9.8091,57.0517],[9.9158,57.0586],[9.8566,57.0887],[9.8267,57.0949],[9.8064,57.1042],[9.7957,57.1064],[9.7876,57.1039],[9.7525,57.0778],[9.7332,57.0668],[9.7119,57.0613],[9.6932,57.0692],[9.6751,57.0792],[9.6561,57.0764],[9.6211,57.0586],[9.5808,57.0493],[9.494,57.0486],[9.2651,57.0034],[9.2454,57.0023],[9.2264,57.007],[9.1145,57.0586],[9.1209,57.0454],[9.1128,57.0386],[9.0798,57.0312],[9.0554,57.0211],[9.0427,57.0177],[9.0257,57.0176],[9.032,57.0238],[9.014,57.0302],[8.9968,57.0281],[8.9797,57.0205],[8.9631,57.0102],[8.947,57.0112],[8.9264,57.0001],[8.909,56.9882]],[[8.8931,56.9997],[8.8732,57.0048],[8.8504,57.0035],[8.8333,56.9971]],[[8.2704,56.8432],[8.4497,57.004],[8.5036,57.0347],[8.5863,57.1064],[8.618,57.1229],[8.6538,57.1225],[8.7372,57.1064],[8.7839,57.1048],[8.8744,57.1161],[8.9146,57.1274],[8.9626,57.1566],[8.9805,57.161],[9.2306,57.1411],[9.3215,57.147],[9.4121,57.1654],[9.4978,57.197],[9.5733,57.2429],[9.7884,57.4593],[9.8264,57.4899],[9.8954,57.5316],[9.9299,57.5675],[9.9431,57.5725],[9.967,57.5914],[10.0154,57.5966],[10.1077,57.593],[10.1976,57.6012],[10.2796,57.6209],[10.3506,57.649],[10.4725,57.717],[10.5391,57.7438],[10.5661,57.7495],[10.596,57.7512],[10.625,57.7475],[10.6489,57.737],[10.5944,57.7259],[10.5425,57.6989],[10.4605,57.6306],[10.4304,57.5705],[10.4583,57.5255],[10.509,57.484],[10.5466,57.4353],[10.5174,57.3913],[10.5179,57.3392],[10.5391,57.2367],[10.522,57.2217],[10.4709,57.2012],[10.4468,57.1849],[10.4115,57.1444],[10.3955,57.1173],[10.384,57.0742],[10.3592,57.0261],[10.3472,57.0102],[10.3387,57.0032],[10.3306,56.9993]],[[10.2398,56.9928],[10.156,57.0238],[10.094,57.0605],[10.0527,57.0697],[10.0194,57.0884],[9.9946,57.0927],[9.9745,57.0865],[9.9461,57.0612],[9.9269,57.0586],[9.9455,57.0573],[9.9666,57.0722],[9.9841,57.079],[10.002,57.0839],[10.0226,57.0791],[10.1213,57.0221],[10.154,57.0133],[10.1924,56.994]],[[11.1423,57.3323],[11.1019,57.3204],[11.0277,57.3207],[11.0101,57.3099],[10.9869,57.306],[10.9466,57.3046],[10.9213,57.2923],[10.8884,57.2749],[10.855,57.2709],[10.855,57.2646],[10.8711,57.2546],[10.8888,57.2453],[10.9165,57.2374],[10.9518,57.2337],[10.978,57.2067],[10.9979,57.1979],[11.0288,57.2019],[11.0451,57.2127],[11.0535,57.2262],[11.0672,57.2384],[11.0911,57.2528],[11.0942,57.269],[11.0827,57.2839],[11.0666,57.2913],[11.1432,57.3014],[11.1669,57.2968],[11.1891,57.2943],[11.1965,57.3028],[11.1973,57.3134],[11.1901,57.3255],[11.1815,57.3303],[11.1699,57.3327],[11.1423,57.3323]],[[17.1245,57.3193],[17.1228,57.3252],[17.1198,57.3305],[17.1157,57.3354],[17.1108,57.3398],[17.1086,57.3432],[17.1061,57.3456],[17.1043,57.3483],[17.104,57.3528],[17.0972,57.3528],[17.0911,57.3445],[17.0819,57.3414],[17.0735,57.3432],[17.0653,57.3577],[17.0549,57.3582],[17.0358,57.3528],[17.0192,57.3445],[16.9885,57.3176],[16.9665,57.3046],[16.9621,57.2873],[16.9592,57.2307],[16.9539,57.2221],[16.9404,57.2128],[16.9193,57.2072],[16.9099,57.2022],[16.906,57.192],[16.8884,57.1182],[16.8456,57.0591],[16.7936,57.0039],[16.7483,56.9419]],[[16.8992,56.9964],[16.9141,57.0074],[16.9339,57.0176],[16.9229,57.0197],[16.9129,57.0235],[16.9048,57.0294],[16.8986,57.0381],[16.9209,57.0464],[16.9432,57.0518],[16.9606,57.0632],[16.9675,57.0896],[16.9735,57.1042],[17.0153,57.1479],[17.0192,57.1572],[17.0233,57.1722],[17.0282,57.1815],[17.032,57.1832],[17.0457,57.1867],[17.0495,57.1883],[17.0508,57.1923],[17.0505,57.2012],[17.0663,57.2267],[17.0645,57.2419],[17.042,57.2709],[17.0755,57.3051],[17.097,57.3174],[17.1245,57.3193]],[[19.0402,57.8679],[19.0247,57.8719],[19.014,57.8813],[19.0068,57.8926],[19.0021,57.9021],[19.0095,57.9083],[18.9958,57.9121],[18.9764,57.9115],[18.9566,57.9078],[18.9413,57.9021],[18.9416,57.8888],[18.9172,57.8881],[18.898,57.8976],[18.9133,57.9151],[18.9133,57.9213],[18.8513,57.9151],[18.8374,57.9122],[18.8392,57.9053],[18.8472,57.8974],[18.8519,57.8913],[18.8441,57.8736],[18.8274,57.8637],[18.8107,57.8512],[18.8035,57.8258],[18.7844,57.8396],[18.7783,57.8474],[18.7761,57.8571],[18.7739,57.8603],[18.7693,57.8623],[18.7647,57.8652],[18.7625,57.871],[18.7642,57.8752],[18.7674,57.8789],[18.7699,57.8828],[18.7693,57.8878],[18.7572,57.9062],[18.7424,57.9179],[18.7238,57.923],[18.7005,57.9213],[18.6777,57.9139],[18.658,57.9018],[18.6408,57.8862],[18.626,57.8679],[18.6204,57.8581],[18.615,57.8436],[18.6087,57.8363],[18.5949,57.8314],[18.5794,57.8334],[18.5641,57.8378],[18.5501,57.8394],[18.4994,57.8266],[18.4631,57.8032],[18.325,57.6726],[18.1615,57.5779],[18.1282,57.5482],[18.112,57.5111],[18.1135,57.488],[18.1209,57.4651],[18.1316,57.4453],[18.1423,57.432],[18.1454,57.4262],[18.1443,57.4134],[18.1462,57.408],[18.1559,57.3986],[18.1592,57.3944],[18.1672,57.3892],[18.1766,57.3856],[18.1792,57.3795],[18.166,57.3671],[18.1712,57.3521],[18.1659,57.3316],[18.1531,57.3134],[18.1156,57.297],[18.1011,57.278],[18.0994,57.259],[18.1598,57.2298],[18.1853,57.1448],[18.228,57.1337],[18.2238,57.1286],[18.2185,57.119],[18.2144,57.1138],[18.2273,57.1075],[18.2251,57.0949],[18.2141,57.0815],[18.2009,57.0728],[18.2009,57.0654],[18.2233,57.0603],[18.2446,57.0701],[18.2664,57.0844],[18.2902,57.0927],[18.282,57.081],[18.2737,57.0541],[18.2656,57.0415],[18.2508,57.0339],[18.2139,57.0263],[18.2009,57.0176],[18.2048,57.0046],[18.2064,56.9947]],[[18.3447,56.9971],[18.3447,57.004],[18.4001,57.004],[18.3643,57.0114],[18.3486,57.0185],[18.3379,57.0312],[18.3447,57.0827],[18.3599,57.0961],[18.4312,57.1169],[18.4546,57.1274],[18.3858,57.1274],[18.4064,57.143],[18.4312,57.1543],[18.5554,57.1925],[18.5781,57.1957],[18.5781,57.202],[18.5645,57.202],[18.5645,57.2094],[18.5915,57.2187],[18.6805,57.2299],[18.6789,57.2333],[18.7141,57.2429],[18.7109,57.2743],[18.7025,57.2777],[18.6814,57.2754],[18.6737,57.2777],[18.6668,57.2968],[18.6804,57.3105],[18.7179,57.3289],[18.7415,57.3479],[18.7702,57.3645],[18.8015,57.3762],[18.8345,57.3808],[18.8412,57.3829],[18.8533,57.3922],[18.8582,57.3944],[18.864,57.3934],[18.8753,57.3886],[18.8792,57.3876],[18.9099,57.3876],[18.9263,57.3926],[18.93,57.4045],[18.9261,57.4182],[18.9202,57.4285],[18.9138,57.4359],[18.9089,57.4392],[18.8928,57.4456],[18.8797,57.4492],[18.8747,57.4451],[18.8728,57.4387],[18.8689,57.4353],[18.8288,57.44],[18.7898,57.449],[18.7983,57.4643],[18.8035,57.4694],[18.7859,57.4682],[18.7732,57.4722],[18.7688,57.4818],[18.7761,57.4975],[18.7614,57.5076],[18.7678,57.5207],[18.782,57.535],[18.7898,57.5483],[18.7909,57.5642],[18.7947,57.5781],[18.801,57.5918],[18.8103,57.6073],[18.7689,57.6145],[18.7625,57.6172],[18.7647,57.6269],[18.7693,57.6348],[18.7739,57.6408],[18.7791,57.6511],[18.7966,57.6755],[18.8103,57.7097],[18.8094,57.7191],[18.8059,57.7279],[18.8071,57.7344],[18.8208,57.737],[18.8319,57.7348],[18.8528,57.7255],[18.8652,57.7233],[18.9012,57.7239],[18.9413,57.7296],[18.9321,57.7408],[18.9321,57.7523],[18.9382,57.7626],[18.9475,57.7705],[18.9487,57.7827],[18.9578,57.7846],[18.9702,57.7796],[18.9816,57.7705],[18.9866,57.8074],[19.015,57.822],[19.0852,57.8258],[19.0788,57.8348],[19.0503,57.8622],[19.0402,57.8679]],[[19.273,57.9765],[19.2401,57.9706],[19.2267,57.9737],[19.2224,57.9902],[19.2058,57.9835],[19.1878,57.9843],[19.1721,57.9874],[19.1634,57.9871],[19.1486,57.9791],[19.1146,57.9797],[19.0983,57.9765],[19.0866,57.9685],[19.0799,57.9591],[19.075,57.949],[19.0679,57.9394],[19.0467,57.9243],[19.0396,57.917],[19.0368,57.9052],[19.0716,57.8679],[19.0845,57.8594],[19.0984,57.8527],[19.1135,57.8484],[19.1296,57.8469],[19.1311,57.8522],[19.1603,57.8803],[19.1629,57.8892],[19.1607,57.8961],[19.1532,57.902],[19.1399,57.9083],[19.162,57.926],[19.2053,57.9351],[19.2258,57.9462],[19.2479,57.9525],[19.2961,57.9437],[19.3106,57.9567],[19.3185,57.956],[19.3259,57.9567],[19.3323,57.9591],[19.3386,57.9636],[19.3211,57.9727],[19.3057,57.9764],[19.273,57.9765]],[[11.7388,58.0585],[11.7166,58.0645],[11.699,58.0591],[11.6815,58.0502],[11.6597,58.0455],[11.5676,58.0455],[11.5247,58.0507],[11.5059,58.046],[11.4979,58.0281],[11.5056,58.013],[11.5243,58.01],[11.5471,58.01],[11.5676,58.0039],[11.5549,58.0024],[11.527,58.0053],[11.5156,58.0008],[11.5125,57.9926],[11.5164,57.9838],[11.5227,57.975],[11.5259,57.9666],[11.5278,57.9543],[11.5337,57.9507],[11.5601,57.9493],[11.5661,57.9459],[11.5723,57.9403],[11.5811,57.9359],[11.5947,57.9356],[11.6037,57.9406],[11.6111,57.9484],[11.6189,57.9543],[11.6394,57.9514],[11.6506,57.9554],[11.6594,57.9633],[11.6677,57.9904],[11.6794,58.0063],[11.6951,58.0151],[11.7114,58.0114],[11.7068,57.9995],[11.7102,57.9929],[11.7194,57.9922],[11.7319,57.9977],[11.7356,58.0034],[11.7456,58.0312],[11.7405,58.0356],[11.7385,58.0415],[11.7388,58.0585]],[[11.807,58.2304],[11.7894,58.2464],[11.7686,58.2536],[11.7498,58.2629],[11.7388,58.2851],[11.7035,58.2912],[11.6864,58.2912],[11.6699,58.2851],[11.6727,58.2812],[11.6774,58.2714],[11.6668,58.2663],[11.66,58.2581],[11.6585,58.2481],[11.6631,58.2373],[11.648,58.234],[11.6184,58.2376],[11.6016,58.2373],[11.5882,58.2329],[11.5627,58.2195],[11.5278,58.2128],[11.429,58.161],[11.4089,58.1457],[11.4066,58.1311],[11.416,58.1225],[11.4474,58.1035],[11.4512,58.0971],[11.4577,58.0722],[11.4639,58.0722],[11.4639,58.1069],[11.4956,58.0899],[11.506,58.0864],[11.5163,58.086],[11.5199,58.0895],[11.5237,58.0967],[11.5339,58.1069],[11.5565,58.1179],[11.5853,58.1231],[11.6123,58.1186],[11.6289,58.1001],[11.6546,58.108],[11.7082,58.0982],[11.7567,58.1183],[11.7827,58.1203],[11.8047,58.1257],[11.8138,58.1445],[11.8153,58.1893],[11.8137,58.2114],[11.807,58.2304]],[[19.3317,58.3676],[19.3057,58.379],[19.2488,58.3861],[19.2224,58.395],[19.1878,58.395],[19.2141,58.3547],[19.2503,58.3428],[19.2912,58.3502],[19.3317,58.3676]],[[18.4304,59.2583],[18.4683,59.2521],[18.5204,59.2287],[18.5516,59.2259],[18.5781,59.2446],[18.5324,59.2419],[18.5173,59.249],[18.5161,59.2713],[18.5391,59.26],[18.5607,59.2574],[18.6123,59.2583],[18.5234,59.2886],[18.4617,59.2982],[18.3447,59.2993],[18.3968,59.2861],[18.4131,59.2788],[18.418,59.2737],[18.4271,59.2609],[18.4304,59.2583]],[[5.2769,59.2993],[5.2788,59.3101],[5.284,59.3154],[5.2865,59.3204],[5.2803,59.3303],[5.2726,59.3356],[5.2625,59.3411],[5.2539,59.348],[5.2449,59.3692],[5.2085,59.416],[5.1859,59.4147],[5.18,59.4006],[5.1885,59.384],[5.2085,59.3749],[5.1987,59.3619],[5.1852,59.3559],[5.1745,59.3493],[5.1738,59.3341],[5.1828,59.32],[5.2283,59.2856],[5.1787,59.2922],[5.1653,59.2734],[5.1731,59.2687],[5.1721,59.2583],[5.1727,59.241],[5.1644,59.2181],[5.1662,59.1957],[5.1787,59.1705],[5.1884,59.1572],[5.2086,59.1429],[5.2359,59.1411],[5.2632,59.1518],[5.2971,59.1689],[5.3024,59.2055],[5.3174,59.2289],[5.3179,59.2565],[5.3141,59.2736],[5.2951,59.2829],[5.279,59.2925],[5.2769,59.2993]],[[5.3071,59.7586],[5.2932,59.7645],[5.2796,59.778],[5.2598,59.8027],[5.2498,59.8057],[5.2376,59.8055],[5.2272,59.8073],[5.2228,59.8166],[5.2202,59.8266],[5.2134,59.8297],[5.2041,59.8305],[5.1942,59.8337],[5.1683,59.85],[5.1597,59.8599],[5.154,59.8747],[5.1282,59.875],[5.1162,59.8732],[5.1048,59.8685],[5.1389,59.8408],[5.1465,59.8275],[5.1366,59.831],[5.1284,59.8316],[5.1222,59.8282],[5.1184,59.82],[5.1141,59.822],[5.103,59.8253],[5.0986,59.8275],[5.0974,59.8093],[5.0874,59.8009],[5.0762,59.7946],[5.0706,59.7828],[5.0762,59.7663],[5.0895,59.7623],[5.1052,59.7676],[5.1184,59.779],[5.1248,59.7619],[5.1449,59.7576],[5.188,59.7586],[5.1554,59.7351],[5.1314,59.712],[5.1167,59.6857],[5.1117,59.6524],[5.1154,59.6361],[5.1243,59.6214],[5.1356,59.6094],[5.1465,59.6009],[5.1526,59.5946],[5.1528,59.5916],[5.1551,59.5917],[5.1771,59.5975],[5.1858,59.6016],[5.1939,59.6072],[5.2017,59.6146],[5.1942,59.6214],[5.2015,59.6331],[5.1975,59.6408],[5.1904,59.6473],[5.188,59.6555],[5.1917,59.6635],[5.2085,59.6828],[5.1929,59.6758],[5.1748,59.6619],[5.1602,59.6552],[5.154,59.6698],[5.1602,59.6824],[5.188,59.7026],[5.1942,59.7139],[5.1929,59.7232],[5.1904,59.7299],[5.19,59.7364],[5.1942,59.7449],[5.2007,59.7495],[5.2108,59.7532],[5.2205,59.7554],[5.2256,59.7552],[5.2412,59.7425],[5.2606,59.7339],[5.2734,59.735],[5.27,59.7518],[5.2893,59.7498],[5.2979,59.7363],[5.3024,59.7185],[5.3103,59.7033],[5.281,59.6914],[5.27,59.6897],[5.27,59.6828],[5.2908,59.6835],[5.3097,59.6901],[5.345,59.7101],[5.3342,59.7214],[5.3176,59.7523],[5.3071,59.7586]],[[5.4891,59.861],[5.468,59.8821],[5.4461,59.9113],[5.4207,59.9384],[5.3882,59.9577],[5.345,59.9641],[5.3377,59.972],[5.3262,59.9765],[5.314,59.9782],[5.304,59.9777],[5.2949,59.9738],[5.2829,59.9666],[5.2754,59.9597],[5.2803,59.9566],[5.2975,59.951],[5.2876,59.9378],[5.2502,59.9094],[5.258,59.9034],[5.262,59.8951],[5.2616,59.8852],[5.2564,59.8747],[5.2731,59.8616],[5.2848,59.8482],[5.304,59.8132],[5.3104,59.795],[5.3143,59.7895],[5.3246,59.7828],[5.3363,59.779],[5.3523,59.7777],[5.3664,59.7805],[5.3724,59.7896],[5.3779,59.7929],[5.3901,59.7921],[5.4019,59.7873],[5.4065,59.779],[5.3996,59.7712],[5.3859,59.772],[5.3704,59.7746],[5.3582,59.7722],[5.3633,59.7641],[5.3897,59.7586],[5.4219,59.759],[5.4817,59.7879],[5.4978,59.8034],[5.4925,59.8237],[5.4909,59.852],[5.4891,59.861]],[[5.6192,60.0739],[5.6106,60.0734],[5.6079,60.0717],[5.6065,60.0685],[5.6021,60.0633],[5.5946,60.06],[5.5887,60.0617],[5.5833,60.065],[5.5779,60.0665],[5.513,60.0602],[5.5088,60.059],[5.4966,60.0525],[5.4925,60.0497],[5.4841,60.0464],[5.4758,60.0488],[5.4683,60.0524],[5.4617,60.0528],[5.4529,60.048],[5.4441,60.041],[5.4397,60.0324],[5.4443,60.0224],[5.4536,60.0096],[5.4494,60.005],[5.3753,60.0025],[5.3618,59.9953],[5.3724,59.9777],[5.3889,59.9663],[5.4102,59.9577],[5.4328,59.9523],[5.4543,59.951],[5.4569,59.9545],[5.4665,59.9608],[5.4768,59.963],[5.4817,59.9538],[5.4891,59.9156],[5.5081,59.8991],[5.5281,59.9018],[5.5715,59.923],[5.5916,59.9228],[5.6224,59.9112],[5.6399,59.9156],[5.6221,59.9385],[5.6061,59.9505],[5.6052,59.9622],[5.6528,60.0009],[5.6604,60.0169],[5.6604,60.0665],[5.6567,60.0788],[5.647,60.0801],[5.6192,60.0739]],[[22.4084,60.0528],[22.3872,60.0517],[22.3835,60.0618],[22.3827,60.0745],[22.3706,60.0808],[22.3548,60.0756],[22.3489,60.0632],[22.3495,60.0475],[22.3532,60.0323],[22.3597,60.0209],[22.3714,60.0045],[22.3828,59.9926],[22.388,59.9945],[22.3945,60.005],[22.4095,60.0093],[22.4256,60.0069],[22.4358,59.9975],[22.4426,59.9975],[22.448,60.0124],[22.4497,60.0295],[22.4495,60.0665],[22.4304,60.0819],[22.4118,60.0852],[22.4019,60.0758],[22.4084,60.0528]],[[20.2776,60.1422],[20.2557,60.1454],[20.2533,60.1386],[20.2639,60.1182],[20.2581,60.108],[20.2446,60.1197],[20.2224,60.1496],[20.2153,60.1357],[20.2049,60.1203],[20.1983,60.1041],[20.2019,60.0876],[20.209,60.0833],[20.2428,60.0739],[20.2523,60.0683],[20.259,60.0626],[20.2663,60.0605],[20.2776,60.0665],[20.2689,60.086],[20.2852,60.1036],[20.2976,60.1215],[20.2776,60.1422]],[[21.4966,60.1353],[21.5331,60.137],[21.549,60.1335],[21.5581,60.1216],[21.5186,60.1229],[21.4992,60.1211],[21.4823,60.1148],[21.4932,60.1102],[21.5039,60.103],[21.5144,60.0974],[21.5243,60.0978],[21.5344,60.1014],[21.5618,60.1066],[21.572,60.1074],[21.5991,60.1027],[21.6131,60.1021],[21.6263,60.1074],[21.6351,60.1162],[21.637,60.1237],[21.6302,60.1285],[21.6133,60.1291],[21.6374,60.1388],[21.6475,60.1451],[21.6543,60.1558],[21.6145,60.1689],[21.5711,60.1704],[21.5298,60.1594],[21.4966,60.1353]],[[21.7437,60.1906],[21.7235,60.1836],[21.7082,60.1718],[21.7051,60.1607],[21.7225,60.1558],[21.7225,60.1496],[21.7173,60.1484],[21.7026,60.1422],[21.7069,60.1296],[21.7044,60.1269],[21.6958,60.1216],[21.7202,60.1137],[21.7521,60.1152],[21.7832,60.1232],[21.8057,60.1353],[21.801,60.1397],[21.7966,60.1414],[21.8071,60.1425],[21.8171,60.1455],[21.8262,60.1496],[21.7915,60.1558],[21.8678,60.1558],[21.8523,60.1672],[21.846,60.1701],[21.8556,60.1741],[21.8657,60.1764],[21.8765,60.1769],[21.8877,60.1763],[21.8877,60.1837],[21.8535,60.1968],[21.7996,60.1966],[21.7437,60.1906]],[[21.3533,60.2111],[21.3064,60.2097],[21.2852,60.2038],[21.2707,60.1906],[21.2897,60.1909],[21.3008,60.1857],[21.3106,60.1794],[21.3257,60.1763],[21.3571,60.1745],[21.3722,60.1704],[21.3805,60.1627],[21.3874,60.1627],[21.3942,60.1787],[21.4094,60.1845],[21.4489,60.1837],[21.4489,60.1906],[21.3944,60.1909],[21.3689,60.1966],[21.3533,60.2111]],[[22.0589,60.2111],[22.0418,60.2114],[22.0265,60.2058],[21.9976,60.1906],[21.9502,60.1814],[21.9354,60.1763],[21.9507,60.1491],[21.9777,60.1355],[22.0093,60.1373],[22.0379,60.1558],[22.0315,60.1585],[22.0174,60.1673],[22.0112,60.1701],[22.072,60.1968],[22.0589,60.2111]],[[25.8142,60.2077],[25.8206,60.1972],[25.8356,60.196],[25.8521,60.1998],[25.8631,60.2043],[25.8762,60.2172],[25.8406,60.2188],[25.822,60.2163],[25.8142,60.2077]],[[22.2092,60.2043],[22.2323,60.185],[22.2693,60.1959],[22.2969,60.2213],[22.2918,60.2452],[22.2717,60.253],[22.2459,60.2431],[22.2224,60.2239],[22.2092,60.2043]],[[19.6395,60.2209],[19.6384,60.2316],[19.6345,60.2401],[19.6281,60.2466],[19.6084,60.2569],[19.5938,60.2605],[19.5789,60.2605],[19.5679,60.2551],[19.5604,60.249],[19.5422,60.237],[19.5371,60.2322],[19.5352,60.2221],[19.537,60.2111],[19.5373,60.2011],[19.5303,60.1937],[19.5176,60.1876],[19.5132,60.1838],[19.5139,60.1791],[19.5166,60.1701],[19.527,60.1486],[19.5446,60.1348],[19.5652,60.13],[19.5848,60.1353],[19.5996,60.1491],[19.6033,60.164],[19.5995,60.1799],[19.5916,60.1968],[19.6095,60.1875],[19.6325,60.1654],[19.647,60.1558],[19.6543,60.1575],[19.6633,60.1567],[19.6711,60.1581],[19.6743,60.1663],[19.6731,60.1842],[19.6709,60.1906],[19.6675,60.1968],[19.6605,60.2028],[19.6431,60.2134],[19.6395,60.2209]],[[20.4279,60.2657],[20.411,60.2595],[20.3796,60.2697],[20.3589,60.2657],[20.347,60.2529],[20.3454,60.2377],[20.353,60.2288],[20.3827,60.2407],[20.3875,60.233],[20.3877,60.2219],[20.3862,60.2172],[20.3855,60.2108],[20.3809,60.204],[20.3809,60.1989],[20.3929,60.1968],[20.4414,60.2452],[20.4408,60.2526],[20.439,60.2582],[20.4348,60.2624],[20.4279,60.2657]],[[20.8189,60.2322],[20.8114,60.2452],[20.824,60.2445],[20.8389,60.2468],[20.8506,60.2536],[20.853,60.2657],[20.846,60.2703],[20.8153,60.281],[20.8052,60.2862],[20.7873,60.2863],[20.7811,60.2637],[20.7905,60.2387],[20.8189,60.2322]],[[25.6223,60.2383],[25.6082,60.2224],[25.6034,60.2154],[25.6116,60.2112],[25.636,60.2043],[25.6338,60.2183],[25.6437,60.2281],[25.6599,60.2344],[25.677,60.2383],[25.6844,60.2452],[25.5983,60.2907],[25.5817,60.2964],[25.5645,60.2783],[25.5702,60.258],[25.5921,60.2426],[25.6223,60.2383]],[[22.8435,60.2418],[22.815,60.227],[22.6206,60.2111],[22.6021,60.2064],[22.5666,60.1933],[22.4665,60.1837],[22.451,60.1885],[22.4559,60.2],[22.4773,60.2247],[22.4481,60.2214],[22.4339,60.1994],[22.4261,60.1713],[22.4152,60.1496],[22.6003,60.1422],[22.6003,60.1353],[22.5008,60.1353],[22.4805,60.1323],[22.443,60.1187],[22.4221,60.1148],[22.4348,60.1051],[22.4618,60.0976],[22.4736,60.091],[22.4763,60.0822],[22.4734,60.0712],[22.4714,60.059],[22.4773,60.0466],[22.4717,60.0356],[22.4696,60.0237],[22.4699,59.9975],[22.4863,60.0019],[22.53,60.0082],[22.5462,60.0208],[22.5816,60.0386],[22.5934,60.0466],[22.5896,60.0328],[22.5808,60.0246],[22.5749,60.017],[22.5791,60.005],[22.5915,60.0109],[22.599,60.008],[22.6019,59.9985],[22.6003,59.9845],[22.6065,59.9845],[22.6053,59.9959],[22.6084,60.0001],[22.6139,60.0017],[22.6463,60.0219],[22.655,60.0323],[22.6692,60.0163],[22.6821,59.9975],[22.6948,60.0051],[22.7054,60.0069],[22.7298,60.005],[22.7351,60.0086],[22.7482,60.0262],[22.758,60.0323],[22.7458,60.0385],[22.7398,60.0401],[22.7305,60.0397],[22.7305,60.0466],[22.8132,60.0821],[22.8469,60.111],[22.833,60.1422],[22.8357,60.1459],[22.8403,60.1558],[22.825,60.1614],[22.8193,60.1627],[22.8246,60.1646],[22.8289,60.1671],[22.8335,60.1693],[22.8403,60.1701],[22.834,60.1821],[22.8335,60.1931],[22.8399,60.2011],[22.8669,60.2075],[22.8731,60.2155],[22.8775,60.2257],[22.8845,60.2353],[22.9064,60.2475],[22.9304,60.2572],[22.9495,60.2705],[22.9564,60.293],[22.9207,60.2967],[22.891,60.2855],[22.8657,60.2653],[22.8435,60.2418]],[[22.1068,60.3135],[22.0838,60.3015],[22.0767,60.2835],[22.0801,60.2695],[22.0894,60.2691],[22.1096,60.2713],[22.1369,60.2624],[22.1633,60.2592],[22.1819,60.2787],[22.1409,60.2787],[22.157,60.2817],[22.1812,60.2813],[22.2039,60.2763],[22.2166,60.2657],[22.2009,60.2543],[22.2155,60.2531],[22.261,60.2589],[22.2654,60.2601],[22.2776,60.2663],[22.2815,60.2691],[22.2898,60.2731],[22.2977,60.2707],[22.3052,60.2668],[22.3128,60.2657],[22.3318,60.2694],[22.3372,60.2745],[22.3396,60.2862],[22.3213,60.2971],[22.2498,60.3115],[22.132,60.3157],[22.1068,60.3135]],[[22.388,60.321],[22.3799,60.3061],[22.3745,60.2992],[22.3674,60.293],[22.3948,60.2932],[22.4253,60.2991],[22.4544,60.3089],[22.4773,60.321],[22.469,60.3315],[22.4575,60.3341],[22.4439,60.3332],[22.429,60.3339],[22.4016,60.3414],[22.4006,60.344],[22.4017,60.3486],[22.4019,60.3531],[22.3982,60.355],[22.3737,60.3534],[22.3503,60.3478],[22.3294,60.3373],[22.3128,60.321],[22.3506,60.3137],[22.3699,60.3145],[22.388,60.321]],[[20.2088,60.2247],[20.236,60.2322],[20.2428,60.2452],[20.2776,60.2787],[20.238,60.2816],[20.2176,60.2863],[20.2019,60.293],[20.1963,60.2903],[20.1814,60.2862],[20.1921,60.3123],[20.1781,60.323],[20.1261,60.3339],[20.1047,60.3499],[20.093,60.3551],[20.0822,60.3513],[20.072,60.3499],[20.0384,60.3596],[20.0237,60.3613],[20.0285,60.3541],[20.0368,60.3339],[20.0197,60.3463],[19.9956,60.3564],[19.97,60.3614],[19.9275,60.3564],[19.9185,60.3702],[19.9136,60.3889],[19.9064,60.4022],[19.8823,60.4056],[19.8596,60.4056],[19.8381,60.4005],[19.8176,60.3886],[19.8084,60.3786],[19.8018,60.3688],[19.793,60.3605],[19.7774,60.355],[19.802,60.3542],[19.8192,60.3468],[19.8333,60.3341],[19.8484,60.3172],[19.8577,60.3132],[19.8651,60.3196],[19.876,60.3376],[19.8851,60.3452],[19.8895,60.3447],[19.8933,60.3396],[19.9002,60.3339],[19.9129,60.3258],[19.924,60.3143],[19.9315,60.2998],[19.9343,60.2824],[19.929,60.2772],[19.9172,60.2729],[19.9055,60.2718],[19.9002,60.2756],[19.8996,60.2846],[19.8981,60.292],[19.8928,60.3066],[19.8864,60.2936],[19.8846,60.2725],[19.8797,60.2589],[19.8587,60.2452],[19.8518,60.2172],[19.8355,60.2264],[19.8176,60.2322],[19.8213,60.2225],[19.8235,60.2085],[19.8218,60.196],[19.8142,60.1906],[19.7986,60.1931],[19.792,60.2001],[19.7842,60.2247],[19.7764,60.2333],[19.7681,60.2404],[19.7651,60.249],[19.7808,60.2709],[19.7966,60.2998],[19.7863,60.3035],[19.7835,60.303],[19.7774,60.2998],[19.77,60.3033],[19.7494,60.3066],[19.7578,60.2955],[19.7629,60.2905],[19.7705,60.2862],[19.7321,60.2739],[19.7189,60.2725],[19.7093,60.2689],[19.7025,60.2601],[19.6963,60.2488],[19.6885,60.2383],[19.6914,60.2565],[19.6829,60.2644],[19.6667,60.2661],[19.647,60.2657],[19.6688,60.2247],[19.6709,60.2172],[19.6824,60.212],[19.688,60.1993],[19.6947,60.1701],[19.7103,60.1452],[19.7476,60.1014],[19.763,60.0739],[19.7734,60.0865],[19.7889,60.0963],[19.807,60.0998],[19.8245,60.0944],[19.8233,60.0843],[19.8317,60.0795],[19.8451,60.0787],[19.8587,60.0808],[19.8683,60.0855],[19.8703,60.091],[19.8733,60.0964],[19.8866,60.1012],[19.9103,60.1011],[19.924,60.0915],[19.9412,60.0602],[19.9378,60.0504],[19.9485,60.0477],[19.9582,60.0538],[19.9514,60.0701],[19.949,60.0839],[19.966,60.0911],[20.0064,60.0944],[20.0316,60.0874],[20.0448,60.0875],[20.0505,60.0978],[20.0475,60.1054],[20.0409,60.1091],[20.0342,60.1114],[20.0305,60.1148],[20.0301,60.129],[20.033,60.1444],[20.0442,60.1763],[20.0349,60.17],[20.0275,60.1633],[20.0199,60.1581],[20.01,60.1558],[20.0039,60.1589],[19.9966,60.166],[19.9873,60.173],[19.9588,60.1791],[19.9436,60.1862],[19.9297,60.1964],[19.9172,60.2077],[19.9146,60.2182],[19.9277,60.2228],[19.9548,60.2247],[19.9557,60.2128],[19.9539,60.2094],[19.948,60.2043],[19.9641,60.1948],[20.0163,60.1837],[20.0132,60.1934],[20.0149,60.2023],[20.0208,60.2104],[20.0305,60.2172],[20.013,60.2252],[19.994,60.2414],[19.9797,60.2611],[19.9759,60.2787],[20.0033,60.267],[20.0249,60.2764],[20.0339,60.2939],[20.0237,60.3066],[20.0237,60.3135],[20.0613,60.31],[20.0571,60.2932],[20.0364,60.2719],[20.0237,60.2551],[20.0319,60.2364],[20.0482,60.2265],[20.0609,60.2147],[20.0579,60.1906],[20.0647,60.1906],[20.0819,60.2234],[20.111,60.2394],[20.1477,60.2448],[20.1882,60.2452],[20.1724,60.2328],[20.1229,60.2308],[20.1023,60.2209],[20.0956,60.2109],[20.0889,60.1959],[20.0871,60.1822],[20.0955,60.1763],[20.137,60.1763],[20.1478,60.174],[20.1546,60.1697],[20.162,60.1671],[20.1746,60.1701],[20.178,60.1735],[20.1864,60.1873],[20.1917,60.1937],[20.2009,60.1994],[20.2096,60.2009],[20.2189,60.2013],[20.2297,60.2043],[20.222,60.2099],[20.2088,60.2247]],[[5.1117,60.2005],[5.1107,60.2153],[5.1082,60.2294],[5.1043,60.2417],[5.0986,60.2514],[5.0862,60.2615],[5.0584,60.2752],[5.0503,60.2862],[5.0829,60.2855],[5.0977,60.2982],[5.0938,60.3202],[5.0706,60.3476],[5.0022,60.4],[4.9819,60.4366],[4.9768,60.4412],[4.9683,60.4438],[4.9489,60.4392],[4.9446,60.4302],[4.9546,60.406],[4.9596,60.3978],[4.9685,60.3922],[4.9719,60.384],[4.9608,60.3681],[4.9651,60.3594],[4.971,60.3328],[4.9783,60.3271],[4.9937,60.3223],[5.0067,60.3132],[5.0202,60.3077],[5.0366,60.3135],[5.023,60.2862],[5.0076,60.2956],[4.9924,60.297],[4.9414,60.2912],[4.9358,60.2855],[4.9385,60.2751],[4.9479,60.2589],[4.9646,60.2432],[4.993,60.2253],[5.0174,60.2208],[5.023,60.2452],[5.0358,60.2379],[5.0466,60.2245],[5.0544,60.2085],[5.0571,60.1937],[5.0656,60.1912],[5.0843,60.189],[5.1032,60.1907],[5.1117,60.2005]],[[21.9976,60.3339],[21.9976,60.3414],[21.988,60.3413],[21.9795,60.3426],[21.9634,60.3476],[21.9733,60.3478],[21.9976,60.355],[21.9886,60.3659],[21.9749,60.3695],[21.9422,60.3681],[21.9504,60.3756],[21.9368,60.3826],[21.908,60.3904],[21.8945,60.396],[21.907,60.4018],[21.9211,60.4012],[21.9504,60.396],[21.9504,60.4022],[21.932,60.4233],[21.923,60.424],[21.9129,60.4265],[21.9046,60.4316],[21.9014,60.4404],[21.8923,60.4492],[21.8484,60.4638],[21.8324,60.4711],[21.8179,60.472],[21.8081,60.4667],[21.8019,60.4568],[21.7983,60.4438],[21.846,60.4165],[21.846,60.4097],[21.8289,60.4096],[21.8088,60.4052],[21.7922,60.397],[21.7853,60.3854],[21.7941,60.374],[21.8145,60.3642],[21.8374,60.3576],[21.8684,60.3539],[21.8792,60.3509],[21.9014,60.3414],[21.9017,60.339],[21.9007,60.3295],[21.9014,60.3271],[21.9079,60.3267],[21.9138,60.3294],[21.9187,60.3327],[21.9217,60.3339],[21.9411,60.3296],[21.9606,60.3275],[21.9797,60.3286],[21.9976,60.3339]],[[18.5501,60.3271],[18.5368,60.3444],[18.5324,60.3539],[18.5298,60.3681],[18.5078,60.356],[18.4943,60.3566],[18.4846,60.3664],[18.4745,60.3824],[18.4297,60.4299],[18.4199,60.4438],[18.4346,60.4421],[18.4579,60.4321],[18.4745,60.4308],[18.4661,60.4427],[18.4392,60.4556],[18.4268,60.4649],[18.424,60.4711],[18.4248,60.4768],[18.4268,60.4818],[18.4268,60.4854],[18.4224,60.4909],[18.411,60.5007],[18.4063,60.5058],[18.3901,60.5101],[18.3788,60.5078],[18.3752,60.5004],[18.388,60.4789],[18.3889,60.4675],[18.3849,60.4179],[18.3892,60.391],[18.4022,60.3698],[18.4588,60.3538],[18.5143,60.321],[18.5581,60.3072],[18.5669,60.3074],[18.5706,60.3172],[18.5679,60.3213],[18.5615,60.3233],[18.5547,60.3248],[18.5501,60.3271]],[[21.7259,60.4817],[21.7508,60.5017],[21.7605,60.512],[21.7642,60.5258],[21.7419,60.5264],[21.7142,60.5086],[21.6909,60.4841],[21.6817,60.4649],[21.688,60.4553],[21.7007,60.4597],[21.7151,60.4709],[21.7259,60.4817]],[[4.9778,60.5243],[4.9906,60.5062],[5.0059,60.4984],[5.0184,60.5006],[5.0316,60.5046],[5.044,60.5064],[5.0537,60.5021],[5.0581,60.492],[5.0591,60.4825],[5.0633,60.4768],[5.0781,60.478],[5.0781,60.4711],[5.0735,60.4704],[5.0706,60.4692],[5.0645,60.4649],[5.0789,60.4556],[5.1328,60.4438],[5.1193,60.4354],[5.1157,60.428],[5.1184,60.4131],[5.125,60.4024],[5.1399,60.4018],[5.1924,60.4188],[5.2044,60.4318],[5.2048,60.4492],[5.1942,60.4711],[5.1502,60.5014],[5.0264,60.5229],[4.9819,60.553],[4.9758,60.5539],[4.9709,60.5541],[4.9608,60.5599],[4.9778,60.5243]],[[21.3191,60.4817],[21.3249,60.4821],[21.3076,60.5096],[21.3049,60.5189],[21.2785,60.5423],[21.2503,60.5599],[21.2292,60.5599],[21.2385,60.5419],[21.2529,60.5314],[21.2606,60.5197],[21.2503,60.4984],[21.266,60.4901],[21.3001,60.4877],[21.3191,60.4817]],[[21.3942,60.5599],[21.3526,60.5618],[21.3338,60.5574],[21.3259,60.5432],[21.3286,60.5253],[21.3361,60.5194],[21.3469,60.5229],[21.3601,60.5332],[21.3713,60.5084],[21.3923,60.49],[21.4177,60.4777],[21.4426,60.4711],[21.4307,60.4811],[21.4336,60.4891],[21.4465,60.4934],[21.4631,60.4923],[21.4575,60.4985],[21.4563,60.5068],[21.4585,60.5161],[21.4631,60.5258],[21.4707,60.5237],[21.4748,60.5241],[21.4778,60.5252],[21.4823,60.5258],[21.4619,60.5394],[21.411,60.5429],[21.3942,60.5599]],[[21.2987,60.5673],[21.2987,60.5742],[21.2815,60.5756],[21.2783,60.5861],[21.2834,60.6009],[21.2912,60.6151],[21.2813,60.6203],[21.2749,60.6268],[21.2715,60.6345],[21.2707,60.6431],[21.2593,60.6475],[21.2533,60.6435],[21.2492,60.6357],[21.2434,60.6287],[21.2191,60.6226],[21.2139,60.6164],[21.2229,60.6015],[21.2332,60.5939],[21.2444,60.5908],[21.2644,60.5878],[21.2698,60.5817],[21.2733,60.5728],[21.281,60.5664],[21.2987,60.5673]],[[5.6877,60.6766],[5.6657,60.6888],[5.6361,60.6926],[5.6084,60.6884],[5.5916,60.6766],[5.5887,60.6655],[5.5877,60.6425],[5.5816,60.6322],[5.5697,60.6251],[5.5432,60.6174],[5.522,60.6061],[5.4754,60.5941],[5.4343,60.5778],[5.4236,60.5707],[5.4148,60.562],[5.409,60.558],[5.386,60.553],[5.3387,60.5521],[5.324,60.5468],[5.3928,60.5121],[5.4356,60.4765],[5.4443,60.4711],[5.4592,60.4665],[5.486,60.4443],[5.5021,60.437],[5.5291,60.435],[5.6089,60.4438],[5.6118,60.4481],[5.6167,60.4575],[5.6245,60.4669],[5.6365,60.4711],[5.6629,60.47],[5.676,60.4729],[5.6814,60.4817],[5.6742,60.5292],[5.674,60.5468],[5.6858,60.5959],[5.6877,60.6117],[5.6877,60.6766]],[[21.2644,60.882],[21.2752,60.8833],[21.2974,60.8791],[21.3181,60.8802],[21.3259,60.8895],[21.3279,60.9101],[21.3386,60.9167],[21.3547,60.9199],[21.3743,60.9304],[21.3371,60.9467],[21.322,60.9562],[21.3049,60.9714],[21.285,60.972],[21.27,60.968],[21.2434,60.9509],[21.2648,60.9496],[21.2832,60.9428],[21.3123,60.923],[21.3064,60.9193],[21.2974,60.9123],[21.2912,60.91],[21.2928,60.9062],[21.2938,60.903],[21.2953,60.8996],[21.2987,60.8957],[21.2766,60.8891],[21.2278,60.8997],[21.2024,60.8895],[21.2166,60.8841],[21.2317,60.882],[21.2644,60.882]],[[4.9608,61.1774],[4.9529,61.1851],[4.9435,61.1902],[4.9324,61.1923],[4.9199,61.1911],[4.9248,61.1864],[4.9297,61.1805],[4.9343,61.1774],[4.926,61.1733],[4.9186,61.1706],[4.9103,61.1694],[4.9001,61.17],[4.9033,61.1635],[4.9058,61.155],[4.9061,61.1464],[4.9032,61.1396],[4.8953,61.1374],[4.8904,61.1452],[4.8858,61.1632],[4.8728,61.1946],[4.8625,61.2034],[4.8447,61.1973],[4.87,61.1501],[4.8721,61.1365],[4.8633,61.1217],[4.8513,61.1293],[4.8306,61.1632],[4.8184,61.1554],[4.7946,61.1538],[4.7902,61.1461],[4.7912,61.1369],[4.7956,61.126],[4.7964,61.1185],[4.7953,61.0829],[4.797,61.0628],[4.8032,61.0465],[4.8119,61.0541],[4.8141,61.0615],[4.8152,61.069],[4.8206,61.0775],[4.8259,61.0794],[4.8556,61.0965],[4.8584,61.1011],[4.8755,61.0898],[4.8848,61.0698],[4.8938,61.0561],[4.9097,61.0639],[4.9265,61.0759],[4.9679,61.0923],[4.9854,61.1049],[4.9873,61.1197],[4.9608,61.1774]],[[4.8652,61.8894],[4.8649,61.873],[4.8464,61.8625],[4.822,61.8534],[4.8032,61.8416],[4.8294,61.8342],[4.8981,61.8271],[4.9268,61.8279],[4.9141,61.8161],[4.9075,61.8112],[4.9001,61.8074],[4.8807,61.8144],[4.8708,61.8134],[4.8721,61.8006],[4.8897,61.7851],[4.9163,61.781],[5.013,61.7958],[5.0534,61.8088],[5.0906,61.8281],[5.126,61.8559],[5.1375,61.8474],[5.1387,61.8373],[5.1318,61.8278],[5.1184,61.8211],[5.1766,61.8257],[5.2054,61.8339],[5.2228,61.8485],[4.953,61.897],[4.9095,61.8982],[4.8652,61.8894]],[[5.7361,62.2805],[5.7266,62.2818],[5.7186,62.2855],[5.7117,62.291],[5.7048,62.2975],[5.6965,62.3017],[5.6878,62.3],[5.6792,62.2962],[5.6706,62.2941],[5.5985,62.297],[5.5632,62.2914],[5.5437,62.273],[5.5491,62.2698],[5.552,62.2667],[5.5542,62.2634],[5.5573,62.26],[5.5394,62.2582],[5.5238,62.251],[5.5181,62.2431],[5.53,62.2394],[5.5684,62.2363],[5.5886,62.232],[5.6057,62.2258],[5.5833,62.2184],[5.5021,62.2258],[5.5139,62.2202],[5.5188,62.2127],[5.5225,62.2048],[5.53,62.1978],[5.5378,62.1949],[5.5469,62.1927],[5.7014,62.1911],[5.7783,62.2074],[5.7907,62.215],[5.7917,62.2191],[5.7975,62.232],[5.7949,62.2309],[5.7903,62.2339],[5.7858,62.2385],[5.7839,62.2426],[5.7853,62.2517],[5.7893,62.2589],[5.7957,62.264],[5.8045,62.2668],[5.8011,62.2774],[5.7813,62.2812],[5.7361,62.2805]],[[5.9886,62.3965],[5.9675,62.4173],[5.9439,62.428],[5.917,62.4299],[5.8862,62.4238],[5.862,62.4156],[5.8366,62.4032],[5.8156,62.3857],[5.8045,62.3624],[5.8112,62.3435],[5.8288,62.3295],[5.8411,62.3131],[5.8317,62.2866],[5.8371,62.2856],[5.8464,62.2817],[5.8516,62.2805],[5.841,62.2698],[5.818,62.2567],[5.8113,62.2457],[5.874,62.2554],[6.0371,62.335],[6.0574,62.3409],[6.068,62.3421],[6.0788,62.3419],[6.0663,62.3482],[6.0267,62.3602],[6.013,62.3624],[5.9995,62.3661],[5.9945,62.3752],[5.9927,62.3863],[5.9886,62.3965]],[[6.263,62.4238],[6.2166,62.4414],[6.2017,62.4449],[6.0234,62.4374],[6.0907,62.4024],[6.165,62.3966],[6.3184,62.404],[6.322,62.4066],[6.3247,62.4091],[6.3276,62.4107],[6.3325,62.4108],[6.3213,62.4228],[6.3032,62.4252],[6.263,62.4238]],[[6.8528,62.7459],[6.744,62.7229],[6.7156,62.7255],[6.7224,62.7329],[6.7031,62.7358],[6.6847,62.7302],[6.6748,62.7172],[6.6814,62.6982],[6.6736,62.6925],[6.6653,62.6883],[6.6563,62.6857],[6.6467,62.6845],[6.6467,62.6783],[6.6563,62.6774],[6.6628,62.6751],[6.6665,62.6699],[6.6677,62.6606],[6.6724,62.656],[6.683,62.6575],[6.7492,62.6765],[6.9141,62.6982],[6.9194,62.7172],[6.9045,62.7326],[6.8789,62.7427],[6.8528,62.7459]],[[6.8323,62.8415],[6.8057,62.8544],[6.79,62.8577],[6.7776,62.8489],[6.7775,62.8398],[6.785,62.8322],[6.8042,62.8223],[6.785,62.8239],[6.7722,62.8222],[6.7704,62.817],[6.7844,62.808],[6.8397,62.7944],[6.8688,62.7798],[6.8867,62.7751],[6.9006,62.7801],[6.9038,62.7904],[6.8986,62.7991],[6.8892,62.8054],[6.8801,62.808],[6.8963,62.8198],[6.9421,62.8259],[6.9421,62.8415],[6.9243,62.8566],[6.8937,62.8539],[6.8599,62.845],[6.8323,62.8415]],[[7.7782,63.0817],[7.7332,63.0955],[7.7264,63.0938],[7.7205,63.0904],[7.7127,63.0886],[7.7088,63.0832],[7.7064,63.0717],[7.6991,63.062],[7.6813,63.0613],[7.6813,63.0551],[7.7351,63.036],[7.7537,63.0334],[7.7575,63.0314],[7.7704,63.0229],[7.7782,63.0202],[7.7879,63.0207],[7.8058,63.0258],[7.843,63.0322],[7.8734,63.0451],[7.8999,63.0627],[7.9147,63.0817],[7.8867,63.0998],[7.8486,63.098],[7.7782,63.0817]],[[7.6404,63.0551],[7.6496,63.0694],[7.6504,63.0805],[7.6482,63.0925],[7.6478,63.1097],[7.6371,63.1158],[7.6206,63.1176],[7.5851,63.1165],[7.6055,63.0899],[7.6061,63.0784],[7.5956,63.0646],[7.5891,63.0629],[7.5741,63.057],[7.5632,63.0506],[7.575,63.0443],[7.5754,63.0363],[7.5715,63.0273],[7.5652,63.0202],[7.527,63.0466],[7.5049,63.0544],[7.4764,63.0551],[7.4902,63.0681],[7.4236,63.061],[7.4014,63.0613],[7.4014,63.0551],[7.4109,63.0549],[7.419,63.0535],[7.4356,63.0476],[7.4207,63.0432],[7.4173,63.036],[7.423,63.0277],[7.4356,63.0202],[7.3967,63.0126],[7.3757,63.006],[7.3665,62.9967],[7.3745,62.987],[7.3929,62.9796],[7.4653,62.9655],[7.473,62.9622],[7.4893,62.9473],[7.4902,62.9452],[7.5088,62.9429],[7.5265,62.946],[7.5989,62.9751],[7.6096,62.9827],[7.624,62.9897],[7.6644,62.9931],[7.6817,62.9967],[7.7063,63.0067],[7.6976,63.0095],[7.6813,63.0202],[7.6626,63.0425],[7.652,63.052],[7.6404,63.0551]],[[8.1133,63.2394],[8.0778,63.2412],[8.0471,63.2306],[7.9905,63.1984],[7.9378,63.1861],[7.9284,63.1779],[7.9768,63.1432],[8.0202,63.1379],[8.1885,63.1575],[8.1885,63.1649],[8.1823,63.1672],[8.168,63.1779],[8.1707,63.1914],[8.1556,63.2109],[8.1328,63.2292],[8.1133,63.2394]],[[8.4839,63.2468],[8.4592,63.2734],[8.446,63.2837],[8.4287,63.2878],[8.4105,63.2834],[8.4014,63.272],[8.4007,63.2564],[8.4082,63.2394],[8.396,63.2269],[8.3821,63.2367],[8.3678,63.2549],[8.3535,63.2673],[8.345,63.2666],[8.3357,63.2623],[8.3259,63.2596],[8.3157,63.2639],[8.3079,63.2702],[8.2986,63.2751],[8.2884,63.2772],[8.2778,63.2748],[8.273,63.2675],[8.2703,63.2432],[8.2642,63.2326],[8.2928,63.2161],[8.3449,63.1765],[8.374,63.1649],[8.4232,63.1611],[8.5658,63.1779],[8.5747,63.1996],[8.548,63.2189],[8.4839,63.2468]],[[21.4221,63.2468],[21.3963,63.2607],[21.356,63.2607],[21.3158,63.2519],[21.2912,63.2394],[21.2904,63.2342],[21.2946,63.2289],[21.2979,63.223],[21.2949,63.2158],[21.2868,63.2114],[21.2795,63.2131],[21.2722,63.2171],[21.2644,63.2195],[21.2095,63.2214],[21.1951,63.2258],[21.1989,63.2302],[21.1995,63.2303],[21.1979,63.2316],[21.1951,63.2394],[21.2152,63.2639],[21.2272,63.2716],[21.2434,63.2748],[21.2434,63.281],[21.1995,63.2807],[21.1594,63.2737],[21.1203,63.272],[21.0789,63.2878],[21.0818,63.2773],[21.0965,63.2455],[21.1028,63.236],[21.1131,63.2275],[21.1416,63.2107],[21.1546,63.2059],[21.1546,63.1984],[21.1336,63.1984],[21.1472,63.1822],[21.1616,63.182],[21.1758,63.1883],[21.1888,63.1916],[21.2074,63.1833],[21.2192,63.1696],[21.2311,63.1584],[21.2434,63.1507],[21.2835,63.1519],[21.3015,63.1562],[21.3185,63.1649],[21.2982,63.1702],[21.2912,63.1711],[21.2912,63.1779],[21.3628,63.2062],[21.3805,63.2059],[21.3639,63.1937],[21.3775,63.1901],[21.4046,63.1925],[21.4284,63.1984],[21.4196,63.2087],[21.4148,63.2204],[21.4152,63.2335],[21.4221,63.2468]],[[21.3185,63.2878],[21.3582,63.3157],[21.3739,63.3334],[21.3743,63.3493],[21.346,63.3638],[21.311,63.3556],[21.2766,63.3408],[21.2503,63.335],[21.2388,63.3344],[21.2341,63.3328],[21.2292,63.3288],[21.2775,63.3015],[21.2927,63.3022],[21.3059,63.3059],[21.3153,63.304],[21.3185,63.2878]],[[7.9147,63.3425],[7.9331,63.3348],[7.9738,63.3259],[7.9768,63.3151],[7.994,63.3156],[8.0225,63.3261],[8.0383,63.3288],[8.0867,63.3288],[8.0915,63.3312],[8.0947,63.3392],[8.0998,63.3425],[8.1275,63.3476],[8.1384,63.3509],[8.1509,63.3598],[8.1817,63.3902],[8.172,63.4061],[8.1244,63.426],[8.1008,63.4641],[8.0706,63.4733],[8.0041,63.4728],[7.9754,63.4652],[7.9238,63.4373],[7.8976,63.4312],[7.8377,63.4288],[7.8094,63.4229],[7.7782,63.4113],[7.7874,63.4056],[7.7912,63.4039],[7.7868,63.3828],[7.8063,63.3713],[7.9639,63.3532],[7.9973,63.3425],[7.933,63.3461],[7.9147,63.3425]],[[9.1387,63.5678],[9.1267,63.5691],[9.1243,63.5726],[9.1247,63.5771],[9.1213,63.582],[9.0801,63.6062],[9.0487,63.608],[9.0151,63.5972],[8.9883,63.5928],[8.9744,63.6203],[8.9606,63.6247],[8.9569,63.6304],[8.9596,63.6343],[8.966,63.64],[8.973,63.6444],[8.9773,63.6441],[8.9652,63.6562],[8.9517,63.6574],[8.9187,63.6509],[8.8853,63.6493],[8.8682,63.6462],[8.8607,63.6403],[8.8594,63.6282],[8.8547,63.6198],[8.8464,63.6159],[8.8333,63.6168],[8.8276,63.6396],[8.7883,63.64],[8.6211,63.6099],[8.5825,63.6136],[8.5647,63.6119],[8.5453,63.6025],[8.5846,63.5871],[8.6818,63.5788],[8.7235,63.5678],[8.7095,63.5636],[8.6911,63.5634],[8.618,63.5707],[8.4354,63.5622],[8.4133,63.5578],[8.3172,63.5132],[8.301,63.5014],[8.2884,63.4867],[8.2778,63.4665],[8.2847,63.4665],[8.2824,63.4551],[8.2883,63.4486],[8.2993,63.4455],[8.3127,63.4449],[8.3185,63.4471],[8.3213,63.452],[8.3249,63.4569],[8.333,63.4591],[8.3396,63.4582],[8.3429,63.4559],[8.3445,63.4536],[8.346,63.4523],[8.3903,63.4338],[8.4085,63.4312],[8.4771,63.4312],[8.5036,63.4342],[8.5733,63.4591],[8.6623,63.4683],[8.718,63.484],[8.8586,63.487],[9.1068,63.5333],[9.1419,63.5548],[9.176,63.5622],[9.176,63.5678],[9.1387,63.5678]],[[20.8392,63.7676],[20.8519,63.7717],[20.8635,63.7735],[20.8732,63.7707],[20.8809,63.7607],[20.8735,63.754],[20.9204,63.7737],[20.9046,63.7935],[20.8649,63.7968],[20.8392,63.7676]],[[8.3604,63.6714],[8.4143,63.6828],[8.4417,63.685],[8.4559,63.6776],[8.4705,63.6845],[8.5256,63.6918],[8.4559,63.6714],[8.4758,63.6643],[8.5453,63.6776],[8.7434,63.6879],[8.792,63.6981],[8.8259,63.7198],[8.8255,63.7341],[8.8221,63.7427],[8.8174,63.7502],[8.8128,63.7607],[8.8107,63.7816],[8.8053,63.791],[8.7918,63.7949],[8.7918,63.8017],[8.7969,63.805],[8.7998,63.8082],[8.8021,63.8116],[8.8054,63.8154],[8.7874,63.8124],[8.7693,63.8055],[8.7525,63.8019],[8.7372,63.8091],[8.6823,63.7801],[8.6751,63.7676],[8.6902,63.7742],[8.7085,63.7792],[8.7273,63.78],[8.7434,63.7744],[8.5181,63.7198],[8.3316,63.7018],[8.2717,63.685],[8.2931,63.6733],[8.3135,63.6682],[8.3352,63.6682],[8.3604,63.6714]],[[11.2863,64.559],[11.2694,64.5922],[11.2293,64.6113],[11.1423,64.631],[11.106,64.6463],[11.0858,64.652],[11.0666,64.6514],[11.054,64.6439],[11.0427,64.6304],[11.0374,64.6144],[11.043,64.5999],[11.084,64.5883],[11.1917,64.5956],[11.2249,64.5695],[11.1699,64.574],[11.1416,64.5713],[11.1287,64.5559],[11.1802,64.5075],[11.2469,64.5153],[11.2839,64.5133],[11.3,64.4969],[11.3158,64.488],[11.3914,64.4827],[11.4168,64.4727],[11.4307,64.4968],[11.439,64.5069],[11.4514,64.515],[11.4256,64.5397],[11.3122,64.5401],[11.2863,64.559]],[[11.0911,64.9016],[11.0921,64.8896],[11.0803,64.8751],[11.0625,64.8627],[11.0461,64.8576],[11.0461,64.8501],[11.0567,64.8532],[11.0676,64.8547],[11.0779,64.8539],[11.0877,64.8501],[11.085,64.8461],[11.0809,64.8358],[11.1322,64.8389],[11.1763,64.8486],[11.2171,64.8658],[11.259,64.8911],[11.2624,64.892],[11.2651,64.8922],[11.2664,64.8937],[11.2658,64.8985],[11.2069,64.9091],[11.1976,64.9152],[11.1926,64.924],[11.1808,64.9318],[11.1672,64.9373],[11.141,64.9416],[11.1164,64.9511],[11.1013,64.9531],[11.089,64.9504],[10.8269,64.8576],[10.8269,64.8501],[10.8501,64.8493],[10.8792,64.8516],[10.9069,64.8574],[10.9403,64.8748],[11.0057,64.8985],[11.0813,64.8983],[11.0911,64.9016]],[[10.8412,64.8774],[10.8989,64.9083],[10.965,64.9187],[11.1052,64.9677],[11.1087,64.9682],[11.1118,64.9695],[11.115,64.973],[11.0925,64.9839],[11.0593,64.9904],[11.0335,64.9882],[11.0325,64.973],[10.9634,64.9575],[10.9245,64.9418],[10.8718,64.9277],[10.8514,64.9252],[10.7839,64.924],[10.7656,64.9184],[10.7505,64.904],[10.7412,64.8871],[10.7305,64.8722],[10.7109,64.8637],[10.7451,64.8637],[10.7422,64.8598],[10.7381,64.8501],[10.8169,64.8686],[10.8412,64.8774]],[[24.9934,65.0551],[24.9363,65.0591],[24.9065,65.0605],[24.8828,65.0591],[24.873,65.0658],[24.897,65.0724],[24.8831,65.0869],[24.8345,65.0948],[24.7409,65.0833],[24.6542,65.0802],[24.5858,65.0494],[24.5628,65.0372],[24.5699,65.0229],[24.579,65.0095],[24.5974,64.9925],[24.6316,64.9678],[24.6584,64.972],[24.6839,64.9966],[24.6975,64.9866],[24.7061,64.9765],[24.7106,64.973],[24.7007,64.9582],[24.7131,64.9517],[24.7347,64.9509],[24.7521,64.9531],[24.7611,64.9564],[24.7713,64.9639],[24.7801,64.9668],[24.7928,64.9677],[24.8047,64.9672],[24.8161,64.9681],[24.8273,64.973],[24.8124,64.9792],[24.7508,64.976],[24.7224,65.0035],[24.8016,65.0243],[24.8197,65.0433],[24.8774,65.0453],[24.9622,65.0348],[25.028,65.0346],[25.0618,65.0435],[25.0336,65.0575],[24.9934,65.0551]],[[12.2249,65.1238],[12.2586,65.1479],[12.2717,65.1646],[12.241,65.1787],[12.208,65.2073],[12.1909,65.2138],[12.1672,65.2111],[12.1398,65.2038],[12.1139,65.1926],[12.0951,65.1784],[12.0967,65.175],[12.0946,65.1617],[12.0911,65.1485],[12.0881,65.1449],[12.0928,65.1356],[12.0984,65.1303],[12.1076,65.129],[12.1223,65.1313],[12.0998,65.1234],[12.0606,65.1176],[12.0435,65.107],[12.0431,65.0997],[12.0481,65.0917],[12.0483,65.0854],[12.0334,65.0828],[11.9937,65.0867],[11.979,65.0828],[11.9998,65.0751],[12.0477,65.0695],[12.0708,65.0692],[12.0915,65.0666],[12.1328,65.0565],[12.1565,65.0555],[12.2312,65.0685],[12.2703,65.0807],[12.3005,65.0965],[12.3091,65.1106],[12.2845,65.1165],[12.2492,65.1192],[12.2249,65.1238]],[[12.4514,65.4261],[12.4465,65.4384],[12.4465,65.4585],[12.4446,65.467],[12.3973,65.5076],[12.3865,65.5142],[12.3353,65.5273],[12.3247,65.5319],[12.3159,65.5411],[12.2974,65.5661],[12.2743,65.5817],[12.2586,65.5746],[12.2444,65.5588],[12.2249,65.549],[12.2298,65.5471],[12.2385,65.5426],[12.2453,65.5415],[12.2404,65.5261],[12.2302,65.5123],[12.2044,65.4875],[12.2322,65.4875],[12.1974,65.4739],[12.229,65.4685],[12.2586,65.473],[12.3142,65.4949],[12.3148,65.4874],[12.3171,65.4808],[12.3215,65.4743],[12.3285,65.467],[12.2678,65.4494],[12.2112,65.4261],[12.1748,65.402],[12.1608,65.3958],[12.1659,65.3908],[12.174,65.3863],[12.177,65.3851],[12.1838,65.3835],[12.2112,65.3851],[12.2112,65.3776],[12.2025,65.3718],[12.1878,65.3546],[12.1807,65.351],[12.1712,65.3532],[12.1551,65.3625],[12.1428,65.364],[12.1222,65.3573],[12.1091,65.343],[12.0973,65.3253],[12.0807,65.3088],[12.0901,65.3043],[12.1004,65.3022],[12.1112,65.3017],[12.1223,65.3026],[12.0947,65.2558],[12.0773,65.2336],[12.0535,65.22],[12.0806,65.215],[12.1838,65.2473],[12.1939,65.2517],[12.221,65.2709],[12.2356,65.2752],[12.2477,65.2805],[12.2363,65.2913],[12.2186,65.301],[12.2112,65.3026],[12.2043,65.3193],[12.2111,65.3247],[12.239,65.3225],[12.3364,65.3315],[12.3526,65.3363],[12.3667,65.3439],[12.3796,65.3541],[12.3924,65.3602],[12.4446,65.3708],[12.4588,65.3823],[12.4919,65.3875],[12.5066,65.3981],[12.4905,65.3976],[12.4749,65.4029],[12.4617,65.4128],[12.4514,65.4261]],[[12.0051,65.6896],[11.9979,65.7001],[11.9821,65.6999],[11.965,65.6962],[11.9544,65.6964],[11.9261,65.7087],[11.891,65.7062],[11.8245,65.693],[11.8083,65.6831],[11.785,65.6603],[11.7651,65.635],[11.7593,65.6179],[11.7798,65.607],[11.8474,65.6142],[11.8692,65.6104],[11.8486,65.6042],[11.8594,65.5984],[11.8685,65.5991],[11.8779,65.6022],[11.8899,65.6042],[11.8987,65.6013],[11.9027,65.5954],[11.9071,65.5903],[11.9168,65.59],[11.9266,65.5963],[11.9583,65.6227],[11.9714,65.6315],[11.9761,65.6416],[11.973,65.6496],[11.9579,65.665],[11.9868,65.6719],[11.9998,65.678],[12.0051,65.6896]],[[12.698,65.9977],[12.6795,65.9888],[12.6582,65.9813],[12.636,65.9761],[12.6152,65.9742],[12.6086,65.9799],[12.6203,65.9931],[12.6501,66.0151],[12.6272,66.023],[12.6013,66.0217],[12.4912,65.9906],[12.4724,65.9809],[12.4614,65.97],[12.4439,65.944],[12.4309,65.9326],[12.3836,65.9065],[12.3688,65.8916],[12.4787,65.8984],[12.4707,65.8875],[12.4583,65.8825],[12.4442,65.8787],[12.4309,65.8711],[12.4658,65.8733],[12.4927,65.8798],[12.6234,65.9421],[12.6748,65.9522],[12.7341,65.9756],[12.8577,66.0005],[12.8901,66.0015],[12.9038,66.0151],[12.86,66.0268],[12.8003,66.0248],[12.7409,66.0136],[12.698,65.9977]],[[12.5742,66.0759],[12.5901,66.0849],[12.6003,66.0887],[12.6404,66.0903],[12.6496,66.0942],[12.6569,66.1039],[12.6467,66.1132],[12.6284,66.1149],[12.5879,66.1113],[12.5879,66.1175],[12.6057,66.1227],[12.6219,66.1312],[12.547,66.1312],[12.547,66.1386],[12.5905,66.1476],[12.6118,66.1568],[12.6121,66.1694],[12.6043,66.1811],[12.6008,66.1937],[12.5952,66.205],[12.5817,66.2138],[12.5617,66.2211],[12.5514,66.2204],[12.543,66.202],[12.5339,66.1989],[12.5227,66.1981],[12.4309,66.1728],[12.4309,66.166],[12.4656,66.1743],[12.5042,66.1758],[12.5422,66.1706],[12.5742,66.1585],[12.523,66.1407],[12.4875,66.1351],[12.4802,66.1269],[12.4777,66.1177],[12.4724,66.1113],[12.4567,66.1072],[12.4002,66.1039],[12.386,66.1009],[12.3573,66.0873],[12.3421,66.0834],[12.3421,66.0759],[12.3617,66.0771],[12.398,66.0876],[12.4172,66.0902],[12.4297,66.0871],[12.4204,66.0799],[12.3933,66.0666],[12.3801,66.0566],[12.3657,66.0516],[12.3506,66.048],[12.3347,66.0424],[12.2942,66.0151],[12.5334,66.0607],[12.5742,66.0759]],[[14.2737,67.1658],[14.2468,67.1737],[14.2196,67.156],[14.1941,67.1295],[14.1719,67.1113],[14.1522,67.1071],[14.1338,67.1101],[14.0669,67.135],[14.0573,67.133],[14.062,67.1187],[14.0308,67.098],[14.0134,67.0899],[13.993,67.0839],[13.993,67.0777],[14.0676,67.0696],[14.1001,67.0617],[14.1405,67.036],[14.147,67.0327],[14.1504,67.0269],[14.1514,67.0119],[14.1582,67.0014],[14.1741,66.9999],[14.1922,67.0036],[14.2059,67.0089],[14.2044,67.0118],[14.2012,67.0189],[14.1985,67.0225],[14.2151,67.0324],[14.2127,67.0492],[14.1924,67.0839],[14.2176,67.0981],[14.2396,67.1155],[14.2586,67.1376],[14.2737,67.1658]],[[13.0547,68.0981],[13.0597,68.0953],[13.0685,68.0884],[13.075,68.0851],[13.0623,68.0709],[13.0471,68.0647],[13.0137,68.0572],[12.9901,68.0447],[12.9792,68.0365],[12.9312,67.989],[12.9295,67.9836],[12.9303,67.9706],[12.9277,67.9647],[12.9212,67.9612],[12.9069,67.9608],[12.9002,67.9578],[12.8931,67.9484],[12.8892,67.9287],[12.8796,67.9169],[12.8584,67.8991],[12.8496,67.8898],[12.8416,67.8791],[12.8416,67.8743],[12.847,67.861],[12.8485,67.8548],[12.8457,67.8528],[12.8311,67.8455],[12.7944,67.8206],[12.7871,67.8101],[12.842,67.8156],[12.8709,67.8251],[12.8833,67.8415],[12.8973,67.8559],[12.9927,67.8722],[13.0137,67.8791],[13.0153,67.882],[13.016,67.8867],[13.0179,67.8909],[13.0331,67.8965],[13.0423,67.9053],[13.0466,67.9155],[13.0413,67.9234],[13.0241,67.9287],[12.9893,67.931],[12.972,67.9343],[12.9602,67.941],[12.9611,67.9467],[12.9709,67.9495],[12.9857,67.9479],[12.9768,67.9695],[12.9954,67.9648],[13.0404,67.9405],[13.0564,67.9388],[13.1058,67.9405],[13.1239,67.944],[13.1309,67.9526],[13.1309,67.9639],[13.126,67.987],[13.1174,68.0041],[13.1108,68.0283],[13.0998,68.0254],[13.0863,68.0154],[13.075,68.0094],[13.0593,68.0111],[13.0503,68.0165],[13.0503,68.0246],[13.0614,68.0333],[13.0812,68.0374],[13.1016,68.0365],[13.1206,68.0382],[13.1366,68.0504],[13.0956,68.0504],[13.0956,68.0572],[13.1091,68.059],[13.1216,68.0623],[13.1333,68.0682],[13.1434,68.0776],[13.157,68.0776],[13.157,68.0851],[13.0796,68.1042],[13.0547,68.105],[13.0547,68.0981]],[[13.2805,68.1291],[13.294,68.1184],[13.3202,68.1042],[13.3386,68.086],[13.3284,68.0634],[13.3122,68.0583],[13.2981,68.0655],[13.2769,68.0882],[13.2583,68.0956],[13.2393,68.0921],[13.178,68.0595],[13.1685,68.0498],[13.1638,68.0367],[13.1637,68.0256],[13.1663,68.0154],[13.1727,68.009],[13.1843,68.0094],[13.1934,68.0168],[13.1936,68.0258],[13.197,68.0334],[13.2155,68.0367],[13.2214,68.0321],[13.2244,68.0214],[13.2254,67.9988],[13.2386,67.9855],[13.2691,67.9978],[13.3215,68.0299],[13.3333,68.0264],[13.3567,68.0106],[13.3662,68.0128],[13.3716,68.0217],[13.3801,68.0455],[13.3799,68.0504],[13.3958,68.0602],[13.4137,68.083],[13.4377,68.126],[13.4281,68.1303],[13.409,68.1432],[13.4004,68.1459],[13.3306,68.1557],[13.2957,68.1523],[13.2805,68.1291]],[[15.0005,68.3651],[15.0023,68.3681],[15.0017,68.3731],[15.0039,68.3776],[15.0142,68.3793],[15.0188,68.3765],[15.0188,68.3704],[15.0164,68.3636],[15.0142,68.3588],[15.0342,68.3635],[15.1546,68.4387],[15.1724,68.4544],[15.1014,68.4537],[15.0633,68.4487],[15.0098,68.428],[14.9299,68.4373],[14.8975,68.4339],[14.8845,68.4198],[14.8804,68.386],[14.8701,68.3793],[14.8401,68.3745],[14.7835,68.3542],[14.7541,68.3514],[14.7541,68.3588],[14.822,68.3898],[14.8255,68.3951],[14.8224,68.4097],[14.8145,68.4192],[14.7964,68.4267],[14.7609,68.4339],[14.7424,68.4335],[14.7264,68.43],[14.7141,68.4233],[14.7057,68.4135],[14.7093,68.3888],[14.7075,68.3779],[14.6958,68.3825],[14.6782,68.3957],[14.6732,68.4036],[14.6716,68.4169],[14.6535,68.4285],[14.5418,68.406],[14.553,68.394],[14.5818,68.3811],[14.5896,68.3651],[14.563,68.3682],[14.5193,68.3823],[14.4934,68.3856],[14.3836,68.3725],[14.3962,68.3672],[14.4382,68.3588],[14.4358,68.3443],[14.444,68.3373],[14.4562,68.3374],[14.4661,68.3445],[14.4839,68.3306],[14.4964,68.3163],[14.4956,68.3061],[14.4729,68.3042],[14.4535,68.3145],[14.4427,68.3184],[14.4382,68.3142],[14.4317,68.3054],[14.4194,68.3011],[14.4134,68.2973],[14.4251,68.2906],[14.4251,68.2831],[14.3953,68.2873],[14.3579,68.3205],[14.3283,68.324],[14.3034,68.312],[14.2967,68.2932],[14.3059,68.2745],[14.3283,68.2626],[14.2888,68.2619],[14.2703,68.2581],[14.2532,68.2496],[14.2742,68.237],[14.3015,68.2358],[14.3562,68.2421],[14.318,68.2323],[14.2349,68.22],[14.1985,68.2012],[14.2018,68.1949],[14.2061,68.1894],[14.2118,68.1845],[14.219,68.1807],[14.2197,68.176],[14.2184,68.1745],[14.216,68.1743],[14.2127,68.1733],[14.2088,68.1686],[14.1985,68.1528],[14.2129,68.1528],[14.2471,68.1584],[14.277,68.1678],[14.3122,68.168],[14.3283,68.1733],[14.326,68.1769],[14.322,68.1869],[14.3381,68.1867],[14.3684,68.1811],[14.3836,68.1807],[14.3914,68.1833],[14.4071,68.1924],[14.4182,68.1943],[14.4982,68.1967],[14.5213,68.2012],[14.5555,68.2152],[14.572,68.2199],[14.6149,68.2246],[14.6565,68.2408],[14.6716,68.2496],[14.6301,68.2578],[14.6238,68.2626],[14.6286,68.2679],[14.6394,68.2724],[14.6511,68.2757],[14.6753,68.2794],[14.6939,68.2862],[14.7031,68.2968],[14.6921,68.3104],[14.7097,68.3329],[14.7188,68.3376],[14.7337,68.3377],[14.7412,68.3328],[14.7472,68.3242],[14.7566,68.3174],[14.7746,68.3179],[14.7386,68.2958],[14.7229,68.2796],[14.72,68.2626],[14.7355,68.2549],[14.7632,68.259],[14.9363,68.3279],[14.9793,68.3377],[14.9632,68.3454],[14.9453,68.3514],[15.0005,68.3651]],[[16.4229,68.4919],[16.419,68.5001],[16.4167,68.5105],[16.4121,68.5195],[16.4024,68.5233],[16.3888,68.5255],[16.3587,68.5349],[16.3436,68.537],[16.2217,68.5237],[16.1921,68.515],[16.169,68.4991],[16.1377,68.4687],[16.1177,68.4339],[16.1447,68.4285],[16.1585,68.4273],[16.1724,68.4277],[16.1154,68.4103],[16.0949,68.3975],[16.1177,68.3856],[16.1235,68.3792],[16.1413,68.384],[16.1792,68.3998],[16.2307,68.4096],[16.3986,68.4135],[16.4141,68.4184],[16.4053,68.4294],[16.3864,68.4411],[16.3716,68.4476],[16.3921,68.456],[16.4431,68.4626],[16.4666,68.4687],[16.4556,68.4765],[16.4328,68.4853],[16.4229,68.4919]],[[17.0529,68.8175],[17.027,68.847],[17.022,68.8489],[17.0156,68.86],[17.001,68.8586],[16.9743,68.8454],[16.911,68.7971],[16.8779,68.7875],[16.8442,68.7733],[16.8372,68.7666],[16.8352,68.7563],[16.8303,68.7471],[16.8236,68.74],[16.8167,68.7356],[16.841,68.7254],[17.105,68.758],[17.1457,68.7703],[17.1316,68.7834],[17.0734,68.8121],[17.0529,68.8175]],[[17.2064,68.8933],[17.2205,68.8822],[17.2648,68.8687],[17.2822,68.8585],[17.2559,68.8554],[17.2259,68.8614],[17.1966,68.8728],[17.1724,68.8858],[17.1312,68.9154],[17.1045,68.925],[17.0835,68.9138],[17.0872,68.8985],[17.1096,68.8862],[17.1587,68.8659],[17.1724,68.848],[17.1782,68.815],[17.1934,68.8039],[17.2236,68.793],[17.2622,68.7936],[17.2998,68.8037],[17.349,68.8351],[17.4404,68.8659],[17.4055,68.8923],[17.3643,68.9093],[17.3197,68.9184],[17.2249,68.9211],[17.2053,68.9133],[17.2064,68.8933]],[[16.5286,68.722],[16.5337,68.7411],[16.5257,68.7526],[16.5261,68.761],[16.5559,68.7703],[16.5467,68.7827],[16.5306,68.789],[16.512,68.791],[16.4945,68.7902],[16.5055,68.8032],[16.5398,68.815],[16.5559,68.8249],[16.5304,68.826],[16.4556,68.8153],[16.4398,68.8281],[16.4404,68.8424],[16.4388,68.8496],[16.43,68.852],[16.391,68.8544],[16.3146,68.8701],[16.2546,68.9032],[16.2468,68.9],[16.2495,68.8842],[16.2625,68.8667],[16.2953,68.8549],[16.294,68.8474],[16.284,68.8403],[16.2679,68.8386],[16.2536,68.843],[16.2246,68.856],[16.207,68.8585],[16.1917,68.8572],[16.1074,68.8361],[16.0972,68.8312],[16.0889,68.8149],[16.0946,68.8017],[16.1086,68.7914],[16.1239,68.784],[16.1789,68.7717],[16.201,68.7607],[16.2132,68.7356],[16.1074,68.7407],[16.0762,68.7356],[16.0681,68.7313],[16.0454,68.7151],[16.0332,68.7114],[16.0389,68.7034],[16.0506,68.696],[16.0557,68.694],[16.0811,68.6725],[16.09,68.6562],[16.083,68.6387],[16.0613,68.6303],[16.0454,68.643],[16.0278,68.6741],[16.0051,68.6776],[15.9782,68.6715],[15.9321,68.653],[15.8586,68.6342],[15.8366,68.6257],[15.8167,68.6108],[15.8151,68.5981],[15.819,68.5838],[15.8162,68.5643],[15.8029,68.5513],[15.781,68.5412],[15.7404,68.5301],[15.7526,68.5457],[15.7666,68.5538],[15.7778,68.5622],[15.7819,68.5786],[15.7771,68.592],[15.7692,68.6032],[15.7658,68.6157],[15.7744,68.6326],[15.7933,68.643],[15.8479,68.6483],[15.8708,68.653],[15.8787,68.6579],[15.8952,68.6716],[15.9048,68.6776],[15.9153,68.681],[15.9245,68.6821],[15.9331,68.6841],[15.9424,68.6906],[15.9539,68.7048],[15.9712,68.7322],[15.9837,68.7456],[15.9896,68.7635],[15.9769,68.7813],[15.9556,68.7917],[15.9356,68.7871],[15.8989,68.7636],[15.8535,68.7476],[15.8055,68.7385],[15.7615,68.7356],[15.824,68.7562],[15.8403,68.7666],[15.8479,68.773],[15.8633,68.7829],[15.8708,68.7902],[15.8748,68.7976],[15.8758,68.8105],[15.8782,68.8175],[15.9148,68.8693],[15.9241,68.8864],[15.917,68.8957],[15.9046,68.9039],[15.898,68.9174],[15.9028,68.9368],[15.9098,68.9498],[15.9079,68.9573],[15.9074,68.9594],[15.8843,68.9683],[15.8576,68.9702],[15.7785,68.9547],[15.6766,68.9627],[15.6448,68.9547],[15.6305,68.9448],[15.6095,68.9194],[15.5964,68.9069],[15.6061,68.9047],[15.6141,68.9005],[15.6204,68.8941],[15.6243,68.8858],[15.5757,68.8822],[15.5532,68.8723],[15.5486,68.8523],[15.5635,68.8392],[15.5902,68.8331],[15.6184,68.8298],[15.638,68.8249],[15.6135,68.8178],[15.5563,68.8264],[15.5287,68.8249],[15.5199,68.8198],[15.5142,68.8127],[15.5077,68.8065],[15.4971,68.8039],[15.4858,68.805],[15.4641,68.81],[15.4523,68.8113],[15.4592,68.7961],[15.4556,68.769],[15.4598,68.756],[15.4759,68.7469],[15.5012,68.7431],[15.6397,68.7432],[15.6658,68.7356],[15.6687,68.7321],[15.676,68.7192],[15.6789,68.7151],[15.6867,68.7109],[15.7136,68.7014],[15.6626,68.7192],[15.6423,68.7232],[15.6178,68.7325],[15.6048,68.7357],[15.593,68.7343],[15.5816,68.7311],[15.5691,68.7294],[15.4496,68.7292],[15.443,68.7236],[15.4387,68.7077],[15.4421,68.6822],[15.4574,68.6671],[15.4783,68.6558],[15.4977,68.6425],[15.5138,68.6362],[15.5628,68.6352],[15.5828,68.6326],[15.5945,68.6263],[15.6048,68.6186],[15.616,68.6129],[15.6305,68.6121],[15.6169,68.6066],[15.6032,68.605],[15.5891,68.6064],[15.575,68.6103],[15.5674,68.6144],[15.5567,68.6239],[15.5488,68.6257],[15.4387,68.6195],[15.4387,68.6121],[15.4432,68.609],[15.4523,68.5978],[15.436,68.5983],[15.4076,68.6047],[15.3916,68.6052],[15.4396,68.5736],[15.4523,68.5574],[15.4343,68.5618],[15.4055,68.5805],[15.3947,68.5848],[15.3089,68.5786],[15.3233,68.5628],[15.3117,68.5588],[15.2681,68.5643],[15.2388,68.5643],[15.2173,68.5569],[15.1987,68.543],[15.1786,68.5233],[15.2715,68.5159],[15.2752,68.5127],[15.2746,68.5056],[15.2749,68.4985],[15.2817,68.4954],[15.3369,68.4886],[15.279,68.4899],[15.2484,68.4862],[15.2407,68.4749],[15.2601,68.4665],[15.3308,68.4647],[15.3568,68.4612],[15.2681,68.4612],[15.2522,68.4573],[15.2229,68.4438],[15.1926,68.4349],[15.1234,68.393],[15.104,68.3773],[15.0681,68.3391],[15.0558,68.3315],[15.0342,68.3263],[15.0093,68.3137],[14.9954,68.2978],[15.0073,68.2831],[15.0029,68.2779],[14.9979,68.2741],[14.9927,68.2714],[14.9868,68.2695],[15.0005,68.2533],[15.0409,68.257],[15.0858,68.2712],[15.1138,68.2868],[15.134,68.3081],[15.145,68.3129],[15.2166,68.3354],[15.2332,68.3377],[15.2267,68.3488],[15.2149,68.3525],[15.1854,68.3514],[15.2118,68.366],[15.2787,68.3732],[15.3163,68.3955],[15.3636,68.406],[15.3704,68.4125],[15.3765,68.4172],[15.384,68.4202],[15.405,68.4145],[15.4118,68.4135],[15.4393,68.4184],[15.5422,68.4663],[15.554,68.4753],[15.5529,68.4878],[15.5418,68.5097],[15.5537,68.5112],[15.5647,68.5091],[15.5728,68.5029],[15.5759,68.4919],[15.5806,68.4875],[15.6113,68.4749],[15.5701,68.463],[15.5072,68.4226],[15.4729,68.406],[15.4059,68.3919],[15.3879,68.3825],[15.3581,68.3549],[15.3425,68.3482],[15.3226,68.3514],[15.3384,68.332],[15.376,68.3276],[15.5277,68.3377],[15.5441,68.3341],[15.5754,68.3194],[15.5964,68.3179],[15.5964,68.3104],[15.5896,68.3078],[15.5828,68.3042],[15.598,68.3044],[15.6244,68.3005],[15.638,68.3042],[15.6401,68.3174],[15.6913,68.343],[15.7063,68.3588],[15.6935,68.3581],[15.6812,68.3591],[15.6694,68.3614],[15.6585,68.3651],[15.6743,68.3713],[15.6914,68.3732],[15.7267,68.3725],[15.7246,68.3769],[15.7219,68.3884],[15.7199,68.393],[15.7331,68.4013],[15.7404,68.4149],[15.7479,68.4254],[15.7615,68.424],[15.7731,68.4134],[15.781,68.4018],[15.7927,68.3936],[15.8162,68.393],[15.8074,68.4031],[15.7804,68.4187],[15.7744,68.4309],[15.781,68.4382],[15.7961,68.4339],[15.8123,68.4264],[15.823,68.424],[15.8493,68.4348],[15.8572,68.4409],[15.8645,68.4544],[15.8648,68.4674],[15.8596,68.4774],[15.8586,68.4862],[15.8708,68.4954],[15.8706,68.4785],[15.8755,68.4666],[15.8816,68.4564],[15.8843,68.4442],[15.8806,68.4288],[15.8737,68.4146],[15.8708,68.4006],[15.8782,68.3856],[15.8762,68.3691],[15.904,68.3699],[15.9409,68.3803],[15.9663,68.393],[15.995,68.4294],[16.0121,68.447],[16.0534,68.4648],[16.0697,68.489],[16.0824,68.5156],[16.0935,68.5335],[16.106,68.5385],[16.1179,68.5342],[16.1297,68.5272],[16.1418,68.5233],[16.1555,68.5246],[16.2222,68.5474],[16.3465,68.5595],[16.4194,68.5574],[16.4593,68.5491],[16.4815,68.5475],[16.4976,68.554],[16.506,68.5682],[16.5012,68.5756],[16.4961,68.5793],[16.492,68.5823],[16.4871,68.5947],[16.4911,68.6058],[16.501,68.6122],[16.5132,68.6168],[16.5247,68.6226],[16.5423,68.637],[16.5589,68.6552],[16.5609,68.6717],[16.5348,68.681],[16.5671,68.6992],[16.577,68.7077],[16.5286,68.722]],[[16.5662,68.9683],[16.5205,68.9621],[16.4668,68.9621],[16.4151,68.9725],[16.3594,68.9901],[16.3063,68.9953],[16.2617,68.9683],[16.2852,68.9521],[16.3436,68.9337],[16.3949,68.902],[16.4347,68.8913],[16.4762,68.8858],[16.5671,68.8874],[16.5872,68.8974],[16.5833,68.9211],[16.6019,68.9312],[16.5995,68.9472],[16.5846,68.9619],[16.5662,68.9683]],[[14.3972,68.6605],[14.4081,68.6622],[14.4144,68.6686],[14.4209,68.6725],[14.4319,68.6667],[14.4192,68.6549],[14.4133,68.6364],[14.4172,68.6195],[14.4351,68.6121],[14.492,68.6067],[14.5207,68.609],[14.5449,68.6226],[14.5583,68.6273],[14.617,68.6257],[14.6226,68.6289],[14.6258,68.6452],[14.6306,68.653],[14.6621,68.674],[14.6741,68.687],[14.679,68.7077],[14.6961,68.6876],[14.7219,68.673],[14.7503,68.6675],[14.7746,68.6741],[14.7849,68.6832],[14.7964,68.701],[14.805,68.7114],[14.8151,68.7147],[14.8215,68.7072],[14.8206,68.6941],[14.8088,68.681],[14.8278,68.6735],[14.862,68.6899],[14.8804,68.6841],[14.9009,68.6813],[14.9253,68.695],[14.947,68.7146],[14.9588,68.7294],[14.9611,68.7216],[14.9629,68.7191],[14.9629,68.7162],[14.9588,68.7077],[14.986,68.7025],[15.0195,68.7121],[15.0501,68.7298],[15.0687,68.7486],[15.0135,68.763],[14.9937,68.7629],[15.0261,68.7712],[15.1514,68.756],[15.145,68.7396],[15.1467,68.7255],[15.1543,68.7132],[15.1651,68.7014],[15.1409,68.695],[15.0889,68.695],[15.0625,68.6872],[15.0569,68.6823],[15.0505,68.6754],[15.0435,68.6694],[15.0347,68.6667],[14.9729,68.6667],[14.9487,68.6641],[14.877,68.6462],[14.8337,68.6445],[14.8159,68.6378],[14.8088,68.6195],[14.8064,68.616],[14.8081,68.6147],[14.8633,68.6052],[14.8582,68.602],[14.8488,68.5945],[14.8428,68.5915],[14.8732,68.5845],[15.0627,68.5785],[15.3362,68.6529],[15.3753,68.6699],[15.3977,68.694],[15.3942,68.7311],[15.3584,68.7463],[15.3117,68.7526],[15.2749,68.7629],[15.2824,68.7656],[15.3027,68.7766],[15.2783,68.7918],[15.2749,68.7971],[15.2844,68.8035],[15.2998,68.8028],[15.3298,68.7971],[15.3508,68.8029],[15.3626,68.8173],[15.3718,68.8354],[15.384,68.8523],[15.3478,68.8469],[15.3425,68.8489],[15.3397,68.8555],[15.3335,68.8587],[15.3259,68.8587],[15.3195,68.8554],[15.3021,68.843],[15.2407,68.8249],[15.2728,68.8541],[15.2817,68.8659],[15.2953,68.9069],[15.2715,68.9197],[15.2144,68.8817],[15.1854,68.8858],[15.1956,68.8969],[15.2095,68.9033],[15.2407,68.9138],[15.2185,68.9244],[15.2062,68.9276],[15.1929,68.9274],[15.1929,68.9342],[15.197,68.9352],[15.2066,68.9404],[15.1926,68.9427],[15.1514,68.9621],[15.1707,68.9738],[15.1682,68.9883],[15.154,69.0025],[15.1377,69.0131],[15.1244,69.0153],[15.1043,69.0145],[15.0845,69.0112],[15.0077,68.981],[15.0093,68.9633],[15.0194,68.9448],[15.0278,68.9342],[15.0652,68.9132],[15.0767,68.899],[15.0687,68.879],[15.0916,68.8664],[15.1203,68.8565],[15.1457,68.8425],[15.1589,68.8175],[15.1233,68.8256],[15.0855,68.8452],[15.0498,68.8528],[15.021,68.8249],[15.0266,68.82],[15.0276,68.8144],[15.0243,68.8081],[15.0176,68.8005],[15.006,68.7939],[14.9998,68.7993],[14.9937,68.8175],[14.992,68.8249],[14.9927,68.8342],[14.9911,68.842],[14.9761,68.848],[14.9526,68.8659],[14.9412,68.8598],[14.9043,68.8454],[14.9526,68.8175],[14.9465,68.8099],[14.9422,68.8015],[14.9416,68.7927],[14.9453,68.784],[14.929,68.779],[14.9071,68.7602],[14.8941,68.756],[14.8801,68.76],[14.8723,68.7692],[14.8729,68.7805],[14.8838,68.7902],[14.8436,68.7963],[14.8013,68.7894],[14.72,68.7629],[14.6865,68.7575],[14.6797,68.7673],[14.6921,68.8113],[14.679,68.8175],[14.6858,68.8249],[14.6694,68.831],[14.6487,68.833],[14.6284,68.8299],[14.6135,68.8212],[14.6076,68.8073],[14.6165,68.7991],[14.6442,68.7902],[14.6237,68.7845],[14.6087,68.7781],[14.5978,68.7674],[14.5896,68.7486],[14.5989,68.7473],[14.6079,68.7446],[14.6162,68.7407],[14.6238,68.7356],[14.605,68.7352],[14.5872,68.7391],[14.5723,68.7463],[14.5618,68.756],[14.555,68.7704],[14.5532,68.7943],[14.548,68.8039],[14.5239,68.8071],[14.4885,68.7954],[14.4553,68.776],[14.4382,68.756],[14.5166,68.7425],[14.5418,68.7424],[14.5418,68.7356],[14.4641,68.7245],[14.4263,68.7144],[14.4251,68.7014],[14.3945,68.7016],[14.3811,68.6977],[14.3699,68.6872],[14.3821,68.6694],[14.388,68.6639],[14.3972,68.6605]],[[15.5287,68.9138],[15.5635,68.9514],[15.5697,68.9621],[15.5691,68.9777],[15.5601,68.9901],[15.5457,69.0003],[15.5287,69.0093],[15.5491,69.0163],[15.5667,69.0127],[15.5964,68.9957],[15.6322,68.9866],[15.7604,69.0057],[15.8162,69.0236],[15.8479,69.0292],[15.8578,69.0338],[15.8708,69.0441],[15.8734,69.05],[15.8739,69.0567],[15.8771,69.0622],[15.8932,69.0659],[15.9102,69.0727],[15.9148,69.0751],[15.9344,69.0933],[15.9465,69.1019],[15.9563,69.1055],[15.9704,69.109],[16.014,69.1328],[16.0608,69.1446],[16.0762,69.154],[16.0892,69.1715],[16.099,69.2111],[16.1143,69.2321],[16.1316,69.2487],[16.1467,69.2692],[16.1499,69.2908],[16.1315,69.311],[16.1016,69.3153],[15.9751,69.2872],[15.9321,69.2631],[15.916,69.259],[15.8816,69.2541],[15.8645,69.2495],[15.8662,69.2449],[15.8687,69.2336],[15.8708,69.2291],[15.8431,69.2203],[15.7914,69.1613],[15.7581,69.1471],[15.6599,69.1385],[15.6107,69.1257],[15.5697,69.1055],[15.542,69.081],[15.5176,69.0539],[15.4598,69.0131],[15.4544,69.0006],[15.4309,68.9775],[15.4251,68.9621],[15.4264,68.9467],[15.429,68.9348],[15.428,68.9246],[15.4188,68.9138],[15.4315,68.8842],[15.464,68.8821],[15.5015,68.8958],[15.5287,68.9138]],[[18.0708,69.4379],[18.0486,69.4429],[18.0247,69.4409],[18.01,69.4331],[18.0158,69.4208],[18.0023,69.41],[17.9823,69.4132],[17.9407,69.4283],[17.9844,69.4496],[17.9939,69.4628],[17.9823,69.4822],[18.0212,69.481],[18.0391,69.4848],[18.0505,69.4959],[17.9727,69.52],[17.9441,69.5233],[17.9346,69.5201],[17.9177,69.5059],[17.8914,69.4987],[17.883,69.4895],[17.8753,69.4724],[17.8577,69.4523],[17.845,69.4452],[17.8308,69.4481],[17.8228,69.4575],[17.8247,69.4658],[17.8377,69.4822],[17.8411,69.4921],[17.8423,69.4977],[17.8446,69.5025],[17.8513,69.5096],[17.8613,69.5163],[17.8831,69.527],[17.8928,69.5369],[17.8739,69.5731],[17.8591,69.5867],[17.8374,69.5921],[17.8177,69.5871],[17.7998,69.5751],[17.7722,69.5478],[17.7531,69.5406],[17.7357,69.5517],[17.7074,69.5854],[17.6992,69.592],[17.6878,69.5995],[17.6738,69.6035],[17.6589,69.5996],[17.653,69.5941],[17.6537,69.5896],[17.657,69.5847],[17.6589,69.5779],[17.6598,69.5692],[17.6647,69.5508],[17.6658,69.5406],[17.6701,69.532],[17.6892,69.5297],[17.6936,69.5202],[17.6826,69.5093],[17.6579,69.5085],[17.6321,69.5128],[17.6179,69.517],[17.554,69.5749],[17.5169,69.597],[17.4676,69.5996],[17.4735,69.5935],[17.4736,69.5866],[17.469,69.5793],[17.4602,69.5717],[17.4685,69.5599],[17.4748,69.553],[17.4951,69.5406],[17.5664,69.5233],[17.5716,69.5187],[17.5847,69.4971],[17.5907,69.4897],[17.6029,69.4821],[17.6165,69.4761],[17.6453,69.4687],[17.6453,69.4618],[17.6013,69.4637],[17.583,69.468],[17.5309,69.4901],[17.512,69.4944],[17.4885,69.4959],[17.478,69.4992],[17.4614,69.5137],[17.4504,69.517],[17.4209,69.5195],[17.4048,69.5226],[17.3718,69.5339],[17.3433,69.5375],[17.3171,69.535],[17.3032,69.5233],[17.3267,69.5177],[17.3682,69.4908],[17.3921,69.4822],[17.3727,69.4766],[17.3032,69.4822],[17.308,69.4771],[17.3163,69.4618],[17.302,69.4635],[17.2816,69.4699],[17.2634,69.4784],[17.2464,69.496],[17.2256,69.501],[17.1865,69.5028],[17.2429,69.4547],[17.3255,69.4394],[17.4958,69.4283],[17.4466,69.4143],[17.2822,69.414],[17.2962,69.4114],[17.3306,69.3935],[17.3706,69.387],[17.3894,69.3804],[17.3994,69.3662],[17.3684,69.3669],[17.2761,69.3935],[17.1419,69.4003],[17.1248,69.3978],[17.095,69.3874],[17.0767,69.3861],[17.0625,69.3891],[17.0391,69.3984],[17.0217,69.4003],[17.0145,69.3981],[17.0042,69.3883],[16.9982,69.3861],[16.9911,69.3872],[16.979,69.3923],[16.9499,69.398],[16.9385,69.3984],[16.9265,69.3935],[16.9309,69.3838],[16.9339,69.3799],[16.9072,69.3686],[16.8933,69.3658],[16.8787,69.3662],[16.8787,69.3594],[16.9714,69.3565],[17.0557,69.3644],[17.0846,69.3618],[17.1108,69.3525],[17.0755,69.352],[17.0584,69.3498],[17.042,69.3451],[17.0583,69.3343],[17.0774,69.3305],[17.1177,69.3314],[17.104,69.3253],[17.1242,69.3137],[17.1318,69.311],[16.9153,69.3176],[16.8976,69.3117],[16.906,69.2979],[16.9255,69.2934],[17.0078,69.2979],[16.9961,69.2877],[16.9904,69.2853],[16.9811,69.2837],[16.9811,69.2768],[17.0404,69.2683],[17.0706,69.2681],[17.0835,69.2803],[17.0889,69.2895],[17.1001,69.2812],[17.1097,69.2682],[17.1108,69.2631],[17.1089,69.2614],[17.1069,69.2566],[17.1089,69.2518],[17.1177,69.2495],[17.1238,69.2502],[17.1457,69.2563],[17.0868,69.2289],[16.9448,69.2365],[16.8787,69.2222],[16.8892,69.2223],[16.8994,69.2209],[16.9191,69.2154],[16.9143,69.2095],[16.9124,69.2058],[16.9087,69.2032],[16.8986,69.2011],[16.8986,69.1949],[16.9743,69.1949],[17.0495,69.1806],[17.0824,69.1816],[17.1724,69.2011],[17.1445,69.1841],[17.0563,69.1601],[17.0593,69.1566],[17.0613,69.1533],[17.0642,69.1501],[17.0698,69.1471],[17.056,69.1329],[17.0331,69.132],[16.9885,69.1396],[16.8923,69.1267],[16.8963,69.1042],[16.8724,69.1044],[16.8167,69.1192],[16.7865,69.1081],[16.7731,69.0882],[16.7796,69.0701],[16.8098,69.0646],[16.8233,69.0544],[17.1099,69.0847],[17.138,69.072],[17.1223,69.0683],[17.1056,69.0664],[17.0916,69.0617],[17.0835,69.0503],[17.0874,69.049],[17.0972,69.0441],[17.0786,69.0432],[17.0583,69.0392],[17.0435,69.0307],[17.042,69.0168],[17.073,69.0081],[17.1294,69.0115],[17.1851,69.0244],[17.2139,69.0441],[17.1995,69.0482],[17.1724,69.0456],[17.1587,69.0503],[17.1883,69.0835],[17.2346,69.1062],[17.3784,69.154],[17.4199,69.1806],[17.447,69.1929],[17.4722,69.2001],[17.4987,69.2028],[17.5298,69.2011],[17.5041,69.1798],[17.4939,69.1689],[17.4883,69.154],[17.5191,69.1579],[17.6111,69.154],[17.7072,69.1729],[17.8206,69.1695],[17.9583,69.1805],[17.9885,69.1874],[18.009,69.2011],[17.9915,69.2031],[17.9689,69.2022],[17.9491,69.2051],[17.9407,69.2188],[17.9325,69.2272],[17.9137,69.2341],[17.8787,69.2427],[17.8787,69.2495],[17.9269,69.2473],[17.9507,69.2508],[17.9675,69.2631],[17.959,69.2678],[17.9354,69.2777],[17.9264,69.2837],[17.9211,69.2941],[17.9212,69.304],[17.9191,69.3123],[17.9059,69.3184],[17.9231,69.3323],[17.9553,69.3427],[18.0158,69.3525],[18.0708,69.3491],[18.0847,69.3525],[18.091,69.3583],[18.0977,69.3676],[18.0986,69.3761],[18.0881,69.3799],[18.0811,69.3876],[18.0786,69.425],[18.0708,69.4379]],[[18.999,69.8286],[18.986,69.8338],[18.8984,69.8481],[18.8591,69.8444],[18.8377,69.8454],[18.8445,69.8569],[18.8491,69.8615],[18.8582,69.8659],[18.8416,69.878],[18.822,69.8861],[18.8015,69.8874],[18.783,69.8795],[18.7966,69.8733],[18.7638,69.8698],[18.7179,69.8817],[18.6789,69.8861],[18.6668,69.8597],[18.6741,69.8472],[18.6886,69.8355],[18.7744,69.7956],[18.7898,69.7839],[18.7567,69.7519],[18.7409,69.7203],[18.7368,69.706],[18.7422,69.6946],[18.7625,69.6877],[18.7074,69.6868],[18.6633,69.713],[18.6413,69.7556],[18.6532,69.8044],[18.5851,69.8033],[18.5569,69.7964],[18.5332,69.7805],[18.521,69.7622],[18.5137,69.7541],[18.5025,69.7498],[18.4831,69.751],[18.4819,69.7589],[18.4861,69.769],[18.4819,69.7771],[18.4665,69.78],[18.4365,69.7763],[18.4199,69.7805],[18.4031,69.792],[18.3949,69.7961],[18.3823,69.7976],[18.3568,69.7929],[18.3347,69.781],[18.3269,69.7654],[18.3447,69.7498],[18.3518,69.7299],[18.3892,69.7199],[18.5939,69.7109],[18.6328,69.702],[18.6108,69.6928],[18.4785,69.7088],[18.3532,69.7048],[18.3107,69.7088],[18.3169,69.7088],[18.2144,69.7142],[18.1865,69.7088],[18.291,69.639],[18.3045,69.6343],[18.3242,69.6331],[18.4001,69.6406],[18.3892,69.6346],[18.3645,69.6282],[18.3547,69.6229],[18.3435,69.6188],[18.3223,69.6184],[18.3242,69.6126],[18.3135,69.6095],[18.2974,69.5954],[18.2902,69.5921],[18.2781,69.5944],[18.2761,69.5997],[18.2791,69.6046],[18.2827,69.6058],[18.2691,69.6174],[18.2619,69.6216],[18.2368,69.6293],[18.135,69.6369],[18.112,69.6331],[18.091,69.6249],[18.0809,69.6227],[18.0696,69.6245],[18.0501,69.6305],[18.0407,69.6323],[18.0295,69.6331],[18.0344,69.6232],[18.0374,69.6195],[18.0261,69.6142],[18.0055,69.6007],[17.9954,69.5921],[18.0208,69.5766],[18.0479,69.572],[18.1052,69.5717],[18.1283,69.5649],[18.1687,69.5404],[18.194,69.5307],[18.262,69.5306],[18.4856,69.5586],[18.5604,69.5581],[18.5796,69.5611],[18.614,69.5748],[18.626,69.5779],[18.7319,69.5653],[18.7693,69.5717],[18.8229,69.5907],[18.8364,69.6043],[18.8278,69.6229],[18.8123,69.6294],[18.7933,69.6317],[18.777,69.6354],[18.7693,69.6467],[18.7732,69.6551],[18.7827,69.6657],[18.7941,69.6756],[18.8035,69.6815],[18.8386,69.6894],[18.8773,69.6922],[18.9146,69.699],[18.9699,69.7335],[19.0335,69.7437],[19.0574,69.7634],[19.0608,69.7871],[19.0442,69.8022],[19.0197,69.8142],[18.999,69.8286]],[[21.668,69.9484],[21.6717,69.9404],[21.6779,69.9344],[21.6859,69.9302],[21.6958,69.9279],[21.708,69.9318],[21.7199,69.9341],[21.7297,69.9385],[21.7362,69.9484],[21.7191,69.9532],[21.702,69.9548],[21.6851,69.9531],[21.668,69.9484]],[[19.9002,70.0168],[19.9082,70.0136],[19.9164,70.0115],[19.95,70.0097],[19.9959,70.0168],[19.9761,70.0244],[19.9479,70.0268],[19.9198,70.0242],[19.9002,70.0168]],[[20.9588,70.0031],[20.9353,70.0094],[20.8862,70.0376],[20.8599,70.044],[20.8244,70.043],[20.802,70.0375],[20.7835,70.0242],[20.7605,69.9997],[20.7617,69.9876],[20.7756,69.9721],[20.8052,69.9484],[20.8426,69.9378],[20.8919,69.938],[20.9404,69.947],[20.9754,69.9627],[20.9807,69.9816],[21.0994,70.0105],[20.9588,70.0031]],[[21.041,70.0613],[21.0205,70.0635],[20.9919,70.0515],[20.9663,70.035],[20.9553,70.0241],[21.02,70.0281],[21.0466,70.0391],[21.041,70.0613]],[[19.6192,70.0168],[19.6071,70.0087],[19.5945,69.998],[19.5823,69.9932],[19.5713,70.0031],[19.5713,70.0142],[19.5781,70.0236],[19.5825,70.0338],[19.575,70.0478],[19.5569,70.0571],[19.5357,70.0573],[19.4681,70.0466],[19.4385,70.0334],[19.4186,70.0137],[19.4204,69.9894],[19.3926,69.9919],[19.3397,70.0177],[19.2923,70.0312],[19.2942,70.0476],[19.3084,70.0658],[19.3249,70.0788],[19.2991,70.0858],[19.2767,70.0781],[19.2559,70.0673],[19.2349,70.0651],[19.2234,70.0737],[19.2262,70.0842],[19.2267,70.0936],[19.2082,70.0986],[19.1187,70.0727],[19.1021,70.0705],[19.0853,70.0723],[19.0642,70.0788],[19.0676,70.0615],[19.0825,70.0505],[19.1021,70.0416],[19.1194,70.0303],[19.0739,70.0163],[19.0574,70.0168],[19.0549,70.0202],[19.0508,70.0272],[19.0435,70.0341],[19.03,70.0372],[19.0178,70.0351],[18.9983,70.0262],[18.9856,70.0241],[18.9338,70.0303],[18.8758,70.0242],[18.8449,70.015],[18.8314,69.9997],[18.8447,69.9821],[18.8757,69.9731],[18.9338,69.9695],[18.9143,69.9621],[18.8836,69.9454],[18.8652,69.9422],[18.7693,69.9553],[18.7289,69.9478],[18.7334,69.9313],[18.7643,69.9149],[18.843,69.9033],[19.0436,69.8386],[19.0557,69.8314],[19.0884,69.801],[19.1216,69.7878],[19.334,69.8126],[19.3748,69.8233],[19.4067,69.8386],[19.4133,69.8454],[19.4173,69.853],[19.4229,69.8612],[19.4341,69.8696],[19.4733,69.8867],[19.4856,69.8972],[19.4922,69.9018],[19.5086,69.9078],[19.5166,69.9143],[19.5194,69.9196],[19.5215,69.9305],[19.5234,69.9348],[19.5329,69.9463],[19.5402,69.9516],[19.6475,69.97],[19.6831,69.9858],[19.6848,70.0068],[19.6694,70.0173],[19.6526,70.0214],[19.6353,70.0207],[19.6192,70.0168]],[[20.7915,70.0924],[20.7894,70.0937],[20.7742,70.1095],[20.771,70.1155],[20.7725,70.1201],[20.7756,70.1246],[20.7808,70.1425],[20.7893,70.1531],[20.8083,70.1712],[20.8242,70.1946],[20.8244,70.2099],[20.8088,70.2204],[20.7772,70.2296],[20.7339,70.2367],[20.5877,70.2362],[20.5614,70.2332],[20.5513,70.2296],[20.5477,70.2248],[20.5459,70.2179],[20.5452,70.2115],[20.5446,70.2085],[20.5254,70.2029],[20.4626,70.1955],[20.4378,70.1867],[20.4157,70.1715],[20.3997,70.1504],[20.3936,70.1235],[20.3921,70.1096],[20.3899,70.1027],[20.3913,70.0966],[20.3999,70.0856],[20.4138,70.0749],[20.4317,70.0681],[20.4509,70.0648],[20.4688,70.0651],[20.5067,70.0583],[20.5208,70.0623],[20.5178,70.0788],[20.565,70.0788],[20.5596,70.0937],[20.5647,70.1047],[20.5769,70.1096],[20.5923,70.106],[20.6011,70.0972],[20.6026,70.0864],[20.5991,70.0651],[20.5952,70.0578],[20.5886,70.0509],[20.5881,70.046],[20.6026,70.044],[20.6145,70.0452],[20.6362,70.0503],[20.6472,70.0515],[20.6604,70.0546],[20.6751,70.0683],[20.6885,70.0714],[20.7049,70.0679],[20.7249,70.0611],[20.7473,70.056],[20.771,70.0576],[20.7868,70.0626],[20.7942,70.0678],[20.7952,70.0766],[20.7915,70.0924]],[[19.9822,70.147],[19.9575,70.1546],[19.9382,70.1638],[19.9305,70.1767],[19.9412,70.1955],[19.8914,70.2139],[19.8729,70.2159],[19.866,70.2104],[19.853,70.1841],[19.845,70.175],[19.8156,70.1697],[19.8015,70.1874],[19.7905,70.2106],[19.7702,70.2221],[19.7526,70.2242],[19.7332,70.2299],[19.7152,70.2388],[19.7015,70.2501],[19.6978,70.2602],[19.6951,70.2736],[19.6897,70.2853],[19.6777,70.2904],[19.6156,70.2792],[19.5884,70.2684],[19.5916,70.2569],[19.5916,70.2501],[19.5632,70.2563],[19.5493,70.2565],[19.5371,70.2501],[19.5593,70.2312],[19.6331,70.2193],[19.6641,70.2054],[19.6735,70.1986],[19.6921,70.1886],[19.7015,70.1812],[19.7258,70.1505],[19.735,70.1436],[19.7424,70.1407],[19.7476,70.1359],[19.7494,70.1235],[19.7476,70.0935],[19.7494,70.0856],[19.7761,70.0673],[19.8195,70.0602],[19.9782,70.0601],[20.0169,70.0693],[20.031,70.0754],[20.0364,70.0831],[20.0237,70.0924],[20.0542,70.1015],[20.1541,70.1129],[20.1541,70.1203],[20.1116,70.1202],[19.9822,70.147]],[[22.9224,70.3047],[22.9292,70.3126],[22.9373,70.3188],[22.9465,70.323],[22.9564,70.3251],[22.828,70.3337],[22.8057,70.3422],[22.7986,70.3668],[22.7805,70.3862],[22.7564,70.395],[22.7305,70.3872],[22.7372,70.3651],[22.7297,70.3446],[22.7144,70.337],[22.6965,70.3531],[22.6943,70.3629],[22.6945,70.3856],[22.689,70.3941],[22.6747,70.3989],[22.6609,70.3956],[22.6509,70.3863],[22.6481,70.373],[22.6411,70.373],[22.633,70.3854],[22.6189,70.387],[22.6057,70.3801],[22.6003,70.3668],[22.5752,70.382],[22.5298,70.3642],[22.4851,70.3845],[22.4736,70.3803],[22.4679,70.3682],[22.4699,70.3531],[22.4754,70.3477],[22.5046,70.3251],[22.4696,70.3373],[22.4534,70.3456],[22.4392,70.3562],[22.4211,70.3618],[22.3976,70.3578],[22.3787,70.347],[22.3737,70.332],[22.3814,70.3258],[22.4452,70.2914],[22.7317,70.2569],[23.0015,70.2492],[23.0163,70.2543],[23.0191,70.265],[23.0083,70.2807],[22.9885,70.293],[22.966,70.2978],[22.943,70.3002],[22.9224,70.3047]],[[23.656,70.5033],[23.634,70.5104],[23.6111,70.5122],[23.5916,70.5164],[23.5803,70.5312],[23.5807,70.543],[23.5866,70.5541],[23.5945,70.5657],[23.6013,70.579],[23.5682,70.5977],[23.5598,70.6064],[23.5735,70.6132],[23.5567,70.6189],[23.5188,70.6105],[23.5015,70.6166],[23.4845,70.6247],[23.4642,70.6249],[23.391,70.618],[23.3982,70.6133],[23.4574,70.6064],[23.4517,70.6015],[23.4417,70.5903],[23.4363,70.5853],[23.4893,70.5709],[23.5155,70.56],[23.5393,70.5449],[23.5038,70.545],[23.4126,70.5617],[23.3879,70.5449],[23.3938,70.5421],[23.4084,70.5312],[23.387,70.5329],[23.3533,70.5468],[23.3333,70.5517],[23.3076,70.5504],[23.2983,70.5432],[23.3047,70.5351],[23.3264,70.5312],[23.3108,70.5187],[23.2913,70.4838],[23.2786,70.4766],[23.2609,70.4809],[23.2604,70.4918],[23.2673,70.5061],[23.2717,70.5207],[23.2621,70.5361],[23.2396,70.5456],[23.2144,70.5504],[23.1963,70.5517],[23.1755,70.5476],[23.181,70.5385],[23.2009,70.529],[23.2234,70.5238],[23.2234,70.5176],[23.2007,70.5137],[23.1736,70.5028],[23.1511,70.4984],[23.1414,70.5141],[23.1243,70.5206],[23.0186,70.4971],[23.013,70.4931],[23.0037,70.4807],[22.9981,70.4766],[22.9912,70.476],[22.9724,70.4772],[22.9639,70.4766],[22.9614,70.4697],[22.9583,70.465],[22.953,70.463],[22.9437,70.4624],[22.9365,70.461],[22.9224,70.4561],[22.8972,70.451],[22.8954,70.4461],[22.9087,70.435],[22.9197,70.4309],[22.9639,70.4214],[22.9401,70.407],[22.8809,70.4141],[22.854,70.4077],[22.8713,70.4023],[22.9391,70.3633],[22.9496,70.3593],[22.9645,70.3581],[22.9802,70.3588],[22.9954,70.3572],[23.0083,70.3494],[23.0389,70.341],[23.075,70.3601],[23.1346,70.4145],[23.1382,70.4007],[23.1354,70.3853],[23.127,70.3708],[23.1141,70.3593],[23.0874,70.3284],[23.082,70.3017],[23.1047,70.2833],[23.155,70.2773],[23.2163,70.2828],[23.3816,70.3183],[23.3631,70.3262],[23.339,70.3309],[23.3136,70.3328],[23.2922,70.332],[23.319,70.3421],[23.4084,70.3531],[23.5925,70.4153],[23.6341,70.4375],[23.6623,70.4698],[23.6533,70.4731],[23.636,70.4833],[23.6281,70.4897],[23.6355,70.4924],[23.6492,70.5003],[23.656,70.5033]],[[24.0669,70.661],[24.0598,70.6697],[24.0523,70.6772],[24.0435,70.6835],[24.0327,70.6889],[23.9778,70.7069],[23.9639,70.7094],[23.8677,70.7094],[23.8552,70.7073],[23.8436,70.704],[23.8319,70.7034],[23.8192,70.7094],[23.8288,70.7106],[23.835,70.7128],[23.8402,70.7167],[23.8472,70.723],[23.8342,70.7257],[23.8284,70.7303],[23.8303,70.7364],[23.8403,70.7436],[23.8157,70.7512],[23.7092,70.7486],[23.6978,70.7434],[23.676,70.723],[23.6511,70.7099],[23.6401,70.7022],[23.6355,70.692],[23.6428,70.6852],[23.6902,70.6678],[23.6843,70.6589],[23.6763,70.6542],[23.656,70.6479],[23.6795,70.6363],[23.6807,70.6249],[23.6657,70.613],[23.6418,70.5995],[23.6868,70.5995],[23.6921,70.5959],[23.694,70.5876],[23.695,70.5782],[23.697,70.5716],[23.7098,70.5583],[23.7378,70.5368],[23.751,70.5238],[23.8042,70.5133],[23.8679,70.5124],[23.929,70.5233],[24.0122,70.5678],[24.1016,70.5887],[24.1284,70.62],[24.0833,70.636],[24.0652,70.6459],[24.0669,70.661]],[[22.4221,70.5107],[22.4302,70.506],[22.4492,70.4976],[22.4684,70.4949],[22.4773,70.507],[22.4893,70.5319],[22.5168,70.5278],[22.5661,70.5033],[22.572,70.5049],[22.5791,70.5091],[22.5848,70.5147],[22.5896,70.5286],[22.5955,70.529],[22.6029,70.5258],[22.6099,70.5238],[22.6213,70.5241],[22.6316,70.5263],[22.6354,70.5326],[22.6268,70.5449],[22.6343,70.5517],[22.6438,70.5642],[22.6893,70.5637],[22.7783,70.5517],[22.7669,70.5399],[22.7651,70.5311],[22.7727,70.5257],[22.7886,70.5238],[22.7998,70.5281],[22.8216,70.5473],[22.8333,70.5517],[22.8438,70.5493],[22.8709,70.5394],[22.8882,70.5381],[22.9016,70.54],[22.9138,70.5438],[22.9251,70.5498],[22.936,70.5585],[22.8809,70.5716],[22.8809,70.579],[22.9058,70.5784],[22.9526,70.5665],[22.9769,70.5654],[22.9978,70.5728],[23.0081,70.5851],[23.0047,70.5961],[22.9845,70.5995],[23.0183,70.6039],[23.055,70.5914],[23.0889,70.5862],[23.1141,70.6132],[23.0594,70.6262],[23.0789,70.6299],[23.1204,70.624],[23.1414,70.6262],[23.1519,70.6323],[23.1697,70.6489],[23.1824,70.6541],[23.155,70.6558],[23.1428,70.659],[23.1346,70.6678],[23.1413,70.6697],[23.1478,70.6732],[23.1531,70.6782],[23.1585,70.6942],[23.1667,70.6945],[23.1824,70.6889],[23.2717,70.6815],[23.2664,70.6843],[23.2513,70.6951],[23.2816,70.7021],[23.2975,70.7104],[23.3068,70.7102],[23.3146,70.7087],[23.3196,70.7094],[23.3246,70.7194],[23.3268,70.7419],[23.3333,70.7504],[23.349,70.7531],[23.3853,70.7434],[23.4021,70.7436],[23.4067,70.7473],[23.411,70.7592],[23.4158,70.764],[23.4253,70.7665],[23.4466,70.7675],[23.4574,70.7708],[23.4207,70.7739],[23.4027,70.7778],[23.3879,70.7845],[23.4124,70.7919],[23.4605,70.7908],[23.4841,70.7988],[23.4679,70.8007],[23.4549,70.8048],[23.4463,70.8134],[23.4431,70.8288],[23.4348,70.8288],[23.3965,70.8426],[23.3848,70.8493],[23.3723,70.859],[23.3581,70.8641],[23.3425,70.866],[23.3264,70.8664],[23.313,70.8616],[23.3153,70.8507],[23.3223,70.8381],[23.323,70.8288],[23.321,70.8185],[23.3403,70.7985],[23.3401,70.7845],[23.3289,70.7793],[23.2866,70.7759],[23.2717,70.777],[23.2432,70.7871],[23.1901,70.8157],[23.1619,70.8254],[23.1619,70.818],[23.1802,70.8106],[23.1877,70.8022],[23.1821,70.795],[23.1619,70.7913],[23.1375,70.7956],[23.0925,70.8137],[23.0663,70.8124],[23.0736,70.8064],[23.0818,70.8021],[23.0907,70.7995],[23.1006,70.7988],[23.0486,70.7972],[23.03,70.7908],[23.0527,70.7739],[23.0713,70.7678],[23.1284,70.7578],[23.131,70.7548],[23.1322,70.7499],[23.1354,70.7455],[23.1449,70.7436],[23.1643,70.7429],[23.1732,70.7407],[23.1824,70.736],[23.1654,70.7303],[23.1014,70.736],[23.0931,70.7321],[23.0988,70.7233],[23.1106,70.7142],[23.1209,70.7094],[23.0964,70.7102],[23.0496,70.7225],[23.0254,70.723],[23.0327,70.7014],[23.0199,70.6921],[22.9976,70.6879],[22.9769,70.6815],[22.9907,70.6678],[22.9691,70.6612],[22.9436,70.6704],[22.9178,70.6851],[22.895,70.6951],[22.9217,70.7073],[22.9315,70.7166],[22.9238,70.7248],[22.9056,70.7277],[22.8724,70.7228],[22.854,70.723],[22.854,70.7299],[22.8672,70.7299],[22.8511,70.7419],[22.8108,70.7443],[22.792,70.7504],[22.7969,70.7536],[22.8057,70.764],[22.7539,70.7518],[22.723,70.7485],[22.7202,70.7436],[22.7244,70.737],[22.7305,70.7299],[22.7532,70.7139],[22.7778,70.7043],[22.7925,70.6936],[22.7852,70.6746],[22.8078,70.6632],[22.8262,70.6479],[22.7737,70.6502],[22.7479,70.6474],[22.7367,70.6371],[22.7358,70.6249],[22.7321,70.6112],[22.7249,70.6036],[22.7131,70.6098],[22.7083,70.6223],[22.707,70.6374],[22.7029,70.6515],[22.689,70.661],[22.6704,70.6579],[22.6516,70.6457],[22.6309,70.6359],[22.6065,70.6405],[22.595,70.6525],[22.6048,70.6603],[22.6411,70.6712],[22.6563,70.6817],[22.6515,70.6877],[22.5674,70.7129],[22.541,70.7175],[22.5176,70.7156],[22.5015,70.7081],[22.4948,70.6988],[22.4979,70.6894],[22.5115,70.6815],[22.4927,70.6757],[22.4702,70.6766],[22.4486,70.6825],[22.4324,70.692],[22.4212,70.7029],[22.4146,70.708],[22.405,70.7094],[22.3845,70.7094],[22.3739,70.6982],[22.384,70.6732],[22.4019,70.6474],[22.4152,70.6337],[22.4152,70.6262],[22.3206,70.6613],[22.2659,70.675],[22.2297,70.6746],[22.2445,70.6684],[22.2511,70.6594],[22.2503,70.6494],[22.2433,70.6405],[22.2215,70.6319],[22.1953,70.6318],[22.0442,70.6599],[21.9865,70.6625],[21.9504,70.6479],[21.9771,70.6375],[22.0088,70.6335],[22.072,70.6337],[22.0574,70.6245],[22.0251,70.6119],[22.0112,70.5995],[22.0407,70.5936],[22.0686,70.5927],[22.0773,70.5948],[22.0916,70.6042],[22.0999,70.6064],[22.3333,70.6132],[22.3106,70.6015],[22.2371,70.579],[22.2566,70.5726],[22.2644,70.5716],[22.2455,70.5567],[22.2029,70.5441],[22.1856,70.5347],[22.1609,70.5114],[22.1515,70.4997],[22.1409,70.4829],[22.1545,70.4723],[22.1865,70.4731],[22.2214,70.4807],[22.2433,70.4897],[22.2681,70.529],[22.2857,70.5416],[22.3128,70.5312],[22.2928,70.5145],[22.3089,70.5034],[22.3423,70.4992],[22.3737,70.5033],[22.3987,70.514],[22.4072,70.5146],[22.4221,70.5107]],[[24.0731,70.9626],[24.0874,70.9688],[24.084,70.9735],[24.0824,70.9771],[24.0798,70.9802],[24.0731,70.9831],[24.1067,70.9939],[24.1878,70.9893],[24.2246,70.9968],[24.1877,71.0051],[24.1092,71.0021],[24.0731,71.0111],[24.0786,71.0145],[24.0874,71.0241],[23.9601,71.0286],[23.9229,71.0173],[23.9324,71.0153],[23.9396,71.0118],[23.9502,71.0042],[23.895,71.0023],[23.8858,70.9962],[23.9094,70.9831],[23.9421,70.9776],[24.0071,70.9831],[24.0389,70.9763],[24.0086,70.9665],[23.9402,70.9641],[23.9094,70.9558],[23.9865,70.9423],[23.9987,70.9316],[24.0057,70.9228],[24.023,70.917],[24.0431,70.9141],[24.0796,70.9146],[24.0901,70.9211],[24.0973,70.9294],[24.1079,70.9353],[24.1262,70.935],[24.1433,70.9302],[24.1599,70.928],[24.1768,70.9353],[24.1693,70.9421],[24.1838,70.9409],[24.1999,70.9416],[24.2108,70.946],[24.2108,70.9558],[24.2451,70.9558],[24.2102,70.967],[24.0731,70.9626]],[[26.136,71.0377],[26.1157,71.0334],[26.0746,71.0123],[26.0537,71.0042],[26.0262,71.0001],[25.9912,70.9989],[25.9564,71.002],[25.9302,71.0111],[25.9396,71.0108],[25.9644,71.0173],[25.9644,71.0377],[25.9448,71.0375],[25.9251,71.0397],[25.9065,71.0445],[25.8898,71.052],[25.9329,71.0554],[25.991,71.067],[26.0337,71.0872],[26.0298,71.1165],[26.0064,71.1252],[25.9605,71.1075],[25.937,71.1097],[25.9212,71.1068],[25.8972,71.0986],[25.8796,71.0968],[25.8831,71.1135],[25.8591,71.1133],[25.8057,71.0959],[25.7837,71.1029],[25.7839,71.1122],[25.8018,71.1416],[25.8074,71.1544],[25.6841,71.1447],[25.677,71.1606],[25.6673,71.1653],[25.6535,71.1647],[25.6384,71.1597],[25.6257,71.151],[25.6071,71.145],[25.5653,71.1522],[25.5534,71.1408],[25.6834,71.0932],[25.7009,71.0839],[25.7132,71.0707],[25.7185,71.052],[25.7087,71.0621],[25.6348,71.0804],[25.5921,71.0781],[25.574,71.0825],[25.5603,71.09],[25.5539,71.0926],[25.5261,71.093],[25.489,71.1018],[25.4717,71.1026],[25.4573,71.093],[25.4642,71.0895],[25.4729,71.0821],[25.4784,71.0787],[25.4588,71.072],[25.4392,71.0755],[25.4193,71.0823],[25.3992,71.0861],[25.3552,71.0835],[25.332,71.0793],[25.3138,71.0725],[25.348,71.0657],[25.2933,71.0452],[25.2944,71.036],[25.2925,71.0281],[25.2942,71.0203],[25.307,71.0111],[25.3255,71.0074],[25.4544,71.03],[25.4715,71.0278],[25.4906,71.022],[25.5608,71.0173],[25.5381,71.0034],[25.4163,70.9831],[25.4567,70.9727],[25.492,70.9592],[25.5186,70.9403],[25.5335,70.9318],[25.5534,70.9279],[25.6003,70.9321],[25.6681,70.9454],[25.7533,70.9421],[25.7533,70.9496],[25.7442,70.9502],[25.7185,70.9558],[25.7311,70.9754],[25.7529,70.9765],[25.8005,70.9626],[25.9002,70.9613],[25.9237,70.9658],[25.9483,70.9749],[25.9686,70.9777],[26.0726,70.9752],[26.0881,70.9797],[26.1057,70.9916],[26.1135,70.9953],[26.1799,71.0027],[26.2066,71.0133],[26.2181,71.0316],[26.2085,71.0496],[26.1852,71.0499],[26.136,71.0377]],[[23.9434,58.1132],[23.9707,58.0996],[24.0025,58.1085],[24.0221,58.1299],[24.0134,58.1535],[23.9842,58.1571],[23.9553,58.1518],[23.938,58.1373],[23.9434,58.1132]],[[23.2306,58.5048],[23.1886,58.5104],[23.1483,58.5216],[23.1336,58.529],[23.1258,58.5351],[23.1113,58.5557],[23.0911,58.571],[23.0365,58.5842],[22.9898,58.6018],[22.944,58.6102],[22.922,58.6174],[22.8997,58.6203],[22.8464,58.6134],[22.8114,58.623],[22.7907,58.6148],[22.758,58.5929],[22.7363,58.5881],[22.7192,58.5912],[22.7026,58.5971],[22.6821,58.6003],[22.6758,58.5983],[22.6582,58.5889],[22.6481,58.5867],[22.6408,58.5889],[22.6301,58.5982],[22.6238,58.6003],[22.6126,58.6057],[22.5941,58.6291],[22.5832,58.6345],[22.5503,58.6296],[22.4631,58.5929],[22.322,58.5848],[22.2883,58.5693],[22.2839,58.5495],[22.2829,58.522],[22.2732,58.502],[22.2433,58.5048],[22.2289,58.5106],[22.2249,58.5164],[22.2235,58.5284],[22.2222,58.533],[22.219,58.539],[22.2156,58.5442],[22.2129,58.5464],[22.1946,58.5458],[22.1878,58.5429],[22.1833,58.5355],[22.1719,58.5216],[22.1589,58.5136],[22.1268,58.5046],[22.1136,58.498],[22.1037,58.4872],[22.0988,58.4758],[22.0931,58.4495],[22.0986,58.4348],[22.0985,58.4261],[22.0894,58.4222],[22.0833,58.4225],[22.0778,58.4238],[22.0736,58.4269],[22.072,58.4328],[22.0698,58.4465],[22.0642,58.4567],[22.0208,58.4993],[21.9956,58.5125],[21.9666,58.5176],[21.9285,58.5184],[21.919,58.51],[21.9185,58.5047],[21.9163,58.5012],[21.9014,58.498],[21.885,58.4982],[21.8324,58.511],[21.8594,58.4919],[21.8877,58.4775],[21.9011,58.4684],[21.9245,58.447],[21.946,58.4323],[21.9901,58.3869],[22.0022,58.3654],[22.0112,58.3539],[21.9905,58.3579],[21.968,58.3546],[21.9549,58.3441],[21.9634,58.3266],[21.9446,58.3188],[21.9284,58.3268],[21.9124,58.3397],[21.8945,58.3465],[21.8733,58.3416],[21.8796,58.3295],[21.8967,58.3139],[21.9082,58.2987],[21.8556,58.3069],[21.8433,58.3022],[21.8438,58.2936],[21.8513,58.2819],[21.8678,58.2646],[21.8965,58.2507],[21.9289,58.2451],[21.9938,58.2447],[22.0169,58.2339],[22.053,58.1866],[22.0723,58.1758],[22.1419,58.1695],[22.1803,58.1608],[22.203,58.1479],[22.1651,58.1169],[22.159,58.1071],[22.1532,58.0862],[22.1477,58.0796],[22.1355,58.0767],[22.1235,58.0795],[22.1107,58.0841],[22.0962,58.0864],[22.0857,58.0826],[22.0762,58.0734],[22.0589,58.0523],[22.0213,58.0212],[22.0154,58.012],[22.0046,57.991],[21.9976,57.984],[21.9898,57.9827],[21.9634,57.984],[21.9623,57.98],[21.9627,57.9753],[21.9641,57.9714],[21.9668,57.9697],[21.9808,57.9665],[21.9907,57.9582],[21.9944,57.9473],[21.9901,57.9356],[22.0169,57.9145],[22.0483,57.9151],[22.19,57.9838],[22.203,57.994],[22.1984,58.0163],[22.1999,58.026],[22.2098,58.0349],[22.221,58.043],[22.2293,58.0522],[22.2568,58.0932],[22.2654,58.1151],[22.2699,58.137],[22.2717,58.1743],[22.2748,58.1793],[22.282,58.1826],[22.2951,58.1929],[22.3234,58.2066],[22.3538,58.2168],[22.3615,58.2177],[22.3805,58.2235],[22.388,58.2268],[22.3984,58.2277],[22.41,58.224],[22.4216,58.2216],[22.4324,58.2268],[22.443,58.2341],[22.4593,58.2409],[22.4768,58.2451],[22.491,58.2447],[22.4915,58.2415],[22.4968,58.2265],[22.4972,58.223],[22.5042,58.2235],[22.5072,58.2249],[22.5104,58.2272],[22.5176,58.2304],[22.5261,58.2474],[22.535,58.2541],[22.5491,58.2478],[22.5603,58.2373],[22.565,58.2352],[22.571,58.2394],[22.5862,58.2478],[22.6026,58.2521],[22.6213,58.2528],[22.6398,58.2502],[22.655,58.2447],[22.6692,58.2215],[22.7232,58.2254],[22.7567,58.2423],[22.7101,58.2578],[22.7212,58.2703],[22.7429,58.2738],[22.7886,58.2714],[22.8112,58.2734],[22.8249,58.2792],[22.854,58.2987],[22.8709,58.3047],[22.887,58.3074],[22.9027,58.3118],[22.9695,58.3602],[22.9475,58.3726],[22.9548,58.381],[22.9776,58.3817],[23.022,58.3632],[23.0425,58.3715],[23.0638,58.3854],[23.0868,58.395],[23.0842,58.4],[23.0823,58.406],[23.0811,58.4124],[23.0806,58.4185],[23.0842,58.4296],[23.0925,58.4315],[23.1019,58.4296],[23.1087,58.429],[23.1235,58.4357],[23.1304,58.4395],[23.138,58.4461],[23.1416,58.4519],[23.147,58.4664],[23.1489,58.47],[23.1548,58.4755],[23.1565,58.4775],[23.1719,58.4775],[23.1819,58.4747],[23.1882,58.4682],[23.1922,58.4611],[23.1961,58.4564],[23.2157,58.4459],[23.2349,58.4399],[23.278,58.4365],[23.2713,58.446],[23.2617,58.4516],[23.2503,58.4545],[23.2376,58.4564],[23.2614,58.4659],[23.325,58.4423],[23.3333,58.4564],[23.3184,58.4725],[23.2886,58.4882],[23.2551,58.5001],[23.2306,58.5048]],[[23.3816,58.5799],[23.374,58.5864],[23.3556,58.5983],[23.3475,58.6072],[23.346,58.6157],[23.3482,58.6252],[23.3491,58.6351],[23.3438,58.6447],[23.3303,58.6531],[23.2883,58.6665],[23.1978,58.6806],[23.1758,58.6811],[23.1546,58.6759],[23.1346,58.6618],[23.1304,58.6545],[23.1235,58.6337],[23.1209,58.6283],[23.1061,58.6242],[23.0755,58.6298],[23.0628,58.6246],[23.0593,58.6035],[23.0833,58.5905],[23.1346,58.5799],[23.2238,58.5355],[23.2349,58.5347],[23.2647,58.5438],[23.2786,58.5464],[23.3137,58.5447],[23.3309,58.5415],[23.3469,58.5355],[23.3622,58.5325],[23.3716,58.5388],[23.3799,58.5476],[23.4002,58.5554],[23.3971,58.5637],[23.3816,58.5799]],[[23.364,59.029],[23.3442,59.0393],[23.322,59.039],[23.278,59.0324],[23.208,59.0441],[23.1702,59.0459],[23.1482,59.0444],[23.1314,59.0407],[23.1189,59.0335],[23.1141,59.0218],[23.1194,59.0161],[23.1483,58.974],[23.1633,58.9689],[23.1742,58.9683],[23.2108,58.973],[23.2151,58.9774],[23.2175,58.9819],[23.2234,58.984],[23.2444,58.9813],[23.2786,58.9707],[23.2991,58.9709],[23.3294,58.9818],[23.3401,58.984],[23.3504,58.9819],[23.3623,58.9775],[23.3743,58.9755],[23.3848,58.9805],[23.3937,58.9962],[23.3897,59.0075],[23.364,59.029]],[[22.2918,58.8952],[22.325,58.8966],[22.3547,58.8921],[22.3821,58.8823],[22.4299,58.8524],[22.4398,58.8414],[22.4426,58.8272],[22.4426,58.803],[22.4495,58.7868],[22.4652,58.7666],[22.4834,58.7482],[22.4972,58.7375],[22.481,58.7248],[22.4722,58.7199],[22.4631,58.7165],[22.5017,58.6948],[22.5557,58.687],[22.6112,58.6905],[22.655,58.7028],[22.681,58.7241],[22.7152,58.782],[22.7367,58.8065],[22.7532,58.8151],[22.7776,58.8244],[22.8023,58.8304],[22.8193,58.8297],[22.8269,58.8192],[22.8112,58.8109],[22.7893,58.8026],[22.7783,58.7922],[22.7901,58.781],[22.8167,58.7759],[22.8454,58.7765],[22.8636,58.7822],[22.8743,58.7879],[22.8821,58.788],[22.8867,58.7905],[22.8882,58.803],[22.887,58.8118],[22.8831,58.8173],[22.8766,58.8199],[22.8672,58.8201],[22.8796,58.8327],[22.8955,58.8355],[22.9126,58.8356],[22.9292,58.84],[22.9422,58.8342],[22.947,58.8376],[22.9496,58.8439],[22.9568,58.8474],[22.9673,58.8465],[22.9778,58.8442],[23.0191,58.8291],[23.0335,58.8303],[23.0405,58.8408],[23.0391,58.861],[23.0355,58.862],[23.0285,58.8621],[23.0217,58.8641],[23.0186,58.8707],[23.0191,58.882],[23.0181,58.8872],[23.0151,58.8918],[23.0081,58.8974],[22.994,58.9058],[22.9876,58.9119],[22.9795,58.9176],[22.9585,58.9267],[22.9496,58.9362],[22.9476,58.9451],[22.9526,58.9606],[22.9496,58.9709],[22.9341,58.984],[22.8372,59.0086],[22.7367,59.0051],[22.7205,59.0116],[22.7013,59.025],[22.6916,59.0412],[22.7141,59.0696],[22.6965,59.0792],[22.6667,59.0849],[22.6411,59.087],[22.6405,59.0871],[22.5977,59.0895],[22.5872,59.087],[22.5783,59.0784],[22.5764,59.0701],[22.5764,59.0617],[22.5729,59.0528],[22.5593,59.0384],[22.5444,59.0301],[22.5269,59.0264],[22.5042,59.0256],[22.4876,59.0164],[22.4885,58.9811],[22.4767,58.9805],[22.4546,58.9872],[22.4421,58.9847],[22.4435,58.9777],[22.4631,58.9709],[22.1682,58.9504],[22.0942,58.956],[22.0555,58.9527],[22.0447,58.9362],[22.0625,58.9258],[22.195,58.888],[22.2269,58.8865],[22.2918,58.8952]],[[18.4854,59.0976],[18.4854,59.1056],[18.4793,59.1166],[18.466,59.1173],[18.4509,59.112],[18.4338,59.1042],[18.4154,59.0929],[18.3748,59.0784],[18.3716,59.0736],[18.3788,59.0705],[18.3763,59.0638],[18.3662,59.0578],[18.3571,59.0559],[18.3511,59.0568],[18.3498,59.0529],[18.3581,59.0454],[18.3616,59.0392],[18.3533,59.0367],[18.346,59.0371],[18.3413,59.0334],[18.3444,59.0257],[18.3555,59.0158],[18.3665,59.0091],[18.3767,59.0069],[18.3862,59.0071],[18.391,59.0107],[18.396,59.0106],[18.4053,59.0086],[18.4136,59.0117],[18.4199,59.017],[18.4246,59.0216],[18.4275,59.0257],[18.4295,59.0318],[18.4295,59.0382],[18.4329,59.0431],[18.4359,59.0498],[18.4561,59.0572],[18.4839,59.0827],[18.4873,59.085],[18.4901,59.0894],[18.4885,59.095],[18.4854,59.0976]],[[18.7158,59.2088],[18.7044,59.2115],[18.6909,59.2088],[18.6773,59.1993],[18.6657,59.1879],[18.6597,59.1769],[18.6685,59.1743],[18.738,59.1977],[18.75,59.2051],[18.7438,59.2067],[18.7158,59.2088]],[[18.797,59.2949],[18.7901,59.2966],[18.7759,59.2978],[18.7577,59.2946],[18.7385,59.2852],[18.7246,59.2726],[18.7227,59.2624],[18.7316,59.2585],[18.7373,59.259],[18.7429,59.2589],[18.7538,59.256],[18.7638,59.2515],[18.7705,59.2508],[18.7752,59.2522],[18.7778,59.2541],[18.7777,59.257],[18.7786,59.2601],[18.7912,59.2732],[18.7987,59.2783],[18.8076,59.2831],[18.8108,59.2893],[18.8032,59.2939],[18.797,59.2949]],[[18.676,59.3403],[18.6821,59.3312],[18.6836,59.3225],[18.6858,59.3165],[18.683,59.3134],[18.6768,59.311],[18.6731,59.3039],[18.6775,59.2995],[18.6828,59.3003],[18.7266,59.312],[18.7414,59.32],[18.7471,59.3319],[18.7442,59.3449],[18.7417,59.3508],[18.738,59.3516],[18.7313,59.3539],[18.715,59.3669],[18.7059,59.3712],[18.6981,59.3736],[18.6911,59.3737],[18.688,59.3713],[18.6473,59.3718],[18.638,59.368],[18.6484,59.3596],[18.6532,59.3549],[18.6638,59.347],[18.676,59.3403]],[[18.1067,59.385],[18.1053,59.3776],[18.1125,59.372],[18.117,59.3643],[18.1228,59.3568],[18.14,59.3486],[18.1655,59.3406],[18.1901,59.3384],[18.2121,59.3415],[18.2224,59.3518],[18.2097,59.3624],[18.2039,59.3659],[18.2239,59.3657],[18.2328,59.3646],[18.2493,59.3667],[18.2375,59.3728],[18.1227,59.3891],[18.1067,59.385]],[[18.8543,59.4025],[18.8465,59.3959],[18.8477,59.3894],[18.8557,59.3859],[18.8655,59.3897],[18.8695,59.3935],[18.8651,59.3998],[18.8543,59.4025]],[[18.9424,59.3936],[18.9359,59.3988],[18.9216,59.4059],[18.9082,59.4063],[18.8994,59.4007],[18.8999,59.3937],[18.9038,59.391],[18.9085,59.3884],[18.9211,59.3793],[18.9377,59.3732],[18.9483,59.3787],[18.9465,59.3887],[18.9424,59.3936]],[[18.9258,59.434],[18.9242,59.4414],[18.9164,59.4462],[18.9118,59.4472],[18.8986,59.4457],[18.8735,59.4398],[18.8606,59.4245],[18.8723,59.4086],[18.8939,59.4072],[18.909,59.4179],[18.9258,59.434]],[[18.6566,59.5067],[18.6814,59.5213],[18.7375,59.5351],[18.7391,59.5404],[18.6932,59.5335],[18.689,59.5334],[18.6844,59.5351],[18.6843,59.5397],[18.6745,59.5456],[18.6543,59.55],[18.6325,59.5499],[18.6097,59.5456],[18.5925,59.5388],[18.5804,59.5301],[18.5598,59.5179],[18.5511,59.5101],[18.5454,59.5024],[18.5481,59.499],[18.5554,59.4995],[18.5601,59.4981],[18.5635,59.4957],[18.5695,59.4953],[18.5764,59.4964],[18.5776,59.4951],[18.5716,59.4934],[18.565,59.493],[18.5596,59.4914],[18.5562,59.4875],[18.5581,59.4829],[18.5574,59.482],[18.5488,59.493],[18.5381,59.4956],[18.5249,59.4951],[18.5144,59.491],[18.5105,59.4831],[18.5145,59.4785],[18.5178,59.4741],[18.5191,59.4641],[18.5269,59.4547],[18.5363,59.4464],[18.5418,59.4372],[18.5454,59.4285],[18.5506,59.4226],[18.5564,59.4223],[18.5623,59.4283],[18.5731,59.4318],[18.5809,59.4307],[18.5785,59.4639],[18.5825,59.4555],[18.5912,59.4525],[18.6018,59.4561],[18.6053,59.4668],[18.5944,59.4869],[18.5999,59.4862],[18.6042,59.488],[18.6033,59.4931],[18.6084,59.4936],[18.6235,59.4883],[18.633,59.4897],[18.6377,59.4992],[18.6465,59.5045],[18.6566,59.5067]],[[24.5159,59.5981],[24.5005,59.5963],[24.4873,59.5785],[24.4891,59.5596],[24.5163,59.5443],[24.5428,59.5478],[24.5501,59.5578],[24.5309,59.584],[24.5159,59.5981]],[[18.9777,59.6339],[18.9649,59.6476],[18.9525,59.653],[18.9378,59.6491],[18.8684,59.6056],[18.8586,59.5958],[18.8635,59.584],[18.8856,59.5786],[18.8957,59.5812],[18.9053,59.5832],[18.9129,59.5921],[18.9275,59.6225],[18.9367,59.619],[18.9551,59.6179],[18.968,59.6194],[18.9753,59.6231],[18.9806,59.6243],[18.9846,59.6243],[18.9863,59.6286],[18.9818,59.6329],[18.9777,59.6339]],[[18.8543,59.6011],[18.8579,59.6033],[18.9053,59.6336],[18.9242,59.6483],[18.9243,59.6569],[18.8648,59.6325],[18.825,59.6094],[18.8156,59.6019],[18.7962,59.5893],[18.7744,59.5808],[18.7566,59.5756],[18.7568,59.5727],[18.7704,59.572],[18.7835,59.5744],[18.8088,59.5819],[18.8163,59.5833],[18.8239,59.5839],[18.8278,59.5859],[18.8276,59.5888],[18.8308,59.5916],[18.8543,59.6011]],[[18.9963,59.8098],[18.995,59.8085],[18.9922,59.8075],[18.9925,59.8135],[18.9963,59.8264],[18.9955,59.8395],[18.988,59.8505],[18.9783,59.8579],[18.9686,59.8618],[18.9592,59.8637],[18.9517,59.8612],[18.9417,59.8481],[18.8976,59.8098],[18.8858,59.7939],[18.8913,59.7856],[18.9175,59.7877],[18.9263,59.7869],[18.9323,59.7901],[18.9356,59.7927],[18.9431,59.7901],[18.9564,59.7871],[18.972,59.7866],[18.9878,59.7895],[18.9978,59.7946],[19.002,59.8],[19.0023,59.8057],[18.9987,59.809],[18.9963,59.8098]],[[20.8753,59.9141],[20.8877,59.9091],[20.9124,59.9045],[20.9202,59.9092],[20.9129,59.9207],[20.9066,59.9335],[20.8975,59.9401],[20.8845,59.9398],[20.8709,59.9368],[20.8621,59.9282],[20.8679,59.9179],[20.8753,59.9141]],[[20.9836,59.9428],[20.9966,59.945],[20.9959,59.9499],[20.9898,59.9519],[20.9787,59.9521],[20.9347,59.958],[20.9199,59.9533],[20.9152,59.9494],[20.9133,59.9484],[20.9185,59.9431],[20.9321,59.9359],[20.9828,59.9215],[20.9912,59.9267],[20.9841,59.9363],[20.9692,59.9421],[20.9694,59.9438],[20.9836,59.9428]],[[23.9152,59.9735],[23.8923,59.9765],[23.8703,59.9728],[23.854,59.9629],[23.8474,59.9547],[23.8504,59.9526],[23.8562,59.9533],[23.8708,59.9467],[23.8861,59.948],[23.8942,59.9497],[23.8957,59.9512],[23.896,59.9543],[23.9087,59.9538],[23.9204,59.9594],[23.9201,59.9678],[23.9235,59.9693],[23.9152,59.9735]],[[29.7914,59.9949],[29.7874,59.9968],[29.7136,60.0219],[29.6687,60.0279],[29.6574,60.0255],[29.6992,60.0103],[29.7168,60.0062],[29.7289,60.0015],[29.7337,59.9963],[29.7869,59.9751],[29.7925,59.9787],[29.7966,59.9833],[29.8005,59.9855],[29.7985,59.9901],[29.7914,59.9949]],[[27.885,60.0111],[27.8693,60.0137],[27.8411,60.0264],[27.8201,60.0308],[27.8097,60.0202],[27.8079,60.0099],[27.8026,59.9993],[27.8049,59.9895],[27.8205,59.9827],[27.8739,59.9948],[27.8923,59.995],[27.8916,60.0036],[27.885,60.0111]],[[20.6101,60.045],[20.6087,60.0476],[20.605,60.0521],[20.5986,60.0527],[20.5911,60.0508],[20.5879,60.0519],[20.5871,60.0559],[20.5829,60.0591],[20.5762,60.0591],[20.5682,60.057],[20.5584,60.0576],[20.5449,60.0561],[20.5309,60.0484],[20.5055,60.0242],[20.5008,60.0127],[20.5119,60.0063],[20.527,60.0051],[20.5399,60.0095],[20.5462,60.0165],[20.5505,60.0189],[20.5775,60.0067],[20.5872,60.0081],[20.5964,60.0161],[20.6063,60.0226],[20.6099,60.0299],[20.6082,60.036],[20.6009,60.0392],[20.6034,60.0398],[20.6152,60.0411],[20.6179,60.0422],[20.6126,60.0434],[20.6101,60.045]],[[20.4241,60.0552],[20.4035,60.0405],[20.3901,60.0282],[20.4024,60.0213],[20.4321,60.0251],[20.451,60.0401],[20.4626,60.0668],[20.4489,60.0651],[20.4241,60.0552]],[[22.8874,60.0678],[22.8633,60.0626],[22.8552,60.0556],[22.862,60.0519],[22.8752,60.0515],[22.8838,60.0481],[22.8833,60.0431],[22.8557,60.0413],[22.8511,60.0279],[22.8595,60.0114],[22.8722,60.006],[22.8801,60.0111],[22.884,60.0194],[22.8934,60.0331],[22.9007,60.0375],[22.9066,60.0384],[22.911,60.0416],[22.9168,60.0492],[22.9196,60.0583],[22.9266,60.0654],[22.9177,60.0687],[22.8874,60.0678]],[[20.5212,60.048],[20.5262,60.0568],[20.5358,60.0642],[20.5418,60.071],[20.5334,60.0736],[20.5184,60.0704],[20.5164,60.067],[20.5254,60.0655],[20.5222,60.0648],[20.488,60.0624],[20.4697,60.0574],[20.4714,60.0413],[20.5003,60.0364],[20.5194,60.043],[20.5212,60.048]],[[27.0222,60.0422],[27.0178,60.0479],[27.0078,60.0578],[26.9971,60.0663],[26.9868,60.076],[26.9766,60.0884],[26.9641,60.0994],[26.95,60.0996],[26.9445,60.0914],[26.9622,60.0595],[26.9644,60.0471],[26.9675,60.0437],[26.9768,60.0257],[26.9847,60.0177],[26.9958,60.0142],[27.0083,60.0139],[27.0207,60.0176],[27.0274,60.0268],[27.0254,60.0373],[27.0222,60.0422]],[[22.9575,60.1108],[22.95,60.1186],[22.9377,60.1243],[22.917,60.1251],[22.8916,60.1191],[22.8797,60.1137],[22.8733,60.1098],[22.864,60.1008],[22.8566,60.0916],[22.8451,60.0858],[22.8455,60.0822],[22.8616,60.081],[22.8704,60.0815],[22.8989,60.081],[22.9151,60.0847],[22.9279,60.0899],[22.9333,60.0897],[22.932,60.0859],[22.9369,60.0839],[22.9468,60.0847],[22.9573,60.0889],[22.9631,60.0969],[22.9617,60.1044],[22.9575,60.1108]],[[21.9915,60.13],[21.9772,60.1308],[21.9621,60.1379],[21.9505,60.1357],[21.9357,60.1313],[21.9299,60.1246],[21.9393,60.1163],[21.9439,60.1135],[21.9714,60.1114],[21.9876,60.112],[22.0073,60.1155],[22.0124,60.1227],[21.9998,60.1285],[21.9915,60.13]],[[20.6834,60.1305],[20.6795,60.1363],[20.6686,60.145],[20.6599,60.1497],[20.6536,60.1514],[20.6441,60.1494],[20.6355,60.1439],[20.6387,60.1313],[20.6558,60.1159],[20.6716,60.1092],[20.682,60.1102],[20.6882,60.117],[20.6865,60.1265],[20.6834,60.1305]],[[22.3132,60.192],[22.3045,60.1888],[22.2993,60.1822],[22.2991,60.1759],[22.2982,60.1726],[22.2937,60.1704],[22.2908,60.1646],[22.2922,60.1563],[22.2922,60.152],[22.2883,60.1498],[22.2987,60.1469],[22.3237,60.1469],[22.3369,60.1485],[22.3333,60.154],[22.3191,60.1601],[22.32,60.164],[22.3442,60.1688],[22.3679,60.1774],[22.3856,60.1953],[22.375,60.204],[22.3132,60.192]],[[18.724,60.1966],[18.7183,60.1942],[18.7146,60.1877],[18.7131,60.1826],[18.7142,60.1734],[18.7204,60.1612],[18.7244,60.1555],[18.7363,60.1529],[18.761,60.1501],[18.782,60.1535],[18.8069,60.1606],[18.8062,60.168],[18.8003,60.1764],[18.7956,60.1782],[18.7903,60.1762],[18.7844,60.1751],[18.7839,60.1759],[18.7881,60.178],[18.7883,60.1841],[18.7824,60.1899],[18.7726,60.192],[18.7658,60.196],[18.7614,60.2032],[18.7531,60.2092],[18.7383,60.2145],[18.7185,60.2165],[18.7123,60.2121],[18.7288,60.2004],[18.7288,60.1967],[18.724,60.1966]],[[20.6838,60.2294],[20.6685,60.2267],[20.6634,60.2164],[20.6641,60.205],[20.6707,60.1992],[20.6868,60.1946],[20.7077,60.1997],[20.7163,60.2093],[20.7059,60.2182],[20.6838,60.2294]],[[21.9832,60.285],[21.9958,60.2873],[22.006,60.2921],[22.0083,60.2973],[21.9963,60.2961],[21.979,60.2893],[21.9729,60.2853],[21.9768,60.2846],[21.9832,60.285]],[[21.9569,60.2814],[21.9754,60.3026],[21.9738,60.3093],[21.9598,60.3122],[21.9255,60.3126],[21.9085,60.3094],[21.8952,60.3106],[21.8797,60.3105],[21.8753,60.3049],[21.8849,60.2895],[21.896,60.2897],[21.9097,60.2801],[21.926,60.2773],[21.9446,60.2771],[21.9569,60.2814]],[[28.7118,60.295],[28.683,60.2995],[28.6214,60.3301],[28.6123,60.3373],[28.6028,60.341],[28.5939,60.3386],[28.5869,60.34],[28.5803,60.3489],[28.5759,60.3494],[28.5687,60.3433],[28.5565,60.3445],[28.5453,60.3486],[28.5414,60.3474],[28.5454,60.3415],[28.5469,60.3342],[28.5435,60.3266],[28.5441,60.3157],[28.551,60.3027],[28.5693,60.2923],[28.6242,60.2702],[28.647,60.2656],[28.6585,60.2646],[28.6722,60.2645],[28.6946,60.2611],[28.6989,60.2643],[28.6979,60.2723],[28.7031,60.28],[28.7158,60.2844],[28.7214,60.2875],[28.7153,60.2925],[28.7118,60.295]],[[28.5169,60.3377],[28.5137,60.3417],[28.5125,60.3467],[28.5031,60.3541],[28.4849,60.3619],[28.4651,60.3659],[28.4546,60.3668],[28.428,60.3659],[28.4255,60.3608],[28.4424,60.3443],[28.4514,60.3398],[28.4611,60.3378],[28.4678,60.3344],[28.4712,60.33],[28.4831,60.321],[28.5037,60.311],[28.5183,60.3129],[28.5233,60.3248],[28.5243,60.3314],[28.5218,60.3337],[28.5169,60.3377]],[[20.7774,60.3265],[20.7853,60.3336],[20.7894,60.3427],[20.792,60.3528],[20.7874,60.362],[20.7761,60.3664],[20.7643,60.3679],[20.7572,60.3661],[20.7549,60.3607],[20.7507,60.3549],[20.7469,60.3519],[20.7435,60.3485],[20.7354,60.3378],[20.7327,60.3327],[20.7318,60.3244],[20.7315,60.321],[20.7327,60.3144],[20.74,60.3124],[20.7774,60.3265]],[[22.2997,60.3676],[22.2849,60.375],[22.2557,60.3742],[22.1642,60.3616],[22.1571,60.3583],[22.1572,60.3519],[22.1702,60.3442],[22.1911,60.3417],[22.2022,60.3432],[22.2896,60.358],[22.2997,60.3676]],[[22.2062,60.3826],[22.1468,60.3804],[22.1379,60.3791],[22.1221,60.3716],[22.1043,60.3542],[22.1125,60.3529],[22.2075,60.3756],[22.2062,60.3826]],[[21.3381,60.3834],[21.3198,60.3915],[21.3078,60.3896],[21.303,60.3837],[21.2962,60.3776],[21.2944,60.3705],[21.3039,60.3642],[21.3237,60.3667],[21.3311,60.3652],[21.334,60.363],[21.3337,60.356],[21.3384,60.3531],[21.3457,60.3538],[21.3528,60.3516],[21.3553,60.3518],[21.3571,60.3581],[21.3523,60.3704],[21.3381,60.3834]],[[26.6021,60.4465],[26.5934,60.446],[26.585,60.4411],[26.5803,60.4346],[26.5807,60.4274],[26.5747,60.4218],[26.5609,60.4168],[26.5134,60.4113],[26.5072,60.4035],[26.5261,60.3852],[26.5383,60.3781],[26.5486,60.3784],[26.5589,60.3974],[26.5731,60.4053],[26.6365,60.4149],[26.6497,60.4215],[26.6526,60.4269],[26.6441,60.4319],[26.6021,60.4465]],[[12.8753,66.2856],[12.8729,66.2882],[12.8672,66.2917],[12.8597,66.2927],[12.8394,66.2931],[12.8356,66.2936],[12.8293,66.2958],[12.8244,66.299],[12.8122,66.2967],[12.807,66.3038],[12.8,66.312],[12.7938,66.3112],[12.7953,66.3051],[12.7942,66.3004],[12.7928,66.295],[12.7572,66.2775],[12.7376,66.2706],[12.7147,66.2591],[12.7051,66.2508],[12.7002,66.2432],[12.7051,66.2413],[12.7196,66.2431],[12.741,66.2416],[12.7508,66.2331],[12.7608,66.2219],[12.7873,66.2173],[12.8102,66.2236],[12.825,66.2159],[12.846,66.2263],[12.8572,66.234],[12.8683,66.2394],[12.8792,66.2434],[12.8869,66.2569],[12.8823,66.2768],[12.8753,66.2856]],[[12.9408,66.4602],[12.9289,66.4578],[12.9292,66.4525],[12.9282,66.442],[12.9194,66.4316],[12.9124,66.4314],[12.9108,66.4372],[12.907,66.4426],[12.9024,66.4464],[12.9016,66.4531],[12.8967,66.4562],[12.8867,66.4565],[12.8294,66.4473],[12.8172,66.4426],[12.8186,66.4374],[12.8264,66.4362],[12.8355,66.4239],[12.8503,66.4096],[12.8431,66.3984],[12.8106,66.3893],[12.8008,66.3847],[12.8167,66.3811],[12.8274,66.3768],[12.8318,66.3732],[12.8379,66.3708],[12.8484,66.3717],[12.8595,66.3664],[12.8679,66.3635],[12.8772,66.359],[12.8989,66.355],[12.8952,66.3604],[12.8843,66.3765],[12.8814,66.3906],[12.886,66.4017],[12.8913,66.4093],[12.8997,66.4161],[12.9024,66.4049],[12.9074,66.3989],[12.916,66.3946],[12.931,66.3893],[12.9385,66.3944],[12.9489,66.4091],[12.9541,66.4331],[12.9665,66.4531],[12.9607,66.4595],[12.9408,66.4602]],[[32.386,67.1323],[32.3735,67.1369],[32.3561,67.1391],[32.3415,67.1361],[32.3377,67.1249],[32.3442,67.1168],[32.3555,67.1133],[32.3672,67.1114],[32.3937,67.1003],[32.4071,67.1071],[32.4076,67.1204],[32.386,67.1323]],[[15.2957,67.9453],[15.2803,67.9428],[15.2793,67.9398],[15.2627,67.9326],[15.2571,67.9405],[15.2466,67.9417],[15.2313,67.9419],[15.2279,67.9477],[15.2116,67.9512],[15.1624,67.954],[15.1399,67.9584],[15.1089,67.9762],[15.1066,67.9809],[15.1111,67.987],[15.1136,67.9949],[15.1107,68.0002],[15.1057,68.0007],[15.096,67.9938],[15.0691,67.9805],[15.0618,67.9744],[15.0521,67.9682],[15.0383,67.9674],[15.0188,67.9705],[14.9782,67.9719],[14.972,67.97],[14.9771,67.9638],[14.9769,67.9591],[14.9651,67.9526],[14.9612,67.9416],[14.9691,67.9252],[14.9722,67.9165],[14.9802,67.9146],[15.0226,67.9189],[15.1193,67.9158],[15.1476,67.9106],[15.1631,67.9107],[15.2425,67.9197],[15.2463,67.9179],[15.2537,67.9166],[15.2892,67.9258],[15.3049,67.9377],[15.304,67.9451],[15.2957,67.9453]],[[15.9302,68.0082],[15.9187,68.0142],[15.8918,68.0186],[15.8597,68.0275],[15.5741,68.0256],[15.5359,68.0208],[15.5217,68.0157],[15.5085,68.008],[15.4954,68.0056],[15.4832,68.006],[15.4824,68.0026],[15.4958,67.9974],[15.5037,67.9953],[15.5103,67.9928],[15.5234,67.99],[15.6174,67.9853],[15.6521,67.9872],[15.6613,67.9886],[15.6794,67.9936],[15.7062,68.0124],[15.7288,68.0119],[15.7861,67.9931],[15.8412,67.9837],[15.884,67.9841],[15.9248,67.9929],[15.9336,67.997],[15.933,68.0041],[15.9302,68.0082]],[[15.1662,67.9868],[15.1733,67.9747],[15.1848,67.9668],[15.2682,67.967],[15.2866,67.977],[15.2751,67.9954],[15.2581,68.0098],[15.2404,68.029],[15.2303,68.0367],[15.222,68.0373],[15.221,68.0314],[15.2114,68.0255],[15.1895,68.019],[15.1765,68.0115],[15.1712,68.0053],[15.1633,68.0006],[15.1597,67.9957],[15.1605,67.9926],[15.1662,67.9868]],[[14.9966,68.9016],[14.9829,68.9178],[14.9587,68.9261],[14.8997,68.9309],[14.8734,68.9291],[14.8573,68.923],[14.8519,68.9188],[14.854,68.9135],[14.8552,68.9072],[14.8401,68.8917],[14.8436,68.8854],[14.8587,68.8834],[14.8923,68.8734],[14.9012,68.8723],[14.9583,68.8753],[14.9876,68.8847],[14.9966,68.9016]],[[20.7029,69.8888],[20.7131,69.8932],[20.7166,69.8942],[20.7225,69.8975],[20.722,69.9041],[20.7131,69.9096],[20.5989,69.9046],[20.5769,69.9012],[20.5628,69.896],[20.5581,69.8901],[20.555,69.8817],[20.549,69.8734],[20.5293,69.8542],[20.5226,69.8394],[20.5267,69.8211],[20.5325,69.8123],[20.554,69.8005],[20.6062,69.7938],[20.6609,69.8034],[20.7067,69.8173],[20.7207,69.8371],[20.7044,69.861],[20.6966,69.8779],[20.6983,69.884],[20.7029,69.8888]],[[30.0212,69.8323],[30.0233,69.8367],[30.0266,69.8483],[30.0286,69.8529],[30.0055,69.8629],[30.0007,69.8659],[29.9966,69.8743],[29.9985,69.8881],[29.9945,69.8938],[29.971,69.902],[29.8772,69.9143],[29.8425,69.9089],[29.8159,69.8911],[29.8084,69.8659],[29.8301,69.8386],[29.8013,69.8207],[29.7354,69.7902],[29.7132,69.7634],[29.7957,69.756],[29.8329,69.7693],[29.846,69.7797],[29.8301,69.7908],[29.8465,69.7966],[29.8648,69.7907],[29.8843,69.7814],[29.905,69.7771],[29.9289,69.7819],[29.9762,69.8003],[30.0571,69.8096],[30.0877,69.8171],[30.1074,69.8286],[30.0999,69.8345],[30.0212,69.8323]],[[19.8133,70.0026],[19.8003,70.0043],[19.7743,70.0048],[19.7497,69.9951],[19.7262,69.9792],[19.6926,69.9636],[19.5951,69.9344],[19.5469,69.9255],[19.533,69.9194],[19.5099,69.8937],[19.4427,69.8585],[19.4343,69.8405],[19.4837,69.8383],[19.6771,69.8552],[19.7206,69.8647],[19.7581,69.8918],[19.7923,69.9252],[19.8347,69.9497],[19.8565,69.9731],[19.8342,69.9948],[19.8133,70.0026]],[[18.6668,70.0276],[18.69,70.0264],[18.6875,70.0222],[18.6704,70.0122],[18.6701,69.999],[18.6878,69.9882],[18.7017,69.9847],[18.7078,69.9866],[18.7132,69.9892],[18.7188,69.9907],[18.7303,69.9999],[18.7651,70.0192],[18.8367,70.0384],[18.9105,70.0456],[18.9378,70.0534],[18.9597,70.0639],[18.9756,70.0736],[18.9691,70.0843],[18.9207,70.0974],[18.9074,70.1054],[18.8898,70.1061],[18.8285,70.0731],[18.8184,70.0644],[18.8065,70.0593],[18.7991,70.0657],[18.7957,70.0842],[18.7813,70.102],[18.7537,70.112],[18.7214,70.116],[18.7024,70.1114],[18.7039,70.1023],[18.7102,70.0944],[18.7083,70.0865],[18.7124,70.0836],[18.702,70.0766],[18.6753,70.0643],[18.6572,70.0483],[18.6602,70.0336],[18.6668,70.0276]],[[20.8942,70.0796],[20.9152,70.0955],[20.9148,70.1079],[20.8569,70.1449],[20.8318,70.1509],[20.8075,70.1408],[20.793,70.119],[20.7988,70.0933],[20.8081,70.0806],[20.8255,70.0731],[20.8617,70.069],[20.8942,70.0796]],[[19.5387,70.0937],[19.5503,70.0949],[19.569,70.1014],[19.5733,70.1117],[19.5521,70.1209],[19.4466,70.1554],[19.408,70.1621],[19.3665,70.1542],[19.3406,70.1401],[19.335,70.1279],[19.3431,70.1184],[19.3587,70.1131],[19.4173,70.1042],[19.4906,70.0939],[19.5387,70.0937]],[[19.2424,70.2009],[19.2277,70.2121],[19.2297,70.2209],[19.2305,70.2344],[19.2114,70.2506],[19.2059,70.2543],[19.1973,70.257],[19.1916,70.2543],[19.1849,70.2534],[19.1774,70.2558],[19.1683,70.2549],[19.1598,70.2484],[19.1558,70.2429],[19.1551,70.2392],[19.152,70.2375],[19.1455,70.2394],[19.135,70.2409],[19.1052,70.2412],[19.0915,70.2379],[19.0892,70.2336],[19.0964,70.2299],[19.1104,70.2244],[19.1139,70.2206],[19.112,70.2163],[19.1188,70.2088],[19.138,70.2017],[19.1374,70.1972],[19.1141,70.1933],[19.0979,70.1859],[19.0986,70.1579],[19.0874,70.1575],[19.0763,70.1667],[19.0645,70.1705],[19.0457,70.1691],[19.0017,70.1584],[18.9959,70.1521],[19.0095,70.1459],[19.0314,70.1408],[19.1029,70.1169],[19.1406,70.1108],[19.1742,70.1151],[19.2268,70.135],[19.2295,70.1399],[19.2268,70.1444],[19.2254,70.1492],[19.2254,70.1539],[19.2297,70.1599],[19.2502,70.1741],[19.2522,70.1867],[19.2487,70.1938],[19.2424,70.2009]],[[21.7381,70.3782],[21.7295,70.3827],[21.7123,70.3892],[21.7036,70.3864],[21.7034,70.3767],[21.698,70.3711],[21.693,70.3703],[21.6882,70.3692],[21.6846,70.3638],[21.6891,70.3546],[21.6888,70.3354],[21.6789,70.3074],[21.6769,70.2848],[21.6896,70.2705],[21.7031,70.2618],[21.7149,70.26],[21.731,70.2648],[21.749,70.2744],[21.7647,70.2869],[21.7937,70.3234],[21.7992,70.3471],[21.7927,70.3581],[21.7381,70.3782]],[[23.2605,57.8135],[23.2396,57.8226],[23.2243,57.8237],[23.2206,57.8177],[23.2186,57.8095],[23.2178,57.8009],[23.2295,57.7917],[23.2503,57.7844],[23.2702,57.7856],[23.2751,57.7987],[23.2707,57.8078],[23.2605,57.8135]],[[16.8667,58.3046],[16.8449,58.3104],[16.8325,58.3042],[16.8364,58.2905],[16.8474,58.2755],[16.8558,58.2719],[16.8682,58.2726],[16.8791,58.2806],[16.8806,58.2933],[16.8773,58.2997],[16.8667,58.3046]],[[16.8916,58.3337],[16.8703,58.3332],[16.846,58.3454],[16.8306,58.3559],[16.8275,58.3636],[16.8338,58.3689],[16.8454,58.3688],[16.8472,58.3721],[16.8288,58.3815],[16.84,58.3804],[16.8512,58.3834],[16.8616,58.392],[16.8643,58.3977],[16.8597,58.4003],[16.8538,58.402],[16.8407,58.3991],[16.8366,58.4005],[16.8298,58.3995],[16.8167,58.3956],[16.8078,58.3942],[16.7901,58.3891],[16.7852,58.3801],[16.7964,58.3714],[16.8015,58.3648],[16.8001,58.3583],[16.8042,58.353],[16.8094,58.3485],[16.815,58.3392],[16.8274,58.3275],[16.846,58.3198],[16.8652,58.3167],[16.8818,58.3171],[16.895,58.3207],[16.905,58.3263],[16.9084,58.3294],[16.9133,58.3348],[16.9153,58.335],[16.919,58.3364],[16.9105,58.3383],[16.8916,58.3337]],[[18.3215,58.9691],[18.3057,58.9654],[18.2995,58.9627],[18.2904,58.9612],[18.2765,58.9614],[18.2619,58.9596],[18.2264,58.9447],[18.2109,58.935],[18.1956,58.9202],[18.1936,58.9113],[18.1983,58.9081],[18.2061,58.9054],[18.2163,58.9056],[18.238,58.9141],[18.2725,58.9192],[18.2883,58.9237],[18.3164,58.9269],[18.3148,58.931],[18.2993,58.9342],[18.2898,58.9414],[18.2935,58.9463],[18.3015,58.9455],[18.3093,58.9477],[18.3172,58.9514],[18.3389,58.9579],[18.3539,58.9674],[18.3571,58.977],[18.3508,58.9797],[18.3215,58.9691]],[[18.1983,59.0097],[18.1921,59.012],[18.1854,59.0115],[18.1807,59.0092],[18.1787,59.0114],[18.2157,59.0201],[18.2166,59.0245],[18.1721,59.0273],[18.1494,59.0256],[18.1253,59.0207],[18.1035,59.0226],[18.0928,59.0178],[18.0829,59.0092],[18.0798,59.0026],[18.0816,58.9967],[18.0759,58.9931],[18.0652,58.991],[18.0586,58.9851],[18.0526,58.9706],[18.0505,58.9671],[18.0506,58.9609],[18.0567,58.9594],[18.072,58.9655],[18.0869,58.9752],[18.0947,58.978],[18.099,58.9788],[18.1175,58.9674],[18.1311,58.9647],[18.1447,58.9691],[18.1502,58.9769],[18.1487,58.9858],[18.1492,58.9944],[18.1458,59.0044],[18.1481,59.0053],[18.1594,58.9977],[18.1677,58.9973],[18.1747,59.0015],[18.1826,58.9993],[18.1902,58.9939],[18.1946,58.998],[18.1983,59.0097]],[[17.7073,58.9934],[17.7063,59.0084],[17.7009,59.0248],[17.6941,59.039],[17.6867,59.0504],[17.6776,59.0566],[17.673,59.0576],[17.669,59.0589],[17.6657,59.0648],[17.6631,59.072],[17.6522,59.0715],[17.6439,59.0613],[17.6468,59.0338],[17.6462,59.0234],[17.6481,59.0175],[17.646,59.0095],[17.6364,58.9977],[17.6268,58.9814],[17.6243,58.9639],[17.6258,58.9568],[17.634,58.9562],[17.6406,58.9477],[17.6392,58.931],[17.6481,58.9189],[17.6571,58.9178],[17.6577,58.9227],[17.6848,58.9008],[17.6912,58.9018],[17.6826,58.9143],[17.6807,58.9218],[17.6875,58.9248],[17.6943,58.9286],[17.6971,58.9355],[17.7,58.9454],[17.7041,58.9553],[17.7036,58.9653],[17.7002,58.9768],[17.7025,58.9848],[17.7073,58.9934]],[[11.0703,59.0793],[11.0696,59.0776],[11.0705,59.0749],[11.0476,59.0732],[11.0398,59.0744],[11.0402,59.081],[11.0344,59.0889],[11.0208,59.0913],[11.0033,59.0865],[10.9932,59.0766],[10.9934,59.0623],[10.9915,59.0469],[10.9915,59.0336],[11.0008,59.0296],[11.009,59.0292],[11.0116,59.0254],[11.0135,59.0216],[11.0182,59.0194],[11.0305,59.0208],[11.0464,59.0268],[11.0549,59.0359],[11.0505,59.0423],[11.0516,59.0461],[11.0648,59.0515],[11.0755,59.0585],[11.0824,59.0679],[11.083,59.0773],[11.0757,59.0805],[11.0703,59.0793]],[[10.9105,59.1164],[10.8976,59.1156],[10.8719,59.1065],[10.8573,59.0991],[10.8557,59.1024],[10.8591,59.106],[10.865,59.109],[10.8679,59.1133],[10.8652,59.1166],[10.8555,59.1154],[10.8426,59.11],[10.8325,59.1044],[10.8291,59.0994],[10.8384,59.0864],[10.8418,59.0802],[10.8457,59.0758],[10.8557,59.0742],[10.8698,59.0771],[10.8748,59.0757],[10.8775,59.0712],[10.8838,59.0722],[10.9071,59.0906],[10.9144,59.1007],[10.9138,59.1116],[10.9105,59.1164]],[[5.2897,60.0743],[5.2793,60.0812],[5.2727,60.0837],[5.2659,60.0827],[5.2625,60.0754],[5.2595,60.0756],[5.2522,60.085],[5.2498,60.0894],[5.2537,60.0898],[5.2478,60.0985],[5.2298,60.1122],[5.222,60.1171],[5.2175,60.1185],[5.2053,60.1174],[5.2049,60.1071],[5.2153,60.0888],[5.2183,60.088],[5.2212,60.0855],[5.223,60.0788],[5.2288,60.0673],[5.2414,60.0554],[5.2466,60.0515],[5.242,60.0513],[5.2404,60.0495],[5.2424,60.0467],[5.2398,60.0439],[5.2317,60.0405],[5.2239,60.0423],[5.2196,60.051],[5.217,60.0614],[5.2111,60.0712],[5.2073,60.0795],[5.2068,60.0867],[5.2036,60.0883],[5.1971,60.082],[5.1799,60.0682],[5.1725,60.0541],[5.1717,60.0495],[5.1738,60.0461],[5.1979,60.0339],[5.2007,60.0294],[5.1994,60.0238],[5.2043,60.0161],[5.2183,60.0085],[5.231,60.0062],[5.2401,60.0065],[5.2455,60.0043],[5.2461,59.9984],[5.2537,59.9931],[5.2688,59.9949],[5.2776,60.0036],[5.2793,60.0125],[5.297,60.0275],[5.2986,60.0378],[5.2991,60.0463],[5.3001,60.0508],[5.2984,60.0597],[5.2897,60.0743]],[[4.9224,60.8675],[4.9201,60.8684],[4.9242,60.8712],[4.9225,60.8781],[4.8972,60.9074],[4.8853,60.9137],[4.874,60.9177],[4.8709,60.9238],[4.8766,60.9259],[4.8841,60.9256],[4.8828,60.93],[4.8708,60.9329],[4.8556,60.9325],[4.8263,60.929],[4.8249,60.9301],[4.8366,60.9332],[4.8433,60.9389],[4.8368,60.9432],[4.7951,60.9389],[4.7816,60.9353],[4.7769,60.93],[4.782,60.924],[4.784,60.9202],[4.7816,60.9176],[4.7839,60.9169],[4.7914,60.9184],[4.8003,60.9169],[4.8096,60.9119],[4.8169,60.9117],[4.8211,60.9185],[4.8252,60.9205],[4.8312,60.9145],[4.8332,60.9084],[4.8309,60.9024],[4.8347,60.8952],[4.8454,60.8901],[4.861,60.8847],[4.8654,60.8857],[4.8682,60.8878],[4.8722,60.884],[4.8724,60.8751],[4.8788,60.8651],[4.898,60.8585],[4.9182,60.8554],[4.9251,60.8555],[4.929,60.8586],[4.9294,60.8612],[4.9284,60.8642],[4.9224,60.8675]],[[4.7214,61.0402],[4.7114,61.0483],[4.7122,61.0552],[4.7146,61.0601],[4.7092,61.0673],[4.7056,61.0762],[4.7,61.0822],[4.689,61.0823],[4.6797,61.0797],[4.6746,61.0734],[4.6685,61.0683],[4.6641,61.0675],[4.6594,61.0661],[4.6447,61.0602],[4.6438,61.0576],[4.6488,61.0547],[4.6481,61.0523],[4.6448,61.0458],[4.646,61.0363],[4.6487,61.0264],[4.6563,61.0195],[4.6649,61.0187],[4.6688,61.0141],[4.6724,61.0033],[4.6803,60.9971],[4.6885,60.9995],[4.6917,61.0025],[4.6974,61.0077],[4.7054,61.0187],[4.7087,61.0197],[4.7054,61.0104],[4.7013,61.0016],[4.7019,60.9937],[4.7069,60.9885],[4.7184,60.9909],[4.7311,60.9999],[4.739,61.0137],[4.7396,61.0277],[4.7327,61.0351],[4.7214,61.0402]],[[5.1203,62.0258],[5.1018,62.0213],[5.089,62.0158],[5.0858,62.0104],[5.0798,62.0064],[5.0676,62.0089],[5.0096,62.0307],[4.9929,62.0351],[4.9851,62.0339],[4.9859,62.0274],[4.9841,62.0186],[4.9842,62.0095],[4.9862,62.0053],[4.9985,61.9962],[5.0544,61.9724],[5.0558,61.959],[5.0484,61.9528],[5.0442,61.957],[5.0366,61.9615],[5.0248,61.9602],[5.0161,61.9525],[5.0155,61.9434],[5.0215,61.9389],[5.0339,61.935],[5.041,61.9346],[5.0754,61.9272],[5.0952,61.9274],[5.1126,61.9369],[5.1232,61.9488],[5.1279,61.9586],[5.1299,61.9637],[5.1389,61.9797],[5.1487,61.9886],[5.1521,61.998],[5.1336,62.0198],[5.1203,62.0258]],[[5.636,62.3193],[5.6498,62.3198],[5.6541,62.3244],[5.6595,62.328],[5.6672,62.3299],[5.669,62.3276],[5.6746,62.3227],[5.699,62.3214],[5.7285,62.3266],[5.739,62.3324],[5.7337,62.3331],[5.7346,62.3379],[5.7424,62.3498],[5.7415,62.3607],[5.7297,62.3616],[5.7215,62.3601],[5.7201,62.3631],[5.7158,62.3652],[5.697,62.3647],[5.6853,62.362],[5.6789,62.3554],[5.6799,62.3465],[5.6731,62.3438],[5.6543,62.3451],[5.6301,62.3418],[5.6097,62.3338],[5.603,62.3288],[5.6139,62.3247],[5.636,62.3193]],[[5.5939,62.3398],[5.5977,62.3448],[5.5964,62.3545],[5.5817,62.3588],[5.5648,62.3611],[5.5474,62.3679],[5.5236,62.3697],[5.5099,62.364],[5.5169,62.3494],[5.5149,62.3455],[5.5156,62.3403],[5.5213,62.3349],[5.5425,62.3317],[5.5769,62.3353],[5.5939,62.3398]],[[18.1247,62.6879],[18.1301,62.6935],[18.1245,62.699],[18.117,62.7017],[18.12,62.7065],[18.1311,62.7075],[18.1431,62.7064],[18.147,62.7095],[18.1484,62.7155],[18.1572,62.7254],[18.1611,62.7392],[18.1598,62.7471],[18.1494,62.7498],[18.1281,62.7517],[18.1032,62.7452],[18.0928,62.7482],[18.082,62.7544],[18.0643,62.7579],[18.041,62.7545],[18.0283,62.7452],[18.0249,62.7346],[18.0158,62.7223],[18.0061,62.7056],[18.027,62.6845],[18.0789,62.6798],[18.1247,62.6879]],[[8.3148,63.1813],[8.3064,63.1882],[8.2889,63.1966],[8.278,63.2004],[8.2351,63.2222],[8.2105,63.2274],[8.1882,63.2253],[8.1707,63.2202],[8.1653,63.2134],[8.1737,63.2091],[8.1819,63.2014],[8.1908,63.175],[8.1958,63.1672],[8.2098,63.1614],[8.2313,63.1596],[8.3068,63.1672],[8.3254,63.1714],[8.3181,63.1778],[8.3148,63.1813]],[[22.0262,63.3222],[22.0222,63.3234],[22.0186,63.3262],[22.0127,63.3261],[22.0076,63.3249],[22.012,63.3203],[22.0262,63.3134],[22.03,63.3084],[22.0218,63.3072],[22.0023,63.3134],[21.989,63.3104],[21.9777,63.2987],[21.9744,63.2868],[21.9783,63.28],[21.9844,63.2772],[21.9899,63.2776],[21.9946,63.2801],[21.9956,63.2847],[21.9978,63.289],[22.0046,63.2912],[22.0081,63.2882],[22.0071,63.2811],[22.0138,63.2777],[22.0298,63.2774],[22.0466,63.2822],[22.0581,63.2949],[22.0608,63.3022],[22.0335,63.3221],[22.0262,63.3222]],[[22.1442,63.2514],[22.1441,63.2541],[22.1487,63.2558],[22.1572,63.2565],[22.1631,63.2633],[22.1585,63.2741],[22.139,63.2791],[22.1141,63.2822],[22.1144,63.2842],[22.1565,63.2886],[22.1873,63.2735],[22.2087,63.2733],[22.2227,63.28],[22.2344,63.2932],[22.2445,63.3025],[22.2463,63.3071],[22.2389,63.3138],[22.2371,63.3255],[22.2357,63.3312],[22.2313,63.3388],[22.2263,63.3406],[22.2217,63.3386],[22.2153,63.333],[22.2107,63.3254],[22.208,63.3179],[22.2026,63.3128],[22.1956,63.3098],[22.1906,63.3105],[22.1863,63.3148],[22.1786,63.3179],[22.1697,63.3192],[22.1644,63.3167],[22.1636,63.3117],[22.1582,63.311],[22.148,63.3156],[22.14,63.3222],[22.1321,63.3259],[22.1235,63.3264],[22.1102,63.3289],[22.0926,63.3231],[22.0786,63.3216],[22.0692,63.3185],[22.0728,63.3128],[22.0828,63.3042],[22.0889,63.2946],[22.0833,63.288],[22.0757,63.2862],[22.0687,63.2839],[22.0671,63.279],[22.0785,63.2745],[22.0832,63.2705],[22.0794,63.2663],[22.0855,63.2618],[22.1365,63.2506],[22.1442,63.2514]],[[21.9572,63.3316],[21.9661,63.3332],[21.9841,63.3411],[21.9971,63.3485],[22.002,63.3542],[22.0127,63.3637],[22.0269,63.3662],[22.0593,63.3579],[22.0762,63.3601],[22.0851,63.367],[22.0803,63.3736],[22.0794,63.3769],[22.0889,63.3776],[22.096,63.3803],[22.096,63.3835],[22.0891,63.3839],[22.0794,63.3835],[22.0698,63.3852],[22.065,63.387],[22.0598,63.3884],[22.0459,63.3875],[22.0303,63.3834],[22.0147,63.3854],[21.9964,63.3847],[21.9866,63.3779],[21.9837,63.3733],[21.9782,63.3689],[21.9717,63.3651],[21.9661,63.3598],[21.9612,63.3538],[21.9562,63.3493],[21.9513,63.3437],[21.949,63.34],[21.9473,63.338],[21.949,63.3338],[21.9572,63.3316]],[[9.16,63.6478],[9.1566,63.6484],[9.1502,63.6509],[9.1445,63.6524],[9.1233,63.6498],[9.1189,63.6518],[9.1185,63.6553],[9.1076,63.6598],[9.0847,63.6618],[9.0579,63.6611],[9.0482,63.6592],[9.0415,63.6546],[9.0405,63.6492],[9.0383,63.6442],[9.0313,63.6381],[9.0305,63.633],[9.0269,63.6303],[9.014,63.6267],[9.0301,63.6173],[9.0763,63.613],[9.1105,63.6212],[9.1323,63.6286],[9.1621,63.6339],[9.1709,63.6414],[9.167,63.6472],[9.16,63.6478]],[[20.8709,63.6694],[20.8689,63.6757],[20.8646,63.6767],[20.8276,63.6531],[20.8259,63.6436],[20.843,63.6442],[20.8561,63.6509],[20.8646,63.6594],[20.8709,63.6694]],[[20.8981,63.7541],[20.8889,63.7499],[20.8809,63.7424],[20.8621,63.6933],[20.8648,63.6831],[20.8797,63.6907],[20.8872,63.6909],[20.8941,63.6899],[20.9089,63.6953],[20.9231,63.7032],[20.9329,63.7153],[20.9367,63.7275],[20.9352,63.7373],[20.9329,63.7453],[20.9362,63.7521],[20.943,63.7567],[20.9442,63.7611],[20.9407,63.7657],[20.9422,63.7694],[20.947,63.7727],[20.9485,63.7746],[20.9382,63.7729],[20.9198,63.7641],[20.9071,63.7562],[20.8981,63.7541]],[[22.808,63.7795],[22.8045,63.7782],[22.8003,63.7761],[22.7957,63.7777],[22.7898,63.7838],[22.7817,63.7904],[22.7638,63.7914],[22.7373,63.7856],[22.7196,63.7789],[22.7114,63.7734],[22.703,63.7698],[22.6815,63.7634],[22.6831,63.7586],[22.687,63.7551],[22.6922,63.7511],[22.7029,63.7364],[22.7192,63.7266],[22.7396,63.7205],[22.7566,63.7227],[22.7645,63.727],[22.7761,63.7282],[22.7804,63.7343],[22.7772,63.7418],[22.7821,63.7448],[22.7932,63.7402],[22.8021,63.7382],[22.8094,63.7471],[22.812,63.7535],[22.8152,63.7565],[22.8191,63.7633],[22.8201,63.7689],[22.8211,63.7715],[22.8255,63.7729],[22.8289,63.7763],[22.8234,63.7792],[22.808,63.7795]],[[9.9308,64.0275],[9.9197,64.0285],[9.9202,64.0316],[9.9175,64.0372],[9.9036,64.0455],[9.8885,64.0491],[9.8797,64.0435],[9.8753,64.0383],[9.8511,64.0382],[9.8438,64.0332],[9.8474,64.0263],[9.8568,64.0234],[9.8674,64.0236],[9.8755,64.0227],[9.8811,64.02],[9.8738,64.0165],[9.856,64.013],[9.8539,64.0089],[9.8675,64.0065],[9.8809,64.0026],[9.8923,63.997],[9.9082,63.9975],[9.9285,64.0032],[9.9439,64.0115],[9.94,64.0221],[9.9308,64.0275]],[[11.4655,64.5878],[11.4544,64.5932],[11.444,64.5954],[11.4027,64.6227],[11.3931,64.6259],[11.3888,64.6203],[11.3914,64.611],[11.3665,64.6344],[11.3613,64.6278],[11.3685,64.6036],[11.3688,64.591],[11.3543,64.5873],[11.3479,64.5826],[11.3445,64.5737],[11.3513,64.5644],[11.386,64.5528],[11.4144,64.546],[11.4329,64.5424],[11.4373,64.5436],[11.4339,64.5473],[11.4378,64.5499],[11.4657,64.5512],[11.4802,64.5561],[11.4817,64.5634],[11.4729,64.5695],[11.4655,64.5878]],[[11.3508,64.6516],[11.3557,64.6673],[11.3426,64.6777],[11.3164,64.6808],[11.3167,64.6898],[11.304,64.6921],[11.1856,64.6738],[11.174,64.6689],[11.1712,64.6637],[11.168,64.6597],[11.1817,64.6575],[11.1818,64.6535],[11.1699,64.6446],[11.1731,64.6374],[11.2205,64.6334],[11.2293,64.6342],[11.2313,64.6365],[11.2366,64.6391],[11.2455,64.6394],[11.2551,64.6337],[11.2654,64.6225],[11.2798,64.6118],[11.2979,64.6035],[11.3123,64.5997],[11.3211,64.6033],[11.326,64.6095],[11.3289,64.6138],[11.3342,64.6166],[11.3401,64.6204],[11.3421,64.6232],[11.3415,64.6286],[11.3438,64.639],[11.3508,64.6516]],[[11.7617,65.1194],[11.7429,65.1154],[11.7329,65.1119],[11.7311,65.1087],[11.7258,65.1066],[11.7188,65.1084],[11.7073,65.1139],[11.689,65.118],[11.6618,65.1184],[11.5803,65.1097],[11.5657,65.1039],[11.5547,65.0963],[11.5409,65.0917],[11.531,65.0852],[11.5288,65.0754],[11.5251,65.0654],[11.5282,65.0638],[11.5266,65.062],[11.5192,65.0588],[11.5188,65.0546],[11.5586,65.0421],[11.5798,65.0425],[11.6035,65.0482],[11.627,65.0581],[11.6499,65.0651],[11.658,65.0647],[11.6522,65.06],[11.6527,65.0576],[11.6536,65.0515],[11.6519,65.0457],[11.6572,65.0424],[11.6694,65.0449],[11.6844,65.0506],[11.6985,65.0574],[11.7009,65.0648],[11.6882,65.0685],[11.6735,65.0685],[11.6736,65.0717],[11.6888,65.0771],[11.7096,65.0816],[11.7455,65.0951],[11.7653,65.1021],[11.7772,65.1101],[11.7769,65.1185],[11.7617,65.1194]],[[22.4081,65.4553],[22.3909,65.4595],[22.3709,65.4595],[22.3521,65.4493],[22.3325,65.443],[22.3213,65.4469],[22.3167,65.4522],[22.3064,65.4554],[22.2948,65.4529],[22.2864,65.4426],[22.2852,65.4316],[22.2949,65.4282],[22.3757,65.4307],[22.3879,65.4337],[22.4104,65.4413],[22.4178,65.4499],[22.4081,65.4553]],[[22.1536,65.4304],[22.2014,65.4255],[22.2107,65.4232],[22.2199,65.4199],[22.2317,65.4181],[22.2332,65.4239],[22.2317,65.4315],[22.2272,65.4367],[22.2168,65.442],[22.2066,65.4502],[22.2072,65.4561],[22.2153,65.46],[22.2102,65.4658],[22.174,65.4743],[22.1566,65.4744],[22.1473,65.4687],[22.1472,65.4584],[22.1441,65.4545],[22.1426,65.4458],[22.1483,65.4346],[22.1536,65.4304]],[[22.5949,65.5283],[22.5866,65.529],[22.5772,65.5331],[22.5589,65.5383],[22.553,65.5301],[22.5676,65.5169],[22.5884,65.5121],[22.6047,65.5103],[22.6143,65.5119],[22.6172,65.5175],[22.6105,65.524],[22.5949,65.5283]],[[22.2188,65.5068],[22.2658,65.4818],[22.2801,65.4782],[22.2855,65.4792],[22.2835,65.4831],[22.2727,65.4912],[22.2705,65.4969],[22.2708,65.5002],[22.2743,65.5013],[22.2705,65.5098],[22.2788,65.5133],[22.2932,65.5114],[22.3078,65.5067],[22.3211,65.5002],[22.3327,65.4916],[22.3441,65.4904],[22.3582,65.4951],[22.3587,65.504],[22.3363,65.5129],[22.3268,65.5206],[22.3186,65.524],[22.3113,65.5229],[22.3034,65.523],[22.2264,65.5439],[22.2114,65.5451],[22.198,65.542],[22.1868,65.5378],[22.1932,65.5258],[22.2188,65.5068]],[[22.578,65.5828],[22.5607,65.5808],[22.5464,65.5818],[22.5359,65.5814],[22.5291,65.5762],[22.5335,65.5678],[22.5393,65.5637],[22.5696,65.555],[22.5763,65.5542],[22.572,65.5576],[22.5754,65.5582],[22.5868,65.5551],[22.5974,65.5539],[22.6062,65.5575],[22.6122,65.5638],[22.6139,65.5714],[22.6214,65.5761],[22.6375,65.5797],[22.6414,65.5891],[22.6258,65.5934],[22.578,65.5828]],[[22.5702,65.5948],[22.5891,65.5937],[22.6045,65.6003],[22.5951,65.613],[22.5681,65.6125],[22.5545,65.6054],[22.5586,65.601],[22.5702,65.5948]],[[22.9627,65.7163],[22.946,65.7216],[22.9448,65.7246],[22.9597,65.7253],[22.9562,65.7332],[22.93,65.7419],[22.9046,65.7427],[22.8862,65.7374],[22.8822,65.7204],[22.8991,65.7014],[22.9273,65.6845],[22.9573,65.6709],[22.9719,65.6671],[22.9629,65.682],[22.9609,65.6901],[22.964,65.6956],[22.971,65.6955],[22.9819,65.6936],[22.9851,65.7003],[22.9769,65.7099],[22.9627,65.7163]],[[23.7972,65.7537],[23.7927,65.7539],[23.7901,65.7471],[23.787,65.7436],[23.7815,65.7484],[23.7752,65.7496],[23.7651,65.7442],[23.7537,65.7413],[23.7417,65.7423],[23.7298,65.7453],[23.7192,65.7507],[23.7136,65.7519],[23.7107,65.7402],[23.7048,65.736],[23.6966,65.7396],[23.6896,65.7484],[23.6817,65.7431],[23.6815,65.7217],[23.6999,65.7075],[23.7383,65.6967],[23.7739,65.7112],[23.7847,65.7182],[23.7832,65.7211],[23.7863,65.7247],[23.7928,65.7285],[23.7995,65.7348],[23.8027,65.7437],[23.8008,65.7498],[23.7972,65.7537]],[[22.7411,65.7136],[22.7605,65.7085],[22.8054,65.7052],[22.8114,65.7141],[22.8024,65.7348],[22.7908,65.7503],[22.7468,65.7704],[22.7355,65.7663],[22.7319,65.7515],[22.7305,65.7386],[22.7262,65.73],[22.7258,65.724],[22.7324,65.7187],[22.7411,65.7136]],[[17.5471,69.0921],[17.4515,69.0849],[17.4197,69.0792],[17.3865,69.0635],[17.3644,69.0471],[17.3526,69.0347],[17.3488,69.0239],[17.3508,69.0163],[17.3494,69.0093],[17.3441,69.0032],[17.3519,68.9958],[17.3766,68.9893],[17.4011,68.9893],[17.419,68.9964],[17.4422,69.0168],[17.4579,69.0272],[17.4783,69.0346],[17.5012,69.0395],[17.5249,69.0479],[17.5389,69.0556],[17.5443,69.0605],[17.5472,69.0671],[17.5459,69.0746],[17.5513,69.0812],[17.5666,69.0859],[17.5721,69.0895],[17.5584,69.092],[17.5471,69.0921]],[[24.8369,71.0949],[24.8366,71.0996],[24.8169,71.0988],[24.8068,71.0974],[24.7883,71.093],[24.7793,71.0937],[24.773,71.0959],[24.7678,71.0993],[24.764,71.1047],[24.7449,71.1088],[24.7126,71.1076],[24.7095,71.0977],[24.7312,71.0837],[24.7391,71.0733],[24.7329,71.0686],[24.7207,71.0678],[24.7048,71.069],[24.702,71.0723],[24.7053,71.0785],[24.6934,71.0851],[24.6716,71.0881],[24.6463,71.0827],[24.619,71.0693],[24.6143,71.0566],[24.634,71.0488],[24.6707,71.0429],[24.6877,71.0382],[24.7048,71.0314],[24.722,71.0266],[24.756,71.0253],[24.77,71.0262],[24.7891,71.0471],[24.7891,71.053],[24.7766,71.0592],[24.7876,71.0678],[24.8187,71.0738],[24.826,71.0768],[24.8123,71.08],[24.8167,71.086],[24.8369,71.0949]],[[5.764,59.1179],[5.7391,59.1244],[5.721,59.1257],[5.6979,59.1202],[5.6775,59.1225],[5.6468,59.1307],[5.6348,59.1315],[5.6243,59.131],[5.6079,59.1344],[5.5936,59.1325],[5.5851,59.1272],[5.5752,59.124],[5.6016,59.1152],[5.667,59.1004],[5.7507,59.0723],[5.7748,59.0806],[5.7785,59.1014],[5.7759,59.1127],[5.764,59.1179]],[[5.4621,59.2109],[5.452,59.2221],[5.4392,59.2299],[5.4323,59.2327],[5.4255,59.2364],[5.4138,59.2408],[5.4038,59.2421],[5.3939,59.2404],[5.3851,59.2341],[5.3784,59.2268],[5.3753,59.2188],[5.3768,59.2072],[5.3848,59.1953],[5.396,59.1879],[5.4217,59.1778],[5.4274,59.1745],[5.432,59.1706],[5.4326,59.1672],[5.4307,59.1647],[5.4344,59.1611],[5.4432,59.1589],[5.4512,59.1635],[5.4646,59.1831],[5.4681,59.1967],[5.4663,59.2045],[5.4621,59.2109]],[[6.0164,59.2922],[5.9876,59.2908],[5.9525,59.2839],[5.9325,59.269],[5.9299,59.2435],[5.9582,59.2279],[6.0044,59.2308],[6.0563,59.2407],[6.0918,59.2614],[6.0999,59.2766],[6.0726,59.2851],[6.0164,59.2922]],[[22.4985,59.8776],[22.4881,59.8767],[22.4802,59.8743],[22.457,59.873],[22.4338,59.8668],[22.4277,59.8659],[22.4219,59.8657],[22.4138,59.8612],[22.416,59.8529],[22.4277,59.8495],[22.4437,59.8515],[22.5051,59.8687],[22.5129,59.8737],[22.5103,59.8763],[22.4985,59.8776]],[[20.2813,59.9766],[20.3019,59.999],[20.3394,60.0201],[20.3624,60.0177],[20.3985,60.0091],[20.4367,60.005],[20.4471,59.9952],[20.3986,59.9813],[20.3671,59.982],[20.3393,59.9802],[20.3248,59.9772],[20.3224,59.9627],[20.3066,59.9536],[20.2837,59.9585],[20.2813,59.9766]],[[20.0337,60.0636],[20.0682,60.0727],[20.1013,60.095],[20.13,60.0869],[20.1633,60.0878],[20.1932,60.0656],[20.2127,60.0359],[20.2225,60.0149],[20.2252,60.0055],[20.2118,59.9911],[20.1876,59.9764],[20.1751,59.9714],[20.184,59.9929],[20.1715,59.9988],[20.1518,59.9929],[20.1232,59.9889],[20.1053,59.9965],[20.1169,60.0054],[20.1213,60.0166],[20.1043,60.0282],[20.0783,60.0282],[20.0585,60.0394],[20.0253,60.0425],[20.0337,60.0636]],[[21.6004,60.2548],[21.5974,60.257],[21.6068,60.2607],[21.6047,60.2688],[21.5869,60.2694],[21.5711,60.2559],[21.5623,60.2399],[21.5635,60.2262],[21.5779,60.2216],[21.5874,60.2226],[21.5923,60.2217],[21.6017,60.2226],[21.6065,60.2283],[21.6101,60.2348],[21.6216,60.2431],[21.6267,60.2526],[21.6159,60.2552],[21.6004,60.2548]],[[21.0886,60.4801],[21.0846,60.4808],[21.0764,60.4804],[21.0643,60.4744],[21.0593,60.4667],[21.065,60.4548],[21.0784,60.449],[21.0882,60.4522],[21.0967,60.4634],[21.0947,60.4756],[21.0886,60.4801]],[[4.8459,60.6281],[4.8379,60.6305],[4.8294,60.6297],[4.8273,60.6314],[4.8309,60.6356],[4.8303,60.64],[4.8254,60.6436],[4.8239,60.6466],[4.824,60.6515],[4.8206,60.6564],[4.8101,60.6613],[4.8014,60.6672],[4.7913,60.6661],[4.7861,60.6561],[4.7861,60.6484],[4.7876,60.6442],[4.7884,60.6381],[4.791,60.6305],[4.7936,60.6179],[4.7949,60.6154],[4.792,60.6146],[4.7887,60.614],[4.7854,60.6158],[4.786,60.6118],[4.7908,60.6003],[4.7889,60.5975],[4.7795,60.5985],[4.7829,60.5928],[4.8018,60.5871],[4.821,60.5844],[4.8368,60.5867],[4.8439,60.5897],[4.8408,60.6068],[4.8447,60.6114],[4.8518,60.6142],[4.8516,60.6211],[4.8459,60.6281]],[[21.2595,60.8531],[21.252,60.8471],[21.2459,60.846],[21.242,60.8482],[21.2354,60.8486],[21.2266,60.8471],[21.2246,60.8503],[21.2215,60.859],[21.2066,60.8632],[21.1895,60.8605],[21.1863,60.8565],[21.1955,60.8522],[21.2012,60.8483],[21.2024,60.8449],[21.2053,60.8432],[21.2098,60.8453],[21.2502,60.833],[21.2632,60.8303],[21.2676,60.8378],[21.2673,60.8511],[21.2595,60.8531]],[[21.4219,61.1767],[21.3892,61.1922],[21.3858,61.201],[21.3914,61.2096],[21.3801,61.214],[21.3631,61.2086],[21.3568,61.2026],[21.3574,61.1998],[21.3535,61.1975],[21.3464,61.1963],[21.3429,61.1906],[21.3472,61.1819],[21.3498,61.178],[21.3482,61.1779],[21.3467,61.1776],[21.3524,61.176],[21.3694,61.1761],[21.3888,61.181],[21.4236,61.1721],[21.4317,61.1715],[21.4294,61.173],[21.4219,61.1767]],[[21.5213,61.634],[21.4845,61.6404],[21.471,61.6303],[21.46,61.6293],[21.4619,61.6262],[21.4784,61.6208],[21.501,61.6177],[21.5078,61.6181],[21.5105,61.6222],[21.5147,61.6249],[21.522,61.6254],[21.5261,61.6291],[21.5239,61.6331],[21.5213,61.634]],[[4.8363,61.6745],[4.8408,61.6696],[4.8482,61.665],[4.8533,61.6633],[4.8572,61.6616],[4.8654,61.6594],[4.8836,61.6643],[4.8921,61.6628],[4.8991,61.6594],[4.9024,61.6546],[4.9028,61.6525],[4.9048,61.6602],[4.9035,61.6762],[4.8958,61.6845],[4.8895,61.6885],[4.8843,61.6957],[4.8775,61.701],[4.8799,61.712],[4.8703,61.7147],[4.863,61.7082],[4.8582,61.7022],[4.8483,61.7016],[4.8387,61.6996],[4.8329,61.6958],[4.8303,61.69],[4.8319,61.6815],[4.8363,61.6745]],[[21.2085,62.9462],[21.2166,62.9471],[21.2219,62.9514],[21.2212,62.9614],[21.216,62.9752],[21.2074,62.9862],[21.1956,62.9944],[21.1847,62.9994],[21.1598,63.0043],[21.1551,63.0068],[21.1516,63.0103],[21.1452,63.0102],[21.1362,63.0066],[21.1304,63.0008],[21.1318,62.9928],[21.1404,62.9846],[21.1527,62.9797],[21.1594,62.9754],[21.1548,62.9676],[21.1506,62.9636],[21.1482,62.9655],[21.1419,62.9682],[21.1365,62.9672],[21.136,62.963],[21.1467,62.9533],[21.1681,62.946],[21.1829,62.9501],[21.1914,62.9539],[21.2085,62.9462]],[[14.4085,67.4258],[14.3992,67.4218],[14.3988,67.4238],[14.4035,67.4302],[14.4006,67.4366],[14.3899,67.4412],[14.3718,67.4411],[14.3094,67.4231],[14.2796,67.4086],[14.2693,67.4002],[14.2591,67.3955],[14.2489,67.3953],[14.2453,67.3926],[14.2485,67.3889],[14.229,67.3842],[14.2267,67.3773],[14.2389,67.374],[14.2561,67.3738],[14.2747,67.3768],[14.2842,67.3795],[14.3665,67.3909],[14.3921,67.3985],[14.4129,67.4131],[14.4192,67.4234],[14.4121,67.4253],[14.4085,67.4258]]]}}]}